scheme,scenario,rho_true,horizon,method,method_group,decision_rule,alpha,type_i_error,type_i_mc_se,type_ii_error,type_ii_mc_se,power,fixed_horizon_cutoff,boundary_randomization_probability,assumed_rho_model,delta_structure,rho_structure,n_calibration,n_evaluation_null,n_evaluation_alternative
gumbel,shared_delta_iid_null_replacement,0.0,100,h_ars,paper_score,fixed_horizon_mc_calibrated,0.05,0.0534,0.0031795735563122296,0.034599999999999964,0.002584679477227301,0.9654,116.741521021977,1.0,none (reference score),not_applicable,not_applicable,10000,5000,5000
gumbel,shared_delta_iid_null_replacement,0.0,300,h_ars,paper_score,fixed_horizon_mc_calibrated,0.05,0.0556,0.0032406369744233925,0.01539999999999997,0.0017414270010540189,0.9846,328.42232628333807,1.0,none (reference score),not_applicable,not_applicable,10000,5000,5000
gumbel,shared_delta_iid_null_replacement,0.0,700,h_ars,paper_score,fixed_horizon_mc_calibrated,0.05,0.0544,0.0032075111847038036,0.009399999999999964,0.0013646713890164155,0.9906,743.9873050107062,1.0,none (reference score),not_applicable,not_applicable,10000,5000,5000
gumbel,shared_delta_iid_null_replacement,0.0,100,h_log,paper_score,fixed_horizon_mc_calibrated,0.05,0.049,0.0030528347482299137,0.1612,0.005200279992461945,0.8388,-84.34773393867616,1.0,none (reference score),not_applicable,not_applicable,10000,5000,5000
gumbel,shared_delta_iid_null_replacement,0.0,300,h_log,paper_score,fixed_horizon_mc_calibrated,0.05,0.0484,0.0030350433275325743,0.09460000000000002,0.004138860712804914,0.9054,-271.9120771337723,1.0,none (reference score),not_applicable,not_applicable,10000,5000,5000
gumbel,shared_delta_iid_null_replacement,0.0,700,h_log,paper_score,fixed_horizon_mc_calibrated,0.05,0.0498,0.0030763601869742106,0.06220000000000003,0.003415586626042444,0.9378,-657.084788813401,1.0,none (reference score),not_applicable,not_applicable,10000,5000,5000
gumbel,shared_delta_iid_null_replacement,0.0,100,h_ind_1_over_e,paper_score,fixed_horizon_mc_calibrated,0.05,0.04852162162162162,0.0030386600289216232,0.22655675675675668,0.005919945822803051,0.7734432432432433,71.0,0.44594594594594594,none (reference score),not_applicable,not_applicable,10000,5000,5000
gumbel,shared_delta_iid_null_replacement,0.0,300,h_ind_1_over_e,paper_score,fixed_horizon_mc_calibrated,0.05,0.04863636363636364,0.0030420673157770537,0.12810454545454553,0.004726389126773838,0.8718954545454545,203.0,0.1590909090909091,none (reference score),not_applicable,not_applicable,10000,5000,5000
gumbel,shared_delta_iid_null_replacement,0.0,700,h_ind_1_over_e,paper_score,fixed_horizon_mc_calibrated,0.05,0.05075223880597015,0.003104076321940294,0.0813820895522388,0.003866756911220311,0.9186179104477612,463.0,0.14925373134328357,none (reference score),not_applicable,not_applicable,10000,5000,5000
gumbel,shared_delta_iid_null_replacement,0.0,100,h_gum_star_0.1,paper_score,fixed_horizon_mc_calibrated,0.05,0.0538,0.0031907854832313627,0.08860000000000001,0.0040187072548271046,0.9114,0.9229532046689128,1.0,none (reference score),not_applicable,not_applicable,10000,5000,5000
gumbel,shared_delta_iid_null_replacement,0.0,300,h_gum_star_0.1,paper_score,fixed_horizon_mc_calibrated,0.05,0.0504,0.0030938597253269257,0.04859999999999998,0.003040987997345599,0.9514,-1.9779365568707374,1.0,none (reference score),not_applicable,not_applicable,10000,5000,5000
gumbel,shared_delta_iid_null_replacement,0.0,700,h_gum_star_0.1,paper_score,fixed_horizon_mc_calibrated,0.05,0.0546,0.003213062090903318,0.030399999999999983,0.0024279967051048477,0.9696,-10.121958734597442,1.0,none (reference score),not_applicable,not_applicable,10000,5000,5000
gumbel,shared_delta_iid_null_replacement,0.0,100,h_gum_star_0.01,paper_score,fixed_horizon_mc_calibrated,0.05,0.0524,0.003151324800778238,0.03600000000000003,0.002634539808012019,0.964,0.8500664249199585,1.0,none (reference score),not_applicable,not_applicable,10000,5000,5000
gumbel,shared_delta_iid_null_replacement,0.0,300,h_gum_star_0.01,paper_score,fixed_horizon_mc_calibrated,0.05,0.057,0.0032787497617232093,0.01639999999999997,0.0017961648031291546,0.9836,1.1337623423913146,1.0,none (reference score),not_applicable,not_applicable,10000,5000,5000
gumbel,shared_delta_iid_null_replacement,0.0,700,h_gum_star_0.01,paper_score,fixed_horizon_mc_calibrated,0.05,0.051,0.003111237695837462,0.008600000000000052,0.0013058361306075162,0.9914,1.2976322048488296,1.0,none (reference score),not_applicable,not_applicable,10000,5000,5000
gumbel,shared_delta_iid_null_replacement,0.0,100,h_gum_star_0.005,paper_score,fixed_horizon_mc_calibrated,0.05,0.0502,0.003088040155179333,0.02839999999999998,0.0023491887961592183,0.9716,0.669289412890639,1.0,none (reference score),not_applicable,not_applicable,10000,5000,5000
gumbel,shared_delta_iid_null_replacement,0.0,300,h_gum_star_0.005,paper_score,fixed_horizon_mc_calibrated,0.05,0.0512,0.0031170036894427955,0.011399999999999966,0.001501335405563991,0.9886,0.938135888232902,1.0,none (reference score),not_applicable,not_applicable,10000,5000,5000
gumbel,shared_delta_iid_null_replacement,0.0,700,h_gum_star_0.005,paper_score,fixed_horizon_mc_calibrated,0.05,0.0524,0.003151324800778238,0.006199999999999983,0.0011100954913880142,0.9938,1.2064821198578646,1.0,none (reference score),not_applicable,not_applicable,10000,5000,5000
gumbel,shared_delta_iid_null_replacement,0.0,100,bayes_tokenwise_clean,bayes_tokenwise_sensitivity,fixed_horizon_mc_calibrated,0.05,0.0534,0.0031795735563122296,0.022399999999999975,0.002092760855903033,0.9776,-25.639260256736588,1.0,fixed rho=0,tokenwise,fixed_zero,10000,5000,5000
gumbel,shared_delta_iid_null_replacement,0.0,300,bayes_tokenwise_clean,bayes_tokenwise_sensitivity,fixed_horizon_mc_calibrated,0.05,0.0436,0.0028878725733660756,0.010600000000000054,0.0014482845024372838,0.9894,-83.67352537145462,1.0,fixed rho=0,tokenwise,fixed_zero,10000,5000,5000
gumbel,shared_delta_iid_null_replacement,0.0,700,bayes_tokenwise_clean,bayes_tokenwise_sensitivity,fixed_horizon_mc_calibrated,0.05,0.052,0.003139936305086458,0.0050000000000000044,0.0009974968671630005,0.995,-204.08116249667228,1.0,fixed rho=0,tokenwise,fixed_zero,10000,5000,5000
gumbel,shared_delta_iid_null_replacement,0.0,100,bayes_tokenwise_robust,bayes_tokenwise_sensitivity,fixed_horizon_mc_calibrated,0.05,0.053,0.003168311853337673,0.020000000000000018,0.001979898987322334,0.98,-19.549582603394782,1.0,tokenwise prior; equivalent fixed mean rho=0.16875,tokenwise,tokenwise_collapses_to_prior_mean,10000,5000,5000
gumbel,shared_delta_iid_null_replacement,0.0,300,bayes_tokenwise_robust,bayes_tokenwise_sensitivity,fixed_horizon_mc_calibrated,0.05,0.0446,0.0029192752525241603,0.008600000000000052,0.0013058361306075162,0.9914,-64.86027191354007,1.0,tokenwise prior; equivalent fixed mean rho=0.16875,tokenwise,tokenwise_collapses_to_prior_mean,10000,5000,5000
gumbel,shared_delta_iid_null_replacement,0.0,700,bayes_tokenwise_robust,bayes_tokenwise_sensitivity,fixed_horizon_mc_calibrated,0.05,0.053,0.003168311853337673,0.0040000000000000036,0.0008926365441768563,0.996,-158.72718965266338,1.0,tokenwise prior; equivalent fixed mean rho=0.16875,tokenwise,tokenwise_collapses_to_prior_mean,10000,5000,5000
gumbel,shared_delta_iid_null_replacement,0.0,100,bayes_shared_clean,bayes_shared,fixed_horizon_mc_calibrated,0.05,0.0518,0.003134222710657301,0.01759999999999995,0.0018595827488982549,0.9824,-3.820224419530269,1.0,fixed rho=0,document_shared,fixed_zero,10000,5000,5000
gumbel,shared_delta_iid_null_replacement,0.0,300,bayes_shared_clean,bayes_shared,fixed_horizon_mc_calibrated,0.05,0.05,0.0030822070014844883,0.0036000000000000476,0.0008469994096810277,0.9964,-5.168044826821097,1.0,fixed rho=0,document_shared,fixed_zero,10000,5000,5000
gumbel,shared_delta_iid_null_replacement,0.0,700,bayes_shared_clean,bayes_shared,fixed_horizon_mc_calibrated,0.05,0.0488,0.00304691844328003,0.0013999999999999568,0.000528779727296718,0.9986,-6.424084450622298,1.0,fixed rho=0,document_shared,fixed_zero,10000,5000,5000
gumbel,shared_delta_iid_null_replacement,0.0,100,bayes_shared_robust,bayes_shared,fixed_horizon_mc_calibrated,0.05,0.0502,0.003088040155179333,0.018000000000000016,0.0018802127539190886,0.982,-3.4855179614509093,1.0,shared spike-and-grid prior,document_shared,document_shared,10000,5000,5000
gumbel,shared_delta_iid_null_replacement,0.0,300,bayes_shared_robust,bayes_shared,fixed_horizon_mc_calibrated,0.05,0.047,0.002993025225419926,0.0040000000000000036,0.0008926365441768563,0.996,-4.786814714788472,1.0,shared spike-and-grid prior,document_shared,document_shared,10000,5000,5000
gumbel,shared_delta_iid_null_replacement,0.0,700,bayes_shared_robust,bayes_shared,fixed_horizon_mc_calibrated,0.05,0.0518,0.003134222710657301,0.0013999999999999568,0.000528779727296718,0.9986,-5.937157856593611,1.0,shared spike-and-grid prior,document_shared,document_shared,10000,5000,5000
gumbel,shared_delta_iid_null_replacement,0.0,100,bayes_shared_rho0_0.1,bayes_shared_point_mass_diagnostic,fixed_horizon_mc_calibrated,0.05,0.0514,0.0031227564746550444,0.01759999999999995,0.0018595827488982549,0.9824,-3.7024534744349906,1.0,fixed rho=0.1 (point mass diagnostic),document_shared,fixed_point_mass,10000,5000,5000
gumbel,shared_delta_iid_null_replacement,0.0,300,bayes_shared_rho0_0.1,bayes_shared_point_mass_diagnostic,fixed_horizon_mc_calibrated,0.05,0.0508,0.0031054584202658392,0.0038000000000000256,0.0008701218305501851,0.9962,-5.033787871634067,1.0,fixed rho=0.1 (point mass diagnostic),document_shared,fixed_point_mass,10000,5000,5000
gumbel,shared_delta_iid_null_replacement,0.0,700,bayes_shared_rho0_0.1,bayes_shared_point_mass_diagnostic,fixed_horizon_mc_calibrated,0.05,0.0488,0.00304691844328003,0.0013999999999999568,0.000528779727296718,0.9986,-6.24991864467749,1.0,fixed rho=0.1 (point mass diagnostic),document_shared,fixed_point_mass,10000,5000,5000
gumbel,shared_delta_iid_null_replacement,0.0,100,bayes_shared_rho0_0.15,bayes_shared_point_mass_diagnostic,fixed_horizon_mc_calibrated,0.05,0.0516,0.0031284961243383375,0.01759999999999995,0.0018595827488982549,0.9824,-3.639632109662916,1.0,fixed rho=0.15 (point mass diagnostic),document_shared,fixed_point_mass,10000,5000,5000
gumbel,shared_delta_iid_null_replacement,0.0,300,bayes_shared_rho0_0.15,bayes_shared_point_mass_diagnostic,fixed_horizon_mc_calibrated,0.05,0.0514,0.0031227564746550444,0.0038000000000000256,0.0008701218305501851,0.9962,-4.96180471461423,1.0,fixed rho=0.15 (point mass diagnostic),document_shared,fixed_point_mass,10000,5000,5000
gumbel,shared_delta_iid_null_replacement,0.0,700,bayes_shared_rho0_0.15,bayes_shared_point_mass_diagnostic,fixed_horizon_mc_calibrated,0.05,0.0488,0.00304691844328003,0.0013999999999999568,0.000528779727296718,0.9986,-6.158563029464375,1.0,fixed rho=0.15 (point mass diagnostic),document_shared,fixed_point_mass,10000,5000,5000
gumbel,shared_delta_iid_null_replacement,0.0,100,bayes_shared_rho0_0.25,bayes_shared_point_mass_diagnostic,fixed_horizon_mc_calibrated,0.05,0.0524,0.003151324800778238,0.01759999999999995,0.0018595827488982549,0.9824,-3.5000222970503585,1.0,fixed rho=0.25 (point mass diagnostic),document_shared,fixed_point_mass,10000,5000,5000
gumbel,shared_delta_iid_null_replacement,0.0,300,bayes_shared_rho0_0.25,bayes_shared_point_mass_diagnostic,fixed_horizon_mc_calibrated,0.05,0.0498,0.0030763601869742106,0.0038000000000000256,0.0008701218305501851,0.9962,-4.8042878351286395,1.0,fixed rho=0.25 (point mass diagnostic),document_shared,fixed_point_mass,10000,5000,5000
gumbel,shared_delta_iid_null_replacement,0.0,700,bayes_shared_rho0_0.25,bayes_shared_point_mass_diagnostic,fixed_horizon_mc_calibrated,0.05,0.0502,0.003088040155179333,0.0013999999999999568,0.000528779727296718,0.9986,-5.964705326355851,1.0,fixed rho=0.25 (point mass diagnostic),document_shared,fixed_point_mass,10000,5000,5000
gumbel,shared_delta_iid_null_replacement,0.0,100,bayes_shared_rho0_0.4,bayes_shared_point_mass_diagnostic,fixed_horizon_mc_calibrated,0.05,0.0514,0.0031227564746550444,0.018000000000000016,0.0018802127539190886,0.982,-3.2504749057945466,1.0,fixed rho=0.4 (point mass diagnostic),document_shared,fixed_point_mass,10000,5000,5000
gumbel,shared_delta_iid_null_replacement,0.0,300,bayes_shared_rho0_0.4,bayes_shared_point_mass_diagnostic,fixed_horizon_mc_calibrated,0.05,0.0486,0.0030409879973455995,0.0040000000000000036,0.0008926365441768563,0.996,-4.526941585114295,1.0,fixed rho=0.4 (point mass diagnostic),document_shared,fixed_point_mass,10000,5000,5000
gumbel,shared_delta_iid_null_replacement,0.0,700,bayes_shared_rho0_0.4,bayes_shared_point_mass_diagnostic,fixed_horizon_mc_calibrated,0.05,0.0532,0.003173948959892077,0.0013999999999999568,0.000528779727296718,0.9986,-5.630229658490547,1.0,fixed rho=0.4 (point mass diagnostic),document_shared,fixed_point_mass,10000,5000,5000
gumbel,shared_delta_iid_null_replacement,0.0,100,bayes_shared_rho0_0.5,bayes_shared_point_mass_diagnostic,fixed_horizon_mc_calibrated,0.05,0.0494,0.003064625262572897,0.018199999999999994,0.0018904369865192542,0.9818,-3.0451984376416052,1.0,fixed rho=0.5 (point mass diagnostic),document_shared,fixed_point_mass,10000,5000,5000
gumbel,shared_delta_iid_null_replacement,0.0,300,bayes_shared_rho0_0.5,bayes_shared_point_mass_diagnostic,fixed_horizon_mc_calibrated,0.05,0.046,0.002962566454950842,0.0040000000000000036,0.0008926365441768563,0.996,-4.2943340942844,1.0,fixed rho=0.5 (point mass diagnostic),document_shared,fixed_point_mass,10000,5000,5000
gumbel,shared_delta_iid_null_replacement,0.0,700,bayes_shared_rho0_0.5,bayes_shared_point_mass_diagnostic,fixed_horizon_mc_calibrated,0.05,0.0502,0.003088040155179333,0.0013999999999999568,0.000528779727296718,0.9986,-5.355803129326914,1.0,fixed rho=0.5 (point mass diagnostic),document_shared,fixed_point_mass,10000,5000,5000
gumbel,shared_delta_iid_null_replacement,0.0,100,bayes_shared_rho0_0.6,bayes_shared_point_mass_diagnostic,fixed_horizon_mc_calibrated,0.05,0.0492,0.0030587369942510585,0.018199999999999994,0.0018904369865192542,0.9818,-2.783160986208609,1.0,fixed rho=0.6 (point mass diagnostic),document_shared,fixed_point_mass,10000,5000,5000
gumbel,shared_delta_iid_null_replacement,0.0,300,bayes_shared_rho0_0.6,bayes_shared_point_mass_diagnostic,fixed_horizon_mc_calibrated,0.05,0.0468,0.0029869636757081596,0.0040000000000000036,0.0008926365441768563,0.996,-3.993511381863187,1.0,fixed rho=0.6 (point mass diagnostic),document_shared,fixed_point_mass,10000,5000,5000
gumbel,shared_delta_iid_null_replacement,0.0,700,bayes_shared_rho0_0.6,bayes_shared_point_mass_diagnostic,fixed_horizon_mc_calibrated,0.05,0.0492,0.0030587369942510585,0.0013999999999999568,0.000528779727296718,0.9986,-4.939510628545985,1.0,fixed rho=0.6 (point mass diagnostic),document_shared,fixed_point_mass,10000,5000,5000
gumbel,shared_delta_iid_null_replacement,0.0,100,trgof_s2,trgof,fixed_horizon_mc_calibrated,0.05,0.0538,0.0031907854832313627,0.06940000000000002,0.0035939849749268573,0.9306,4.596557053637567,1.0,"none (Tr-GoF competitor, s=2; robust to null-like edits by construction rather than by a rho model)",not_applicable,not_applicable,10000,5000,5000
gumbel,shared_delta_iid_null_replacement,0.0,300,trgof_s2,trgof,fixed_horizon_mc_calibrated,0.05,0.0528,0.003162662169755094,0.025599999999999956,0.0022335908309267373,0.9744,4.86509760988661,1.0,"none (Tr-GoF competitor, s=2; robust to null-like edits by construction rather than by a rho model)",not_applicable,not_applicable,10000,5000,5000
gumbel,shared_delta_iid_null_replacement,0.0,700,trgof_s2,trgof,fixed_horizon_mc_calibrated,0.05,0.0514,0.0031227564746550444,0.010000000000000009,0.0014071247279470295,0.99,5.2149727084049005,1.0,"none (Tr-GoF competitor, s=2; robust to null-like edits by construction rather than by a rho model)",not_applicable,not_applicable,10000,5000,5000
gumbel,shared_delta_iid_null_replacement,0.0,100,bayes_shared_dirichlet_clean,bayes_shared_dirichlet,fixed_horizon_mc_calibrated,0.05,0.0518,0.003134222710657301,0.018199999999999994,0.0018904369865192542,0.9818,-3.4948435425765316,1.0,fixed rho=0,document_shared_plus_dirichlet_tail_prior,fixed_zero,10000,5000,5000
gumbel,shared_delta_iid_null_replacement,0.0,300,bayes_shared_dirichlet_clean,bayes_shared_dirichlet,fixed_horizon_mc_calibrated,0.05,0.0462,0.002968688599365046,0.0040000000000000036,0.0008926365441768563,0.996,-4.687204322930492,1.0,fixed rho=0,document_shared_plus_dirichlet_tail_prior,fixed_zero,10000,5000,5000
gumbel,shared_delta_iid_null_replacement,0.0,700,bayes_shared_dirichlet_clean,bayes_shared_dirichlet,fixed_horizon_mc_calibrated,0.05,0.0502,0.003088040155179333,0.0013999999999999568,0.000528779727296718,0.9986,-5.709947554845691,1.0,fixed rho=0,document_shared_plus_dirichlet_tail_prior,fixed_zero,10000,5000,5000
gumbel,shared_delta_iid_null_replacement,0.0,100,bayes_shared_dirichlet_robust,bayes_shared_dirichlet,fixed_horizon_mc_calibrated,0.05,0.0518,0.003134222710657301,0.018199999999999994,0.0018904369865192542,0.9818,-3.0106109571856434,1.0,shared spike-and-grid prior,document_shared_plus_dirichlet_tail_prior,document_shared,10000,5000,5000
gumbel,shared_delta_iid_null_replacement,0.0,300,bayes_shared_dirichlet_robust,bayes_shared_dirichlet,fixed_horizon_mc_calibrated,0.05,0.0454,0.002944107334999864,0.0040000000000000036,0.0008926365441768563,0.996,-4.131083093596716,1.0,shared spike-and-grid prior,document_shared_plus_dirichlet_tail_prior,document_shared,10000,5000,5000
gumbel,shared_delta_iid_null_replacement,0.0,700,bayes_shared_dirichlet_robust,bayes_shared_dirichlet,fixed_horizon_mc_calibrated,0.05,0.0492,0.0030587369942510585,0.0013999999999999568,0.000528779727296718,0.9986,-5.06697184508435,1.0,shared spike-and-grid prior,document_shared_plus_dirichlet_tail_prior,document_shared,10000,5000,5000
gumbel,shared_delta_iid_null_replacement,0.0,100,bayes_shared_uniontail_clean,bayes_shared_uniontail,fixed_horizon_mc_calibrated,0.05,0.049,0.0030528347482299137,0.01759999999999995,0.0018595827488982549,0.9824,-1.4107859963043659,1.0,fixed rho=0,document_shared_plus_tail_width_prior,fixed_zero,10000,5000,5000
gumbel,shared_delta_iid_null_replacement,0.0,300,bayes_shared_uniontail_clean,bayes_shared_uniontail,fixed_horizon_mc_calibrated,0.05,0.051,0.003111237695837462,0.0038000000000000256,0.0008701218305501851,0.9962,-2.389933881620213,1.0,fixed rho=0,document_shared_plus_tail_width_prior,fixed_zero,10000,5000,5000
gumbel,shared_delta_iid_null_replacement,0.0,700,bayes_shared_uniontail_clean,bayes_shared_uniontail,fixed_horizon_mc_calibrated,0.05,0.0588,0.0033269373303385203,0.0013999999999999568,0.000528779727296718,0.9986,-3.1571549589332024,1.0,fixed rho=0,document_shared_plus_tail_width_prior,fixed_zero,10000,5000,5000
gumbel,shared_delta_iid_null_replacement,0.0,100,bayes_shared_uniontail_robust,bayes_shared_uniontail,fixed_horizon_mc_calibrated,0.05,0.0484,0.0030350433275325743,0.01739999999999997,0.0018491749511606505,0.9826,-0.9599950671428967,1.0,shared spike-and-grid prior,document_shared_plus_tail_width_prior,document_shared,10000,5000,5000
gumbel,shared_delta_iid_null_replacement,0.0,300,bayes_shared_uniontail_robust,bayes_shared_uniontail,fixed_horizon_mc_calibrated,0.05,0.0518,0.003134222710657301,0.0036000000000000476,0.0008469994096810277,0.9964,-1.8519266240473726,1.0,shared spike-and-grid prior,document_shared_plus_tail_width_prior,document_shared,10000,5000,5000
gumbel,shared_delta_iid_null_replacement,0.0,700,bayes_shared_uniontail_robust,bayes_shared_uniontail,fixed_horizon_mc_calibrated,0.05,0.0538,0.0031907854832313627,0.0013999999999999568,0.000528779727296718,0.9986,-2.57642867604967,1.0,shared spike-and-grid prior,document_shared_plus_tail_width_prior,document_shared,10000,5000,5000
gumbel,shared_delta_iid_null_replacement,0.1,100,h_ars,paper_score,fixed_horizon_mc_calibrated,0.05,0.0534,0.0031795735563122296,0.04039999999999999,0.0027845229393919525,0.9596,116.741521021977,1.0,none (reference score),not_applicable,not_applicable,10000,5000,5000
gumbel,shared_delta_iid_null_replacement,0.1,300,h_ars,paper_score,fixed_horizon_mc_calibrated,0.05,0.0556,0.0032406369744233925,0.01739999999999997,0.0018491749511606505,0.9826,328.42232628333807,1.0,none (reference score),not_applicable,not_applicable,10000,5000,5000
gumbel,shared_delta_iid_null_replacement,0.1,700,h_ars,paper_score,fixed_horizon_mc_calibrated,0.05,0.0544,0.0032075111847038036,0.010399999999999965,0.001434701362653564,0.9896,743.9873050107062,1.0,none (reference score),not_applicable,not_applicable,10000,5000,5000
gumbel,shared_delta_iid_null_replacement,0.1,100,h_log,paper_score,fixed_horizon_mc_calibrated,0.05,0.049,0.0030528347482299137,0.17879999999999996,0.005419050839399829,0.8212,-84.34773393867616,1.0,none (reference score),not_applicable,not_applicable,10000,5000,5000
gumbel,shared_delta_iid_null_replacement,0.1,300,h_log,paper_score,fixed_horizon_mc_calibrated,0.05,0.0484,0.0030350433275325743,0.10880000000000001,0.004403692995657168,0.8912,-271.9120771337723,1.0,none (reference score),not_applicable,not_applicable,10000,5000,5000
gumbel,shared_delta_iid_null_replacement,0.1,700,h_log,paper_score,fixed_horizon_mc_calibrated,0.05,0.0498,0.0030763601869742106,0.0696,0.003598773124274438,0.9304,-657.084788813401,1.0,none (reference score),not_applicable,not_applicable,10000,5000,5000
gumbel,shared_delta_iid_null_replacement,0.1,100,h_ind_1_over_e,paper_score,fixed_horizon_mc_calibrated,0.05,0.04852162162162162,0.0030386600289216232,0.2507270270270271,0.006129649010265034,0.7492729729729729,71.0,0.44594594594594594,none (reference score),not_applicable,not_applicable,10000,5000,5000
gumbel,shared_delta_iid_null_replacement,0.1,300,h_ind_1_over_e,paper_score,fixed_horizon_mc_calibrated,0.05,0.04863636363636364,0.0030420673157770537,0.1439954545454546,0.004965093425419153,0.8560045454545454,203.0,0.1590909090909091,none (reference score),not_applicable,not_applicable,10000,5000,5000
gumbel,shared_delta_iid_null_replacement,0.1,700,h_ind_1_over_e,paper_score,fixed_horizon_mc_calibrated,0.05,0.05075223880597015,0.003104076321940294,0.09134328358208954,0.004074302102852255,0.9086567164179105,463.0,0.14925373134328357,none (reference score),not_applicable,not_applicable,10000,5000,5000
gumbel,shared_delta_iid_null_replacement,0.1,100,h_gum_star_0.1,paper_score,fixed_horizon_mc_calibrated,0.05,0.0538,0.0031907854832313627,0.10199999999999998,0.004280093456923575,0.898,0.9229532046689128,1.0,none (reference score),not_applicable,not_applicable,10000,5000,5000
gumbel,shared_delta_iid_null_replacement,0.1,300,h_gum_star_0.1,paper_score,fixed_horizon_mc_calibrated,0.05,0.0504,0.0030938597253269257,0.05500000000000005,0.003224127789030703,0.945,-1.9779365568707374,1.0,none (reference score),not_applicable,not_applicable,10000,5000,5000
gumbel,shared_delta_iid_null_replacement,0.1,700,h_gum_star_0.1,paper_score,fixed_horizon_mc_calibrated,0.05,0.0546,0.003213062090903318,0.03380000000000005,0.0025556822963741033,0.9662,-10.121958734597442,1.0,none (reference score),not_applicable,not_applicable,10000,5000,5000
gumbel,shared_delta_iid_null_replacement,0.1,100,h_gum_star_0.01,paper_score,fixed_horizon_mc_calibrated,0.05,0.0524,0.003151324800778238,0.04179999999999995,0.0028302918577418814,0.9582,0.8500664249199585,1.0,none (reference score),not_applicable,not_applicable,10000,5000,5000
gumbel,shared_delta_iid_null_replacement,0.1,300,h_gum_star_0.01,paper_score,fixed_horizon_mc_calibrated,0.05,0.057,0.0032787497617232093,0.017800000000000038,0.0018699283408729886,0.9822,1.1337623423913146,1.0,none (reference score),not_applicable,not_applicable,10000,5000,5000
gumbel,shared_delta_iid_null_replacement,0.1,700,h_gum_star_0.01,paper_score,fixed_horizon_mc_calibrated,0.05,0.051,0.003111237695837462,0.010600000000000054,0.0014482845024372838,0.9894,1.2976322048488296,1.0,none (reference score),not_applicable,not_applicable,10000,5000,5000
gumbel,shared_delta_iid_null_replacement,0.1,100,h_gum_star_0.005,paper_score,fixed_horizon_mc_calibrated,0.05,0.0502,0.003088040155179333,0.031399999999999983,0.002466334932648037,0.9686,0.669289412890639,1.0,none (reference score),not_applicable,not_applicable,10000,5000,5000
gumbel,shared_delta_iid_null_replacement,0.1,300,h_gum_star_0.005,paper_score,fixed_horizon_mc_calibrated,0.05,0.0512,0.0031170036894427955,0.012199999999999989,0.0015524921899964577,0.9878,0.938135888232902,1.0,none (reference score),not_applicable,not_applicable,10000,5000,5000
gumbel,shared_delta_iid_null_replacement,0.1,700,h_gum_star_0.005,paper_score,fixed_horizon_mc_calibrated,0.05,0.0524,0.003151324800778238,0.008399999999999963,0.0012906928372002353,0.9916,1.2064821198578646,1.0,none (reference score),not_applicable,not_applicable,10000,5000,5000
gumbel,shared_delta_iid_null_replacement,0.1,100,bayes_tokenwise_clean,bayes_tokenwise_sensitivity,fixed_horizon_mc_calibrated,0.05,0.0534,0.0031795735563122296,0.0252,0.0022165270131446627,0.9748,-25.639260256736588,1.0,fixed rho=0,tokenwise,fixed_zero,10000,5000,5000
gumbel,shared_delta_iid_null_replacement,0.1,300,bayes_tokenwise_clean,bayes_tokenwise_sensitivity,fixed_horizon_mc_calibrated,0.05,0.0436,0.0028878725733660756,0.011399999999999966,0.001501335405563991,0.9886,-83.67352537145462,1.0,fixed rho=0,tokenwise,fixed_zero,10000,5000,5000
gumbel,shared_delta_iid_null_replacement,0.1,700,bayes_tokenwise_clean,bayes_tokenwise_sensitivity,fixed_horizon_mc_calibrated,0.05,0.052,0.003139936305086458,0.005600000000000049,0.0010553331227626706,0.9944,-204.08116249667228,1.0,fixed rho=0,tokenwise,fixed_zero,10000,5000,5000
gumbel,shared_delta_iid_null_replacement,0.1,100,bayes_tokenwise_robust,bayes_tokenwise_sensitivity,fixed_horizon_mc_calibrated,0.05,0.053,0.003168311853337673,0.023599999999999954,0.002146766871367264,0.9764,-19.549582603394782,1.0,tokenwise prior; equivalent fixed mean rho=0.16875,tokenwise,tokenwise_collapses_to_prior_mean,10000,5000,5000
gumbel,shared_delta_iid_null_replacement,0.1,300,bayes_tokenwise_robust,bayes_tokenwise_sensitivity,fixed_horizon_mc_calibrated,0.05,0.0446,0.0029192752525241603,0.010199999999999987,0.0014209827585160903,0.9898,-64.86027191354007,1.0,tokenwise prior; equivalent fixed mean rho=0.16875,tokenwise,tokenwise_collapses_to_prior_mean,10000,5000,5000
gumbel,shared_delta_iid_null_replacement,0.1,700,bayes_tokenwise_robust,bayes_tokenwise_sensitivity,fixed_horizon_mc_calibrated,0.05,0.053,0.003168311853337673,0.005199999999999982,0.001017148956643026,0.9948,-158.72718965266338,1.0,tokenwise prior; equivalent fixed mean rho=0.16875,tokenwise,tokenwise_collapses_to_prior_mean,10000,5000,5000
gumbel,shared_delta_iid_null_replacement,0.1,100,bayes_shared_clean,bayes_shared,fixed_horizon_mc_calibrated,0.05,0.0518,0.003134222710657301,0.01859999999999995,0.0019107087690174007,0.9814,-3.820224419530269,1.0,fixed rho=0,document_shared,fixed_zero,10000,5000,5000
gumbel,shared_delta_iid_null_replacement,0.1,300,bayes_shared_clean,bayes_shared,fixed_horizon_mc_calibrated,0.05,0.05,0.0030822070014844883,0.0046000000000000485,0.000956957679315031,0.9954,-5.168044826821097,1.0,fixed rho=0,document_shared,fixed_zero,10000,5000,5000
gumbel,shared_delta_iid_null_replacement,0.1,700,bayes_shared_clean,bayes_shared,fixed_horizon_mc_calibrated,0.05,0.0488,0.00304691844328003,0.0016000000000000458,0.0005652326954449903,0.9984,-6.424084450622298,1.0,fixed rho=0,document_shared,fixed_zero,10000,5000,5000
gumbel,shared_delta_iid_null_replacement,0.1,100,bayes_shared_robust,bayes_shared,fixed_horizon_mc_calibrated,0.05,0.0502,0.003088040155179333,0.019000000000000017,0.0019307511491644912,0.981,-3.4855179614509093,1.0,shared spike-and-grid prior,document_shared,document_shared,10000,5000,5000
gumbel,shared_delta_iid_null_replacement,0.1,300,bayes_shared_robust,bayes_shared,fixed_horizon_mc_calibrated,0.05,0.047,0.002993025225419926,0.0048000000000000265,0.0009774415583552836,0.9952,-4.786814714788472,1.0,shared spike-and-grid prior,document_shared,document_shared,10000,5000,5000
gumbel,shared_delta_iid_null_replacement,0.1,700,bayes_shared_robust,bayes_shared,fixed_horizon_mc_calibrated,0.05,0.0518,0.003134222710657301,0.0016000000000000458,0.0005652326954449903,0.9984,-5.937157856593611,1.0,shared spike-and-grid prior,document_shared,document_shared,10000,5000,5000
gumbel,shared_delta_iid_null_replacement,0.1,100,bayes_shared_rho0_0.1,bayes_shared_point_mass_diagnostic,fixed_horizon_mc_calibrated,0.05,0.0514,0.0031227564746550444,0.01859999999999995,0.0019107087690174007,0.9814,-3.7024534744349906,1.0,fixed rho=0.1 (point mass diagnostic),document_shared,fixed_point_mass,10000,5000,5000
gumbel,shared_delta_iid_null_replacement,0.1,300,bayes_shared_rho0_0.1,bayes_shared_point_mass_diagnostic,fixed_horizon_mc_calibrated,0.05,0.0508,0.0031054584202658392,0.0046000000000000485,0.000956957679315031,0.9954,-5.033787871634067,1.0,fixed rho=0.1 (point mass diagnostic),document_shared,fixed_point_mass,10000,5000,5000
gumbel,shared_delta_iid_null_replacement,0.1,700,bayes_shared_rho0_0.1,bayes_shared_point_mass_diagnostic,fixed_horizon_mc_calibrated,0.05,0.0488,0.00304691844328003,0.0016000000000000458,0.0005652326954449903,0.9984,-6.24991864467749,1.0,fixed rho=0.1 (point mass diagnostic),document_shared,fixed_point_mass,10000,5000,5000
gumbel,shared_delta_iid_null_replacement,0.1,100,bayes_shared_rho0_0.15,bayes_shared_point_mass_diagnostic,fixed_horizon_mc_calibrated,0.05,0.0516,0.0031284961243383375,0.01859999999999995,0.0019107087690174007,0.9814,-3.639632109662916,1.0,fixed rho=0.15 (point mass diagnostic),document_shared,fixed_point_mass,10000,5000,5000
gumbel,shared_delta_iid_null_replacement,0.1,300,bayes_shared_rho0_0.15,bayes_shared_point_mass_diagnostic,fixed_horizon_mc_calibrated,0.05,0.0514,0.0031227564746550444,0.0046000000000000485,0.000956957679315031,0.9954,-4.96180471461423,1.0,fixed rho=0.15 (point mass diagnostic),document_shared,fixed_point_mass,10000,5000,5000
gumbel,shared_delta_iid_null_replacement,0.1,700,bayes_shared_rho0_0.15,bayes_shared_point_mass_diagnostic,fixed_horizon_mc_calibrated,0.05,0.0488,0.00304691844328003,0.0016000000000000458,0.0005652326954449903,0.9984,-6.158563029464375,1.0,fixed rho=0.15 (point mass diagnostic),document_shared,fixed_point_mass,10000,5000,5000
gumbel,shared_delta_iid_null_replacement,0.1,100,bayes_shared_rho0_0.25,bayes_shared_point_mass_diagnostic,fixed_horizon_mc_calibrated,0.05,0.0524,0.003151324800778238,0.01880000000000004,0.0019207581836347876,0.9812,-3.5000222970503585,1.0,fixed rho=0.25 (point mass diagnostic),document_shared,fixed_point_mass,10000,5000,5000
gumbel,shared_delta_iid_null_replacement,0.1,300,bayes_shared_rho0_0.25,bayes_shared_point_mass_diagnostic,fixed_horizon_mc_calibrated,0.05,0.0498,0.0030763601869742106,0.0048000000000000265,0.0009774415583552836,0.9952,-4.8042878351286395,1.0,fixed rho=0.25 (point mass diagnostic),document_shared,fixed_point_mass,10000,5000,5000
gumbel,shared_delta_iid_null_replacement,0.1,700,bayes_shared_rho0_0.25,bayes_shared_point_mass_diagnostic,fixed_horizon_mc_calibrated,0.05,0.0502,0.003088040155179333,0.0016000000000000458,0.0005652326954449903,0.9984,-5.964705326355851,1.0,fixed rho=0.25 (point mass diagnostic),document_shared,fixed_point_mass,10000,5000,5000
gumbel,shared_delta_iid_null_replacement,0.1,100,bayes_shared_rho0_0.4,bayes_shared_point_mass_diagnostic,fixed_horizon_mc_calibrated,0.05,0.0514,0.0031227564746550444,0.019000000000000017,0.0019307511491644912,0.981,-3.2504749057945466,1.0,fixed rho=0.4 (point mass diagnostic),document_shared,fixed_point_mass,10000,5000,5000
gumbel,shared_delta_iid_null_replacement,0.1,300,bayes_shared_rho0_0.4,bayes_shared_point_mass_diagnostic,fixed_horizon_mc_calibrated,0.05,0.0486,0.0030409879973455995,0.0048000000000000265,0.0009774415583552836,0.9952,-4.526941585114295,1.0,fixed rho=0.4 (point mass diagnostic),document_shared,fixed_point_mass,10000,5000,5000
gumbel,shared_delta_iid_null_replacement,0.1,700,bayes_shared_rho0_0.4,bayes_shared_point_mass_diagnostic,fixed_horizon_mc_calibrated,0.05,0.0532,0.003173948959892077,0.0016000000000000458,0.0005652326954449903,0.9984,-5.630229658490547,1.0,fixed rho=0.4 (point mass diagnostic),document_shared,fixed_point_mass,10000,5000,5000
gumbel,shared_delta_iid_null_replacement,0.1,100,bayes_shared_rho0_0.5,bayes_shared_point_mass_diagnostic,fixed_horizon_mc_calibrated,0.05,0.0494,0.003064625262572897,0.019399999999999973,0.0019505711983929207,0.9806,-3.0451984376416052,1.0,fixed rho=0.5 (point mass diagnostic),document_shared,fixed_point_mass,10000,5000,5000
gumbel,shared_delta_iid_null_replacement,0.1,300,bayes_shared_rho0_0.5,bayes_shared_point_mass_diagnostic,fixed_horizon_mc_calibrated,0.05,0.046,0.002962566454950842,0.0048000000000000265,0.0009774415583552836,0.9952,-4.2943340942844,1.0,fixed rho=0.5 (point mass diagnostic),document_shared,fixed_point_mass,10000,5000,5000
gumbel,shared_delta_iid_null_replacement,0.1,700,bayes_shared_rho0_0.5,bayes_shared_point_mass_diagnostic,fixed_horizon_mc_calibrated,0.05,0.0502,0.003088040155179333,0.0016000000000000458,0.0005652326954449903,0.9984,-5.355803129326914,1.0,fixed rho=0.5 (point mass diagnostic),document_shared,fixed_point_mass,10000,5000,5000
gumbel,shared_delta_iid_null_replacement,0.1,100,bayes_shared_rho0_0.6,bayes_shared_point_mass_diagnostic,fixed_horizon_mc_calibrated,0.05,0.0492,0.0030587369942510585,0.020000000000000018,0.001979898987322334,0.98,-2.783160986208609,1.0,fixed rho=0.6 (point mass diagnostic),document_shared,fixed_point_mass,10000,5000,5000
gumbel,shared_delta_iid_null_replacement,0.1,300,bayes_shared_rho0_0.6,bayes_shared_point_mass_diagnostic,fixed_horizon_mc_calibrated,0.05,0.0468,0.0029869636757081596,0.0048000000000000265,0.0009774415583552836,0.9952,-3.993511381863187,1.0,fixed rho=0.6 (point mass diagnostic),document_shared,fixed_point_mass,10000,5000,5000
gumbel,shared_delta_iid_null_replacement,0.1,700,bayes_shared_rho0_0.6,bayes_shared_point_mass_diagnostic,fixed_horizon_mc_calibrated,0.05,0.0492,0.0030587369942510585,0.0016000000000000458,0.0005652326954449903,0.9984,-4.939510628545985,1.0,fixed rho=0.6 (point mass diagnostic),document_shared,fixed_point_mass,10000,5000,5000
gumbel,shared_delta_iid_null_replacement,0.1,100,trgof_s2,trgof,fixed_horizon_mc_calibrated,0.05,0.0538,0.0031907854832313627,0.07699999999999996,0.003770172409850774,0.923,4.596557053637567,1.0,"none (Tr-GoF competitor, s=2; robust to null-like edits by construction rather than by a rho model)",not_applicable,not_applicable,10000,5000,5000
gumbel,shared_delta_iid_null_replacement,0.1,300,trgof_s2,trgof,fixed_horizon_mc_calibrated,0.05,0.0528,0.003162662169755094,0.027599999999999958,0.002316818508213363,0.9724,4.86509760988661,1.0,"none (Tr-GoF competitor, s=2; robust to null-like edits by construction rather than by a rho model)",not_applicable,not_applicable,10000,5000,5000
gumbel,shared_delta_iid_null_replacement,0.1,700,trgof_s2,trgof,fixed_horizon_mc_calibrated,0.05,0.0514,0.0031227564746550444,0.011600000000000055,0.00151429455523026,0.9884,5.2149727084049005,1.0,"none (Tr-GoF competitor, s=2; robust to null-like edits by construction rather than by a rho model)",not_applicable,not_applicable,10000,5000,5000
gumbel,shared_delta_iid_null_replacement,0.1,100,bayes_shared_dirichlet_clean,bayes_shared_dirichlet,fixed_horizon_mc_calibrated,0.05,0.0518,0.003134222710657301,0.020000000000000018,0.001979898987322334,0.98,-3.4948435425765316,1.0,fixed rho=0,document_shared_plus_dirichlet_tail_prior,fixed_zero,10000,5000,5000
gumbel,shared_delta_iid_null_replacement,0.1,300,bayes_shared_dirichlet_clean,bayes_shared_dirichlet,fixed_horizon_mc_calibrated,0.05,0.0462,0.002968688599365046,0.0048000000000000265,0.0009774415583552836,0.9952,-4.687204322930492,1.0,fixed rho=0,document_shared_plus_dirichlet_tail_prior,fixed_zero,10000,5000,5000
gumbel,shared_delta_iid_null_replacement,0.1,700,bayes_shared_dirichlet_clean,bayes_shared_dirichlet,fixed_horizon_mc_calibrated,0.05,0.0502,0.003088040155179333,0.0016000000000000458,0.0005652326954449903,0.9984,-5.709947554845691,1.0,fixed rho=0,document_shared_plus_dirichlet_tail_prior,fixed_zero,10000,5000,5000
gumbel,shared_delta_iid_null_replacement,0.1,100,bayes_shared_dirichlet_robust,bayes_shared_dirichlet,fixed_horizon_mc_calibrated,0.05,0.0518,0.003134222710657301,0.020000000000000018,0.001979898987322334,0.98,-3.0106109571856434,1.0,shared spike-and-grid prior,document_shared_plus_dirichlet_tail_prior,document_shared,10000,5000,5000
gumbel,shared_delta_iid_null_replacement,0.1,300,bayes_shared_dirichlet_robust,bayes_shared_dirichlet,fixed_horizon_mc_calibrated,0.05,0.0454,0.002944107334999864,0.0048000000000000265,0.0009774415583552836,0.9952,-4.131083093596716,1.0,shared spike-and-grid prior,document_shared_plus_dirichlet_tail_prior,document_shared,10000,5000,5000
gumbel,shared_delta_iid_null_replacement,0.1,700,bayes_shared_dirichlet_robust,bayes_shared_dirichlet,fixed_horizon_mc_calibrated,0.05,0.0492,0.0030587369942510585,0.0016000000000000458,0.0005652326954449903,0.9984,-5.06697184508435,1.0,shared spike-and-grid prior,document_shared_plus_dirichlet_tail_prior,document_shared,10000,5000,5000
gumbel,shared_delta_iid_null_replacement,0.1,100,bayes_shared_uniontail_clean,bayes_shared_uniontail,fixed_horizon_mc_calibrated,0.05,0.049,0.0030528347482299137,0.01980000000000004,0.0019701756266891557,0.9802,-1.4107859963043659,1.0,fixed rho=0,document_shared_plus_tail_width_prior,fixed_zero,10000,5000,5000
gumbel,shared_delta_iid_null_replacement,0.1,300,bayes_shared_uniontail_clean,bayes_shared_uniontail,fixed_horizon_mc_calibrated,0.05,0.051,0.003111237695837462,0.0046000000000000485,0.000956957679315031,0.9954,-2.389933881620213,1.0,fixed rho=0,document_shared_plus_tail_width_prior,fixed_zero,10000,5000,5000
gumbel,shared_delta_iid_null_replacement,0.1,700,bayes_shared_uniontail_clean,bayes_shared_uniontail,fixed_horizon_mc_calibrated,0.05,0.0588,0.0033269373303385203,0.0016000000000000458,0.0005652326954449903,0.9984,-3.1571549589332024,1.0,fixed rho=0,document_shared_plus_tail_width_prior,fixed_zero,10000,5000,5000
gumbel,shared_delta_iid_null_replacement,0.1,100,bayes_shared_uniontail_robust,bayes_shared_uniontail,fixed_horizon_mc_calibrated,0.05,0.0484,0.0030350433275325743,0.01980000000000004,0.0019701756266891557,0.9802,-0.9599950671428967,1.0,shared spike-and-grid prior,document_shared_plus_tail_width_prior,document_shared,10000,5000,5000
gumbel,shared_delta_iid_null_replacement,0.1,300,bayes_shared_uniontail_robust,bayes_shared_uniontail,fixed_horizon_mc_calibrated,0.05,0.0518,0.003134222710657301,0.0048000000000000265,0.0009774415583552836,0.9952,-1.8519266240473726,1.0,shared spike-and-grid prior,document_shared_plus_tail_width_prior,document_shared,10000,5000,5000
gumbel,shared_delta_iid_null_replacement,0.1,700,bayes_shared_uniontail_robust,bayes_shared_uniontail,fixed_horizon_mc_calibrated,0.05,0.0538,0.0031907854832313627,0.0016000000000000458,0.0005652326954449903,0.9984,-2.57642867604967,1.0,shared spike-and-grid prior,document_shared_plus_tail_width_prior,document_shared,10000,5000,5000
gumbel,shared_delta_iid_null_replacement,0.25,100,h_ars,paper_score,fixed_horizon_mc_calibrated,0.05,0.0534,0.0031795735563122296,0.050000000000000044,0.0030822070014844896,0.95,116.741521021977,1.0,none (reference score),not_applicable,not_applicable,10000,5000,5000
gumbel,shared_delta_iid_null_replacement,0.25,300,h_ars,paper_score,fixed_horizon_mc_calibrated,0.05,0.0556,0.0032406369744233925,0.02100000000000002,0.002027757381937002,0.979,328.42232628333807,1.0,none (reference score),not_applicable,not_applicable,10000,5000,5000
gumbel,shared_delta_iid_null_replacement,0.25,700,h_ars,paper_score,fixed_horizon_mc_calibrated,0.05,0.0544,0.0032075111847038036,0.013399999999999967,0.0016260651893451239,0.9866,743.9873050107062,1.0,none (reference score),not_applicable,not_applicable,10000,5000,5000
gumbel,shared_delta_iid_null_replacement,0.25,100,h_log,paper_score,fixed_horizon_mc_calibrated,0.05,0.049,0.0030528347482299137,0.22160000000000002,0.005873558376316694,0.7784,-84.34773393867616,1.0,none (reference score),not_applicable,not_applicable,10000,5000,5000
gumbel,shared_delta_iid_null_replacement,0.25,300,h_log,paper_score,fixed_horizon_mc_calibrated,0.05,0.0484,0.0030350433275325743,0.13139999999999996,0.004777740888746479,0.8686,-271.9120771337723,1.0,none (reference score),not_applicable,not_applicable,10000,5000,5000
gumbel,shared_delta_iid_null_replacement,0.25,700,h_log,paper_score,fixed_horizon_mc_calibrated,0.05,0.0498,0.0030763601869742106,0.08399999999999996,0.0039228561023825475,0.916,-657.084788813401,1.0,none (reference score),not_applicable,not_applicable,10000,5000,5000
gumbel,shared_delta_iid_null_replacement,0.25,100,h_ind_1_over_e,paper_score,fixed_horizon_mc_calibrated,0.05,0.04852162162162162,0.0030386600289216232,0.30587027027027025,0.00651634326958091,0.6941297297297297,71.0,0.44594594594594594,none (reference score),not_applicable,not_applicable,10000,5000,5000
gumbel,shared_delta_iid_null_replacement,0.25,300,h_ind_1_over_e,paper_score,fixed_horizon_mc_calibrated,0.05,0.04863636363636364,0.0030420673157770537,0.17540454545454542,0.005378434547122978,0.8245954545454546,203.0,0.1590909090909091,none (reference score),not_applicable,not_applicable,10000,5000,5000
gumbel,shared_delta_iid_null_replacement,0.25,700,h_ind_1_over_e,paper_score,fixed_horizon_mc_calibrated,0.05,0.05075223880597015,0.003104076321940294,0.11350447761194027,0.004486005153228891,0.8864955223880597,463.0,0.14925373134328357,none (reference score),not_applicable,not_applicable,10000,5000,5000
gumbel,shared_delta_iid_null_replacement,0.25,100,h_gum_star_0.1,paper_score,fixed_horizon_mc_calibrated,0.05,0.0538,0.0031907854832313627,0.12139999999999995,0.004618701982159056,0.8786,0.9229532046689128,1.0,none (reference score),not_applicable,not_applicable,10000,5000,5000
gumbel,shared_delta_iid_null_replacement,0.25,300,h_gum_star_0.1,paper_score,fixed_horizon_mc_calibrated,0.05,0.0504,0.0030938597253269257,0.06740000000000002,0.0035456237815086927,0.9326,-1.9779365568707374,1.0,none (reference score),not_applicable,not_applicable,10000,5000,5000
gumbel,shared_delta_iid_null_replacement,0.25,700,h_gum_star_0.1,paper_score,fixed_horizon_mc_calibrated,0.05,0.0546,0.003213062090903318,0.04179999999999995,0.0028302918577418814,0.9582,-10.121958734597442,1.0,none (reference score),not_applicable,not_applicable,10000,5000,5000
gumbel,shared_delta_iid_null_replacement,0.25,100,h_gum_star_0.01,paper_score,fixed_horizon_mc_calibrated,0.05,0.0524,0.003151324800778238,0.0474,0.0030051036587778464,0.9526,0.8500664249199585,1.0,none (reference score),not_applicable,not_applicable,10000,5000,5000
gumbel,shared_delta_iid_null_replacement,0.25,300,h_gum_star_0.01,paper_score,fixed_horizon_mc_calibrated,0.05,0.057,0.0032787497617232093,0.02180000000000004,0.002065176021553613,0.9782,1.1337623423913146,1.0,none (reference score),not_applicable,not_applicable,10000,5000,5000
gumbel,shared_delta_iid_null_replacement,0.25,700,h_gum_star_0.01,paper_score,fixed_horizon_mc_calibrated,0.05,0.051,0.003111237695837462,0.013000000000000012,0.0016019363283226965,0.987,1.2976322048488296,1.0,none (reference score),not_applicable,not_applicable,10000,5000,5000
gumbel,shared_delta_iid_null_replacement,0.25,100,h_gum_star_0.005,paper_score,fixed_horizon_mc_calibrated,0.05,0.0502,0.003088040155179333,0.03839999999999999,0.0027175518394319544,0.9616,0.669289412890639,1.0,none (reference score),not_applicable,not_applicable,10000,5000,5000
gumbel,shared_delta_iid_null_replacement,0.25,300,h_gum_star_0.005,paper_score,fixed_horizon_mc_calibrated,0.05,0.0512,0.0031170036894427955,0.016599999999999948,0.0018069001079196354,0.9834,0.938135888232902,1.0,none (reference score),not_applicable,not_applicable,10000,5000,5000
gumbel,shared_delta_iid_null_replacement,0.25,700,h_gum_star_0.005,paper_score,fixed_horizon_mc_calibrated,0.05,0.0524,0.003151324800778238,0.009199999999999986,0.0013502118352317896,0.9908,1.2064821198578646,1.0,none (reference score),not_applicable,not_applicable,10000,5000,5000
gumbel,shared_delta_iid_null_replacement,0.25,100,bayes_tokenwise_clean,bayes_tokenwise_sensitivity,fixed_horizon_mc_calibrated,0.05,0.0534,0.0031795735563122296,0.029200000000000004,0.0023810653077981714,0.9708,-25.639260256736588,1.0,fixed rho=0,tokenwise,fixed_zero,10000,5000,5000
gumbel,shared_delta_iid_null_replacement,0.25,300,bayes_tokenwise_clean,bayes_tokenwise_sensitivity,fixed_horizon_mc_calibrated,0.05,0.0436,0.0028878725733660756,0.013399999999999967,0.0016260651893451239,0.9866,-83.67352537145462,1.0,fixed rho=0,tokenwise,fixed_zero,10000,5000,5000
gumbel,shared_delta_iid_null_replacement,0.25,700,bayes_tokenwise_clean,bayes_tokenwise_sensitivity,fixed_horizon_mc_calibrated,0.05,0.052,0.003139936305086458,0.007399999999999962,0.001212042903531056,0.9926,-204.08116249667228,1.0,fixed rho=0,tokenwise,fixed_zero,10000,5000,5000
gumbel,shared_delta_iid_null_replacement,0.25,100,bayes_tokenwise_robust,bayes_tokenwise_sensitivity,fixed_horizon_mc_calibrated,0.05,0.053,0.003168311853337673,0.027200000000000002,0.002300441696718263,0.9728,-19.549582603394782,1.0,tokenwise prior; equivalent fixed mean rho=0.16875,tokenwise,tokenwise_collapses_to_prior_mean,10000,5000,5000
gumbel,shared_delta_iid_null_replacement,0.25,300,bayes_tokenwise_robust,bayes_tokenwise_sensitivity,fixed_horizon_mc_calibrated,0.05,0.0446,0.0029192752525241603,0.010800000000000032,0.0014617359542680771,0.9892,-64.86027191354007,1.0,tokenwise prior; equivalent fixed mean rho=0.16875,tokenwise,tokenwise_collapses_to_prior_mean,10000,5000,5000
gumbel,shared_delta_iid_null_replacement,0.25,700,bayes_tokenwise_robust,bayes_tokenwise_sensitivity,fixed_horizon_mc_calibrated,0.05,0.053,0.003168311853337673,0.00660000000000005,0.0011451148414023853,0.9934,-158.72718965266338,1.0,tokenwise prior; equivalent fixed mean rho=0.16875,tokenwise,tokenwise_collapses_to_prior_mean,10000,5000,5000
gumbel,shared_delta_iid_null_replacement,0.25,100,bayes_shared_clean,bayes_shared,fixed_horizon_mc_calibrated,0.05,0.0518,0.003134222710657301,0.021599999999999953,0.0020558910476968354,0.9784,-3.820224419530269,1.0,fixed rho=0,document_shared,fixed_zero,10000,5000,5000
gumbel,shared_delta_iid_null_replacement,0.25,300,bayes_shared_clean,bayes_shared,fixed_horizon_mc_calibrated,0.05,0.05,0.0030822070014844883,0.00539999999999996,0.001036420763975709,0.9946,-5.168044826821097,1.0,fixed rho=0,document_shared,fixed_zero,10000,5000,5000
gumbel,shared_delta_iid_null_replacement,0.25,700,bayes_shared_clean,bayes_shared,fixed_horizon_mc_calibrated,0.05,0.0488,0.00304691844328003,0.0020000000000000018,0.0006318227599572528,0.998,-6.424084450622298,1.0,fixed rho=0,document_shared,fixed_zero,10000,5000,5000
gumbel,shared_delta_iid_null_replacement,0.25,100,bayes_shared_robust,bayes_shared,fixed_horizon_mc_calibrated,0.05,0.0502,0.003088040155179333,0.022199999999999998,0.002083610328252382,0.9778,-3.4855179614509093,1.0,shared spike-and-grid prior,document_shared,document_shared,10000,5000,5000
gumbel,shared_delta_iid_null_replacement,0.25,300,bayes_shared_robust,bayes_shared,fixed_horizon_mc_calibrated,0.05,0.047,0.002993025225419926,0.00539999999999996,0.001036420763975709,0.9946,-4.786814714788472,1.0,shared spike-and-grid prior,document_shared,document_shared,10000,5000,5000
gumbel,shared_delta_iid_null_replacement,0.25,700,bayes_shared_robust,bayes_shared,fixed_horizon_mc_calibrated,0.05,0.0518,0.003134222710657301,0.0020000000000000018,0.0006318227599572528,0.998,-5.937157856593611,1.0,shared spike-and-grid prior,document_shared,document_shared,10000,5000,5000
gumbel,shared_delta_iid_null_replacement,0.25,100,bayes_shared_rho0_0.1,bayes_shared_point_mass_diagnostic,fixed_horizon_mc_calibrated,0.05,0.0514,0.0031227564746550444,0.021599999999999953,0.0020558910476968354,0.9784,-3.7024534744349906,1.0,fixed rho=0.1 (point mass diagnostic),document_shared,fixed_point_mass,10000,5000,5000
gumbel,shared_delta_iid_null_replacement,0.25,300,bayes_shared_rho0_0.1,bayes_shared_point_mass_diagnostic,fixed_horizon_mc_calibrated,0.05,0.0508,0.0031054584202658392,0.00539999999999996,0.001036420763975709,0.9946,-5.033787871634067,1.0,fixed rho=0.1 (point mass diagnostic),document_shared,fixed_point_mass,10000,5000,5000
gumbel,shared_delta_iid_null_replacement,0.25,700,bayes_shared_rho0_0.1,bayes_shared_point_mass_diagnostic,fixed_horizon_mc_calibrated,0.05,0.0488,0.00304691844328003,0.0020000000000000018,0.0006318227599572528,0.998,-6.24991864467749,1.0,fixed rho=0.1 (point mass diagnostic),document_shared,fixed_point_mass,10000,5000,5000
gumbel,shared_delta_iid_null_replacement,0.25,100,bayes_shared_rho0_0.15,bayes_shared_point_mass_diagnostic,fixed_horizon_mc_calibrated,0.05,0.0516,0.0031284961243383375,0.021599999999999953,0.0020558910476968354,0.9784,-3.639632109662916,1.0,fixed rho=0.15 (point mass diagnostic),document_shared,fixed_point_mass,10000,5000,5000
gumbel,shared_delta_iid_null_replacement,0.25,300,bayes_shared_rho0_0.15,bayes_shared_point_mass_diagnostic,fixed_horizon_mc_calibrated,0.05,0.0514,0.0031227564746550444,0.00539999999999996,0.001036420763975709,0.9946,-4.96180471461423,1.0,fixed rho=0.15 (point mass diagnostic),document_shared,fixed_point_mass,10000,5000,5000
gumbel,shared_delta_iid_null_replacement,0.25,700,bayes_shared_rho0_0.15,bayes_shared_point_mass_diagnostic,fixed_horizon_mc_calibrated,0.05,0.0488,0.00304691844328003,0.0020000000000000018,0.0006318227599572528,0.998,-6.158563029464375,1.0,fixed rho=0.15 (point mass diagnostic),document_shared,fixed_point_mass,10000,5000,5000
gumbel,shared_delta_iid_null_replacement,0.25,100,bayes_shared_rho0_0.25,bayes_shared_point_mass_diagnostic,fixed_horizon_mc_calibrated,0.05,0.0524,0.003151324800778238,0.02200000000000002,0.0020744155803502835,0.978,-3.5000222970503585,1.0,fixed rho=0.25 (point mass diagnostic),document_shared,fixed_point_mass,10000,5000,5000
gumbel,shared_delta_iid_null_replacement,0.25,300,bayes_shared_rho0_0.25,bayes_shared_point_mass_diagnostic,fixed_horizon_mc_calibrated,0.05,0.0498,0.0030763601869742106,0.00539999999999996,0.001036420763975709,0.9946,-4.8042878351286395,1.0,fixed rho=0.25 (point mass diagnostic),document_shared,fixed_point_mass,10000,5000,5000
gumbel,shared_delta_iid_null_replacement,0.25,700,bayes_shared_rho0_0.25,bayes_shared_point_mass_diagnostic,fixed_horizon_mc_calibrated,0.05,0.0502,0.003088040155179333,0.0020000000000000018,0.0006318227599572528,0.998,-5.964705326355851,1.0,fixed rho=0.25 (point mass diagnostic),document_shared,fixed_point_mass,10000,5000,5000
gumbel,shared_delta_iid_null_replacement,0.25,100,bayes_shared_rho0_0.4,bayes_shared_point_mass_diagnostic,fixed_horizon_mc_calibrated,0.05,0.0514,0.0031227564746550444,0.022199999999999998,0.002083610328252382,0.9778,-3.2504749057945466,1.0,fixed rho=0.4 (point mass diagnostic),document_shared,fixed_point_mass,10000,5000,5000
gumbel,shared_delta_iid_null_replacement,0.25,300,bayes_shared_rho0_0.4,bayes_shared_point_mass_diagnostic,fixed_horizon_mc_calibrated,0.05,0.0486,0.0030409879973455995,0.00539999999999996,0.001036420763975709,0.9946,-4.526941585114295,1.0,fixed rho=0.4 (point mass diagnostic),document_shared,fixed_point_mass,10000,5000,5000
gumbel,shared_delta_iid_null_replacement,0.25,700,bayes_shared_rho0_0.4,bayes_shared_point_mass_diagnostic,fixed_horizon_mc_calibrated,0.05,0.0532,0.003173948959892077,0.0020000000000000018,0.0006318227599572528,0.998,-5.630229658490547,1.0,fixed rho=0.4 (point mass diagnostic),document_shared,fixed_point_mass,10000,5000,5000
gumbel,shared_delta_iid_null_replacement,0.25,100,bayes_shared_rho0_0.5,bayes_shared_point_mass_diagnostic,fixed_horizon_mc_calibrated,0.05,0.0494,0.003064625262572897,0.022399999999999975,0.002092760855903033,0.9776,-3.0451984376416052,1.0,fixed rho=0.5 (point mass diagnostic),document_shared,fixed_point_mass,10000,5000,5000
gumbel,shared_delta_iid_null_replacement,0.25,300,bayes_shared_rho0_0.5,bayes_shared_point_mass_diagnostic,fixed_horizon_mc_calibrated,0.05,0.046,0.002962566454950842,0.00539999999999996,0.001036420763975709,0.9946,-4.2943340942844,1.0,fixed rho=0.5 (point mass diagnostic),document_shared,fixed_point_mass,10000,5000,5000
gumbel,shared_delta_iid_null_replacement,0.25,700,bayes_shared_rho0_0.5,bayes_shared_point_mass_diagnostic,fixed_horizon_mc_calibrated,0.05,0.0502,0.003088040155179333,0.0020000000000000018,0.0006318227599572528,0.998,-5.355803129326914,1.0,fixed rho=0.5 (point mass diagnostic),document_shared,fixed_point_mass,10000,5000,5000
gumbel,shared_delta_iid_null_replacement,0.25,100,bayes_shared_rho0_0.6,bayes_shared_point_mass_diagnostic,fixed_horizon_mc_calibrated,0.05,0.0492,0.0030587369942510585,0.02300000000000002,0.002119952829663906,0.977,-2.783160986208609,1.0,fixed rho=0.6 (point mass diagnostic),document_shared,fixed_point_mass,10000,5000,5000
gumbel,shared_delta_iid_null_replacement,0.25,300,bayes_shared_rho0_0.6,bayes_shared_point_mass_diagnostic,fixed_horizon_mc_calibrated,0.05,0.0468,0.0029869636757081596,0.00539999999999996,0.001036420763975709,0.9946,-3.993511381863187,1.0,fixed rho=0.6 (point mass diagnostic),document_shared,fixed_point_mass,10000,5000,5000
gumbel,shared_delta_iid_null_replacement,0.25,700,bayes_shared_rho0_0.6,bayes_shared_point_mass_diagnostic,fixed_horizon_mc_calibrated,0.05,0.0492,0.0030587369942510585,0.0020000000000000018,0.0006318227599572528,0.998,-4.939510628545985,1.0,fixed rho=0.6 (point mass diagnostic),document_shared,fixed_point_mass,10000,5000,5000
gumbel,shared_delta_iid_null_replacement,0.25,100,trgof_s2,trgof,fixed_horizon_mc_calibrated,0.05,0.0538,0.0031907854832313627,0.09219999999999995,0.004091433978448142,0.9078,4.596557053637567,1.0,"none (Tr-GoF competitor, s=2; robust to null-like edits by construction rather than by a rho model)",not_applicable,not_applicable,10000,5000,5000
gumbel,shared_delta_iid_null_replacement,0.25,300,trgof_s2,trgof,fixed_horizon_mc_calibrated,0.05,0.0528,0.003162662169755094,0.031000000000000028,0.0024510813939973525,0.969,4.86509760988661,1.0,"none (Tr-GoF competitor, s=2; robust to null-like edits by construction rather than by a rho model)",not_applicable,not_applicable,10000,5000,5000
gumbel,shared_delta_iid_null_replacement,0.25,700,trgof_s2,trgof,fixed_horizon_mc_calibrated,0.05,0.0514,0.0031227564746550444,0.013599999999999945,0.001637989010952146,0.9864,5.2149727084049005,1.0,"none (Tr-GoF competitor, s=2; robust to null-like edits by construction rather than by a rho model)",not_applicable,not_applicable,10000,5000,5000
gumbel,shared_delta_iid_null_replacement,0.25,100,bayes_shared_dirichlet_clean,bayes_shared_dirichlet,fixed_horizon_mc_calibrated,0.05,0.0518,0.003134222710657301,0.02300000000000002,0.002119952829663906,0.977,-3.4948435425765316,1.0,fixed rho=0,document_shared_plus_dirichlet_tail_prior,fixed_zero,10000,5000,5000
gumbel,shared_delta_iid_null_replacement,0.25,300,bayes_shared_dirichlet_clean,bayes_shared_dirichlet,fixed_horizon_mc_calibrated,0.05,0.0462,0.002968688599365046,0.00539999999999996,0.001036420763975709,0.9946,-4.687204322930492,1.0,fixed rho=0,document_shared_plus_dirichlet_tail_prior,fixed_zero,10000,5000,5000
gumbel,shared_delta_iid_null_replacement,0.25,700,bayes_shared_dirichlet_clean,bayes_shared_dirichlet,fixed_horizon_mc_calibrated,0.05,0.0502,0.003088040155179333,0.0020000000000000018,0.0006318227599572528,0.998,-5.709947554845691,1.0,fixed rho=0,document_shared_plus_dirichlet_tail_prior,fixed_zero,10000,5000,5000
gumbel,shared_delta_iid_null_replacement,0.25,100,bayes_shared_dirichlet_robust,bayes_shared_dirichlet,fixed_horizon_mc_calibrated,0.05,0.0518,0.003134222710657301,0.02300000000000002,0.002119952829663906,0.977,-3.0106109571856434,1.0,shared spike-and-grid prior,document_shared_plus_dirichlet_tail_prior,document_shared,10000,5000,5000
gumbel,shared_delta_iid_null_replacement,0.25,300,bayes_shared_dirichlet_robust,bayes_shared_dirichlet,fixed_horizon_mc_calibrated,0.05,0.0454,0.002944107334999864,0.00539999999999996,0.001036420763975709,0.9946,-4.131083093596716,1.0,shared spike-and-grid prior,document_shared_plus_dirichlet_tail_prior,document_shared,10000,5000,5000
gumbel,shared_delta_iid_null_replacement,0.25,700,bayes_shared_dirichlet_robust,bayes_shared_dirichlet,fixed_horizon_mc_calibrated,0.05,0.0492,0.0030587369942510585,0.0020000000000000018,0.0006318227599572528,0.998,-5.06697184508435,1.0,shared spike-and-grid prior,document_shared_plus_dirichlet_tail_prior,document_shared,10000,5000,5000
gumbel,shared_delta_iid_null_replacement,0.25,100,bayes_shared_uniontail_clean,bayes_shared_uniontail,fixed_horizon_mc_calibrated,0.05,0.049,0.0030528347482299137,0.022800000000000042,0.002110931547919072,0.9772,-1.4107859963043659,1.0,fixed rho=0,document_shared_plus_tail_width_prior,fixed_zero,10000,5000,5000
gumbel,shared_delta_iid_null_replacement,0.25,300,bayes_shared_uniontail_clean,bayes_shared_uniontail,fixed_horizon_mc_calibrated,0.05,0.051,0.003111237695837462,0.00539999999999996,0.001036420763975709,0.9946,-2.389933881620213,1.0,fixed rho=0,document_shared_plus_tail_width_prior,fixed_zero,10000,5000,5000
gumbel,shared_delta_iid_null_replacement,0.25,700,bayes_shared_uniontail_clean,bayes_shared_uniontail,fixed_horizon_mc_calibrated,0.05,0.0588,0.0033269373303385203,0.0023999999999999577,0.0006919884392097831,0.9976,-3.1571549589332024,1.0,fixed rho=0,document_shared_plus_tail_width_prior,fixed_zero,10000,5000,5000
gumbel,shared_delta_iid_null_replacement,0.25,100,bayes_shared_uniontail_robust,bayes_shared_uniontail,fixed_horizon_mc_calibrated,0.05,0.0484,0.0030350433275325743,0.022800000000000042,0.002110931547919072,0.9772,-0.9599950671428967,1.0,shared spike-and-grid prior,document_shared_plus_tail_width_prior,document_shared,10000,5000,5000
gumbel,shared_delta_iid_null_replacement,0.25,300,bayes_shared_uniontail_robust,bayes_shared_uniontail,fixed_horizon_mc_calibrated,0.05,0.0518,0.003134222710657301,0.005800000000000027,0.0010739050237334796,0.9942,-1.8519266240473726,1.0,shared spike-and-grid prior,document_shared_plus_tail_width_prior,document_shared,10000,5000,5000
gumbel,shared_delta_iid_null_replacement,0.25,700,bayes_shared_uniontail_robust,bayes_shared_uniontail,fixed_horizon_mc_calibrated,0.05,0.0538,0.0031907854832313627,0.0023999999999999577,0.0006919884392097831,0.9976,-2.57642867604967,1.0,shared spike-and-grid prior,document_shared_plus_tail_width_prior,document_shared,10000,5000,5000
gumbel,shared_delta_iid_null_replacement,0.4,100,h_ars,paper_score,fixed_horizon_mc_calibrated,0.05,0.0534,0.0031795735563122296,0.06559999999999999,0.003501332317847022,0.9344,116.741521021977,1.0,none (reference score),not_applicable,not_applicable,10000,5000,5000
gumbel,shared_delta_iid_null_replacement,0.4,300,h_ars,paper_score,fixed_horizon_mc_calibrated,0.05,0.0556,0.0032406369744233925,0.02839999999999998,0.0023491887961592183,0.9716,328.42232628333807,1.0,none (reference score),not_applicable,not_applicable,10000,5000,5000
gumbel,shared_delta_iid_null_replacement,0.4,700,h_ars,paper_score,fixed_horizon_mc_calibrated,0.05,0.0544,0.0032075111847038036,0.018399999999999972,0.001900602009890549,0.9816,743.9873050107062,1.0,none (reference score),not_applicable,not_applicable,10000,5000,5000
gumbel,shared_delta_iid_null_replacement,0.4,100,h_log,paper_score,fixed_horizon_mc_calibrated,0.05,0.049,0.0030528347482299137,0.2942,0.0064443209106933835,0.7058,-84.34773393867616,1.0,none (reference score),not_applicable,not_applicable,10000,5000,5000
gumbel,shared_delta_iid_null_replacement,0.4,300,h_log,paper_score,fixed_horizon_mc_calibrated,0.05,0.0484,0.0030350433275325743,0.1624,0.005215865028928567,0.8376,-271.9120771337723,1.0,none (reference score),not_applicable,not_applicable,10000,5000,5000
gumbel,shared_delta_iid_null_replacement,0.4,700,h_log,paper_score,fixed_horizon_mc_calibrated,0.05,0.0498,0.0030763601869742106,0.11119999999999997,0.004445999550157421,0.8888,-657.084788813401,1.0,none (reference score),not_applicable,not_applicable,10000,5000,5000
gumbel,shared_delta_iid_null_replacement,0.4,100,h_ind_1_over_e,paper_score,fixed_horizon_mc_calibrated,0.05,0.04852162162162162,0.0030386600289216232,0.39157027027027025,0.006902796443626855,0.6084297297297298,71.0,0.44594594594594594,none (reference score),not_applicable,not_applicable,10000,5000,5000
gumbel,shared_delta_iid_null_replacement,0.4,300,h_ind_1_over_e,paper_score,fixed_horizon_mc_calibrated,0.05,0.04863636363636364,0.0030420673157770537,0.2255772727272728,0.0059108741613436225,0.7744227272727272,203.0,0.1590909090909091,none (reference score),not_applicable,not_applicable,10000,5000,5000
gumbel,shared_delta_iid_null_replacement,0.4,700,h_ind_1_over_e,paper_score,fixed_horizon_mc_calibrated,0.05,0.05075223880597015,0.003104076321940294,0.14033432835820892,0.004912038367978396,0.8596656716417911,463.0,0.14925373134328357,none (reference score),not_applicable,not_applicable,10000,5000,5000
gumbel,shared_delta_iid_null_replacement,0.4,100,h_gum_star_0.1,paper_score,fixed_horizon_mc_calibrated,0.05,0.0538,0.0031907854832313627,0.1582,0.0051608673689603765,0.8418,0.9229532046689128,1.0,none (reference score),not_applicable,not_applicable,10000,5000,5000
gumbel,shared_delta_iid_null_replacement,0.4,300,h_gum_star_0.1,paper_score,fixed_horizon_mc_calibrated,0.05,0.0504,0.0030938597253269257,0.08599999999999997,0.00396494640569075,0.914,-1.9779365568707374,1.0,none (reference score),not_applicable,not_applicable,10000,5000,5000
gumbel,shared_delta_iid_null_replacement,0.4,700,h_gum_star_0.1,paper_score,fixed_horizon_mc_calibrated,0.05,0.0546,0.003213062090903318,0.05179999999999996,0.0031342227106573,0.9482,-10.121958734597442,1.0,none (reference score),not_applicable,not_applicable,10000,5000,5000
gumbel,shared_delta_iid_null_replacement,0.4,100,h_gum_star_0.01,paper_score,fixed_horizon_mc_calibrated,0.05,0.0524,0.003151324800778238,0.06020000000000003,0.0033638061775316374,0.9398,0.8500664249199585,1.0,none (reference score),not_applicable,not_applicable,10000,5000,5000
gumbel,shared_delta_iid_null_replacement,0.4,300,h_gum_star_0.01,paper_score,fixed_horizon_mc_calibrated,0.05,0.057,0.0032787497617232093,0.026599999999999957,0.002275629143775407,0.9734,1.1337623423913146,1.0,none (reference score),not_applicable,not_applicable,10000,5000,5000
gumbel,shared_delta_iid_null_replacement,0.4,700,h_gum_star_0.01,paper_score,fixed_horizon_mc_calibrated,0.05,0.051,0.003111237695837462,0.017199999999999993,0.0018387038913321523,0.9828,1.2976322048488296,1.0,none (reference score),not_applicable,not_applicable,10000,5000,5000
gumbel,shared_delta_iid_null_replacement,0.4,100,h_gum_star_0.005,paper_score,fixed_horizon_mc_calibrated,0.05,0.0502,0.003088040155179333,0.0464,0.0029747954551531774,0.9536,0.669289412890639,1.0,none (reference score),not_applicable,not_applicable,10000,5000,5000
gumbel,shared_delta_iid_null_replacement,0.4,300,h_gum_star_0.005,paper_score,fixed_horizon_mc_calibrated,0.05,0.0512,0.0031170036894427955,0.02100000000000002,0.002027757381937002,0.979,0.938135888232902,1.0,none (reference score),not_applicable,not_applicable,10000,5000,5000
gumbel,shared_delta_iid_null_replacement,0.4,700,h_gum_star_0.005,paper_score,fixed_horizon_mc_calibrated,0.05,0.0524,0.003151324800778238,0.013000000000000012,0.0016019363283226965,0.987,1.2064821198578646,1.0,none (reference score),not_applicable,not_applicable,10000,5000,5000
gumbel,shared_delta_iid_null_replacement,0.4,100,bayes_tokenwise_clean,bayes_tokenwise_sensitivity,fixed_horizon_mc_calibrated,0.05,0.0534,0.0031795735563122296,0.036599999999999966,0.0026555767735089103,0.9634,-25.639260256736588,1.0,fixed rho=0,tokenwise,fixed_zero,10000,5000,5000
gumbel,shared_delta_iid_null_replacement,0.4,300,bayes_tokenwise_clean,bayes_tokenwise_sensitivity,fixed_horizon_mc_calibrated,0.05,0.0436,0.0028878725733660756,0.016000000000000014,0.0017744858410255076,0.984,-83.67352537145462,1.0,fixed rho=0,tokenwise,fixed_zero,10000,5000,5000
gumbel,shared_delta_iid_null_replacement,0.4,700,bayes_tokenwise_clean,bayes_tokenwise_sensitivity,fixed_horizon_mc_calibrated,0.05,0.052,0.003139936305086458,0.010000000000000009,0.0014071247279470295,0.99,-204.08116249667228,1.0,fixed rho=0,tokenwise,fixed_zero,10000,5000,5000
gumbel,shared_delta_iid_null_replacement,0.4,100,bayes_tokenwise_robust,bayes_tokenwise_sensitivity,fixed_horizon_mc_calibrated,0.05,0.053,0.003168311853337673,0.03259999999999996,0.0025114633184659483,0.9674,-19.549582603394782,1.0,tokenwise prior; equivalent fixed mean rho=0.16875,tokenwise,tokenwise_collapses_to_prior_mean,10000,5000,5000
gumbel,shared_delta_iid_null_replacement,0.4,300,bayes_tokenwise_robust,bayes_tokenwise_sensitivity,fixed_horizon_mc_calibrated,0.05,0.0446,0.0029192752525241603,0.015199999999999991,0.0017302577842622175,0.9848,-64.86027191354007,1.0,tokenwise prior; equivalent fixed mean rho=0.16875,tokenwise,tokenwise_collapses_to_prior_mean,10000,5000,5000
gumbel,shared_delta_iid_null_replacement,0.4,700,bayes_tokenwise_robust,bayes_tokenwise_sensitivity,fixed_horizon_mc_calibrated,0.05,0.053,0.003168311853337673,0.009199999999999986,0.0013502118352317896,0.9908,-158.72718965266338,1.0,tokenwise prior; equivalent fixed mean rho=0.16875,tokenwise,tokenwise_collapses_to_prior_mean,10000,5000,5000
gumbel,shared_delta_iid_null_replacement,0.4,100,bayes_shared_clean,bayes_shared,fixed_horizon_mc_calibrated,0.05,0.0518,0.003134222710657301,0.02839999999999998,0.0023491887961592183,0.9716,-3.820224419530269,1.0,fixed rho=0,document_shared,fixed_zero,10000,5000,5000
gumbel,shared_delta_iid_null_replacement,0.4,300,bayes_shared_clean,bayes_shared,fixed_horizon_mc_calibrated,0.05,0.05,0.0030822070014844883,0.007600000000000051,0.00122818891055082,0.9924,-5.168044826821097,1.0,fixed rho=0,document_shared,fixed_zero,10000,5000,5000
gumbel,shared_delta_iid_null_replacement,0.4,700,bayes_shared_clean,bayes_shared,fixed_horizon_mc_calibrated,0.05,0.0488,0.00304691844328003,0.0028000000000000247,0.000747283078893136,0.9972,-6.424084450622298,1.0,fixed rho=0,document_shared,fixed_zero,10000,5000,5000
gumbel,shared_delta_iid_null_replacement,0.4,100,bayes_shared_robust,bayes_shared,fixed_horizon_mc_calibrated,0.05,0.0502,0.003088040155179333,0.02859999999999996,0.002357203427793196,0.9714,-3.4855179614509093,1.0,shared spike-and-grid prior,document_shared,document_shared,10000,5000,5000
gumbel,shared_delta_iid_null_replacement,0.4,300,bayes_shared_robust,bayes_shared,fixed_horizon_mc_calibrated,0.05,0.047,0.002993025225419926,0.007399999999999962,0.001212042903531056,0.9926,-4.786814714788472,1.0,shared spike-and-grid prior,document_shared,document_shared,10000,5000,5000
gumbel,shared_delta_iid_null_replacement,0.4,700,bayes_shared_robust,bayes_shared,fixed_horizon_mc_calibrated,0.05,0.0518,0.003134222710657301,0.0028000000000000247,0.000747283078893136,0.9972,-5.937157856593611,1.0,shared spike-and-grid prior,document_shared,document_shared,10000,5000,5000
gumbel,shared_delta_iid_null_replacement,0.4,100,bayes_shared_rho0_0.1,bayes_shared_point_mass_diagnostic,fixed_horizon_mc_calibrated,0.05,0.0514,0.0031227564746550444,0.028200000000000003,0.002341143310436164,0.9718,-3.7024534744349906,1.0,fixed rho=0.1 (point mass diagnostic),document_shared,fixed_point_mass,10000,5000,5000
gumbel,shared_delta_iid_null_replacement,0.4,300,bayes_shared_rho0_0.1,bayes_shared_point_mass_diagnostic,fixed_horizon_mc_calibrated,0.05,0.0508,0.0031054584202658392,0.007399999999999962,0.001212042903531056,0.9926,-5.033787871634067,1.0,fixed rho=0.1 (point mass diagnostic),document_shared,fixed_point_mass,10000,5000,5000
gumbel,shared_delta_iid_null_replacement,0.4,700,bayes_shared_rho0_0.1,bayes_shared_point_mass_diagnostic,fixed_horizon_mc_calibrated,0.05,0.0488,0.00304691844328003,0.0028000000000000247,0.000747283078893136,0.9972,-6.24991864467749,1.0,fixed rho=0.1 (point mass diagnostic),document_shared,fixed_point_mass,10000,5000,5000
gumbel,shared_delta_iid_null_replacement,0.4,100,bayes_shared_rho0_0.15,bayes_shared_point_mass_diagnostic,fixed_horizon_mc_calibrated,0.05,0.0516,0.0031284961243383375,0.02839999999999998,0.0023491887961592183,0.9716,-3.639632109662916,1.0,fixed rho=0.15 (point mass diagnostic),document_shared,fixed_point_mass,10000,5000,5000
gumbel,shared_delta_iid_null_replacement,0.4,300,bayes_shared_rho0_0.15,bayes_shared_point_mass_diagnostic,fixed_horizon_mc_calibrated,0.05,0.0514,0.0031227564746550444,0.007399999999999962,0.001212042903531056,0.9926,-4.96180471461423,1.0,fixed rho=0.15 (point mass diagnostic),document_shared,fixed_point_mass,10000,5000,5000
gumbel,shared_delta_iid_null_replacement,0.4,700,bayes_shared_rho0_0.15,bayes_shared_point_mass_diagnostic,fixed_horizon_mc_calibrated,0.05,0.0488,0.00304691844328003,0.0028000000000000247,0.000747283078893136,0.9972,-6.158563029464375,1.0,fixed rho=0.15 (point mass diagnostic),document_shared,fixed_point_mass,10000,5000,5000
gumbel,shared_delta_iid_null_replacement,0.4,100,bayes_shared_rho0_0.25,bayes_shared_point_mass_diagnostic,fixed_horizon_mc_calibrated,0.05,0.0524,0.003151324800778238,0.028200000000000003,0.002341143310436164,0.9718,-3.5000222970503585,1.0,fixed rho=0.25 (point mass diagnostic),document_shared,fixed_point_mass,10000,5000,5000
gumbel,shared_delta_iid_null_replacement,0.4,300,bayes_shared_rho0_0.25,bayes_shared_point_mass_diagnostic,fixed_horizon_mc_calibrated,0.05,0.0498,0.0030763601869742106,0.007399999999999962,0.001212042903531056,0.9926,-4.8042878351286395,1.0,fixed rho=0.25 (point mass diagnostic),document_shared,fixed_point_mass,10000,5000,5000
gumbel,shared_delta_iid_null_replacement,0.4,700,bayes_shared_rho0_0.25,bayes_shared_point_mass_diagnostic,fixed_horizon_mc_calibrated,0.05,0.0502,0.003088040155179333,0.0028000000000000247,0.000747283078893136,0.9972,-5.964705326355851,1.0,fixed rho=0.25 (point mass diagnostic),document_shared,fixed_point_mass,10000,5000,5000
gumbel,shared_delta_iid_null_replacement,0.4,100,bayes_shared_rho0_0.4,bayes_shared_point_mass_diagnostic,fixed_horizon_mc_calibrated,0.05,0.0514,0.0031227564746550444,0.02859999999999996,0.002357203427793196,0.9714,-3.2504749057945466,1.0,fixed rho=0.4 (point mass diagnostic),document_shared,fixed_point_mass,10000,5000,5000
gumbel,shared_delta_iid_null_replacement,0.4,300,bayes_shared_rho0_0.4,bayes_shared_point_mass_diagnostic,fixed_horizon_mc_calibrated,0.05,0.0486,0.0030409879973455995,0.007399999999999962,0.001212042903531056,0.9926,-4.526941585114295,1.0,fixed rho=0.4 (point mass diagnostic),document_shared,fixed_point_mass,10000,5000,5000
gumbel,shared_delta_iid_null_replacement,0.4,700,bayes_shared_rho0_0.4,bayes_shared_point_mass_diagnostic,fixed_horizon_mc_calibrated,0.05,0.0532,0.003173948959892077,0.0028000000000000247,0.000747283078893136,0.9972,-5.630229658490547,1.0,fixed rho=0.4 (point mass diagnostic),document_shared,fixed_point_mass,10000,5000,5000
gumbel,shared_delta_iid_null_replacement,0.4,100,bayes_shared_rho0_0.5,bayes_shared_point_mass_diagnostic,fixed_horizon_mc_calibrated,0.05,0.0494,0.003064625262572897,0.029000000000000026,0.0023731413780051125,0.971,-3.0451984376416052,1.0,fixed rho=0.5 (point mass diagnostic),document_shared,fixed_point_mass,10000,5000,5000
gumbel,shared_delta_iid_null_replacement,0.4,300,bayes_shared_rho0_0.5,bayes_shared_point_mass_diagnostic,fixed_horizon_mc_calibrated,0.05,0.046,0.002962566454950842,0.007399999999999962,0.001212042903531056,0.9926,-4.2943340942844,1.0,fixed rho=0.5 (point mass diagnostic),document_shared,fixed_point_mass,10000,5000,5000
gumbel,shared_delta_iid_null_replacement,0.4,700,bayes_shared_rho0_0.5,bayes_shared_point_mass_diagnostic,fixed_horizon_mc_calibrated,0.05,0.0502,0.003088040155179333,0.0028000000000000247,0.000747283078893136,0.9972,-5.355803129326914,1.0,fixed rho=0.5 (point mass diagnostic),document_shared,fixed_point_mass,10000,5000,5000
gumbel,shared_delta_iid_null_replacement,0.4,100,bayes_shared_rho0_0.6,bayes_shared_point_mass_diagnostic,fixed_horizon_mc_calibrated,0.05,0.0492,0.0030587369942510585,0.029000000000000026,0.0023731413780051125,0.971,-2.783160986208609,1.0,fixed rho=0.6 (point mass diagnostic),document_shared,fixed_point_mass,10000,5000,5000
gumbel,shared_delta_iid_null_replacement,0.4,300,bayes_shared_rho0_0.6,bayes_shared_point_mass_diagnostic,fixed_horizon_mc_calibrated,0.05,0.0468,0.0029869636757081596,0.007399999999999962,0.001212042903531056,0.9926,-3.993511381863187,1.0,fixed rho=0.6 (point mass diagnostic),document_shared,fixed_point_mass,10000,5000,5000
gumbel,shared_delta_iid_null_replacement,0.4,700,bayes_shared_rho0_0.6,bayes_shared_point_mass_diagnostic,fixed_horizon_mc_calibrated,0.05,0.0492,0.0030587369942510585,0.0028000000000000247,0.000747283078893136,0.9972,-4.939510628545985,1.0,fixed rho=0.6 (point mass diagnostic),document_shared,fixed_point_mass,10000,5000,5000
gumbel,shared_delta_iid_null_replacement,0.4,100,trgof_s2,trgof,fixed_horizon_mc_calibrated,0.05,0.0538,0.0031907854832313627,0.12660000000000005,0.00470260438480636,0.8734,4.596557053637567,1.0,"none (Tr-GoF competitor, s=2; robust to null-like edits by construction rather than by a rho model)",not_applicable,not_applicable,10000,5000,5000
gumbel,shared_delta_iid_null_replacement,0.4,300,trgof_s2,trgof,fixed_horizon_mc_calibrated,0.05,0.0528,0.003162662169755094,0.041000000000000036,0.0028042467794400705,0.959,4.86509760988661,1.0,"none (Tr-GoF competitor, s=2; robust to null-like edits by construction rather than by a rho model)",not_applicable,not_applicable,10000,5000,5000
gumbel,shared_delta_iid_null_replacement,0.4,700,trgof_s2,trgof,fixed_horizon_mc_calibrated,0.05,0.0514,0.0031227564746550444,0.018000000000000016,0.0018802127539190886,0.982,5.2149727084049005,1.0,"none (Tr-GoF competitor, s=2; robust to null-like edits by construction rather than by a rho model)",not_applicable,not_applicable,10000,5000,5000
gumbel,shared_delta_iid_null_replacement,0.4,100,bayes_shared_dirichlet_clean,bayes_shared_dirichlet,fixed_horizon_mc_calibrated,0.05,0.0518,0.003134222710657301,0.029000000000000026,0.0023731413780051125,0.971,-3.4948435425765316,1.0,fixed rho=0,document_shared_plus_dirichlet_tail_prior,fixed_zero,10000,5000,5000
gumbel,shared_delta_iid_null_replacement,0.4,300,bayes_shared_dirichlet_clean,bayes_shared_dirichlet,fixed_horizon_mc_calibrated,0.05,0.0462,0.002968688599365046,0.007399999999999962,0.001212042903531056,0.9926,-4.687204322930492,1.0,fixed rho=0,document_shared_plus_dirichlet_tail_prior,fixed_zero,10000,5000,5000
gumbel,shared_delta_iid_null_replacement,0.4,700,bayes_shared_dirichlet_clean,bayes_shared_dirichlet,fixed_horizon_mc_calibrated,0.05,0.0502,0.003088040155179333,0.0028000000000000247,0.000747283078893136,0.9972,-5.709947554845691,1.0,fixed rho=0,document_shared_plus_dirichlet_tail_prior,fixed_zero,10000,5000,5000
gumbel,shared_delta_iid_null_replacement,0.4,100,bayes_shared_dirichlet_robust,bayes_shared_dirichlet,fixed_horizon_mc_calibrated,0.05,0.0518,0.003134222710657301,0.029000000000000026,0.0023731413780051125,0.971,-3.0106109571856434,1.0,shared spike-and-grid prior,document_shared_plus_dirichlet_tail_prior,document_shared,10000,5000,5000
gumbel,shared_delta_iid_null_replacement,0.4,300,bayes_shared_dirichlet_robust,bayes_shared_dirichlet,fixed_horizon_mc_calibrated,0.05,0.0454,0.002944107334999864,0.007399999999999962,0.001212042903531056,0.9926,-4.131083093596716,1.0,shared spike-and-grid prior,document_shared_plus_dirichlet_tail_prior,document_shared,10000,5000,5000
gumbel,shared_delta_iid_null_replacement,0.4,700,bayes_shared_dirichlet_robust,bayes_shared_dirichlet,fixed_horizon_mc_calibrated,0.05,0.0492,0.0030587369942510585,0.0028000000000000247,0.000747283078893136,0.9972,-5.06697184508435,1.0,shared spike-and-grid prior,document_shared_plus_dirichlet_tail_prior,document_shared,10000,5000,5000
gumbel,shared_delta_iid_null_replacement,0.4,100,bayes_shared_uniontail_clean,bayes_shared_uniontail,fixed_horizon_mc_calibrated,0.05,0.049,0.0030528347482299137,0.030200000000000005,0.0024202462684611253,0.9698,-1.4107859963043659,1.0,fixed rho=0,document_shared_plus_tail_width_prior,fixed_zero,10000,5000,5000
gumbel,shared_delta_iid_null_replacement,0.4,300,bayes_shared_uniontail_clean,bayes_shared_uniontail,fixed_horizon_mc_calibrated,0.05,0.051,0.003111237695837462,0.008000000000000007,0.0012598412598418905,0.992,-2.389933881620213,1.0,fixed rho=0,document_shared_plus_tail_width_prior,fixed_zero,10000,5000,5000
gumbel,shared_delta_iid_null_replacement,0.4,700,bayes_shared_uniontail_clean,bayes_shared_uniontail,fixed_horizon_mc_calibrated,0.05,0.0588,0.0033269373303385203,0.0038000000000000256,0.0008701218305501851,0.9962,-3.1571549589332024,1.0,fixed rho=0,document_shared_plus_tail_width_prior,fixed_zero,10000,5000,5000
gumbel,shared_delta_iid_null_replacement,0.4,100,bayes_shared_uniontail_robust,bayes_shared_uniontail,fixed_horizon_mc_calibrated,0.05,0.0484,0.0030350433275325743,0.030200000000000005,0.0024202462684611253,0.9698,-0.9599950671428967,1.0,shared spike-and-grid prior,document_shared_plus_tail_width_prior,document_shared,10000,5000,5000
gumbel,shared_delta_iid_null_replacement,0.4,300,bayes_shared_uniontail_robust,bayes_shared_uniontail,fixed_horizon_mc_calibrated,0.05,0.0518,0.003134222710657301,0.008199999999999985,0.0012753634776015805,0.9918,-1.8519266240473726,1.0,shared spike-and-grid prior,document_shared_plus_tail_width_prior,document_shared,10000,5000,5000
gumbel,shared_delta_iid_null_replacement,0.4,700,bayes_shared_uniontail_robust,bayes_shared_uniontail,fixed_horizon_mc_calibrated,0.05,0.0538,0.0031907854832313627,0.0040000000000000036,0.0008926365441768563,0.996,-2.57642867604967,1.0,shared spike-and-grid prior,document_shared_plus_tail_width_prior,document_shared,10000,5000,5000
gumbel,shared_delta_iid_null_replacement,0.6,100,h_ars,paper_score,fixed_horizon_mc_calibrated,0.05,0.0534,0.0031795735563122296,0.1068,0.004367923076245735,0.8932,116.741521021977,1.0,none (reference score),not_applicable,not_applicable,10000,5000,5000
gumbel,shared_delta_iid_null_replacement,0.6,300,h_ars,paper_score,fixed_horizon_mc_calibrated,0.05,0.0556,0.0032406369744233925,0.0484,0.0030350433275325743,0.9516,328.42232628333807,1.0,none (reference score),not_applicable,not_applicable,10000,5000,5000
gumbel,shared_delta_iid_null_replacement,0.6,700,h_ars,paper_score,fixed_horizon_mc_calibrated,0.05,0.0544,0.0032075111847038036,0.028800000000000048,0.002365187518992946,0.9712,743.9873050107062,1.0,none (reference score),not_applicable,not_applicable,10000,5000,5000
gumbel,shared_delta_iid_null_replacement,0.6,100,h_log,paper_score,fixed_horizon_mc_calibrated,0.05,0.049,0.0030528347482299137,0.46799999999999997,0.007056571405434795,0.532,-84.34773393867616,1.0,none (reference score),not_applicable,not_applicable,10000,5000,5000
gumbel,shared_delta_iid_null_replacement,0.6,300,h_log,paper_score,fixed_horizon_mc_calibrated,0.05,0.0484,0.0030350433275325743,0.25860000000000005,0.006192350765258699,0.7414,-271.9120771337723,1.0,none (reference score),not_applicable,not_applicable,10000,5000,5000
gumbel,shared_delta_iid_null_replacement,0.6,700,h_log,paper_score,fixed_horizon_mc_calibrated,0.05,0.0498,0.0030763601869742106,0.15959999999999996,0.0051793404985577066,0.8404,-657.084788813401,1.0,none (reference score),not_applicable,not_applicable,10000,5000,5000
gumbel,shared_delta_iid_null_replacement,0.6,100,h_ind_1_over_e,paper_score,fixed_horizon_mc_calibrated,0.05,0.04852162162162162,0.0030386600289216232,0.5862540540540541,0.006965059054440821,0.41374594594594594,71.0,0.44594594594594594,none (reference score),not_applicable,not_applicable,10000,5000,5000
gumbel,shared_delta_iid_null_replacement,0.6,300,h_ind_1_over_e,paper_score,fixed_horizon_mc_calibrated,0.05,0.04863636363636364,0.0030420673157770537,0.3348,0.006673963739787623,0.6652,203.0,0.1590909090909091,none (reference score),not_applicable,not_applicable,10000,5000,5000
gumbel,shared_delta_iid_null_replacement,0.6,700,h_ind_1_over_e,paper_score,fixed_horizon_mc_calibrated,0.05,0.05075223880597015,0.003104076321940294,0.21161791044776113,0.005776430912345173,0.7883820895522389,463.0,0.14925373134328357,none (reference score),not_applicable,not_applicable,10000,5000,5000
gumbel,shared_delta_iid_null_replacement,0.6,100,h_gum_star_0.1,paper_score,fixed_horizon_mc_calibrated,0.05,0.0538,0.0031907854832313627,0.235,0.005996248827392005,0.765,0.9229532046689128,1.0,none (reference score),not_applicable,not_applicable,10000,5000,5000
gumbel,shared_delta_iid_null_replacement,0.6,300,h_gum_star_0.1,paper_score,fixed_horizon_mc_calibrated,0.05,0.0504,0.0030938597253269257,0.129,0.004740443017271698,0.871,-1.9779365568707374,1.0,none (reference score),not_applicable,not_applicable,10000,5000,5000
gumbel,shared_delta_iid_null_replacement,0.6,700,h_gum_star_0.1,paper_score,fixed_horizon_mc_calibrated,0.05,0.0546,0.003213062090903318,0.08079999999999998,0.0038541240249893357,0.9192,-10.121958734597442,1.0,none (reference score),not_applicable,not_applicable,10000,5000,5000
gumbel,shared_delta_iid_null_replacement,0.6,100,h_gum_star_0.01,paper_score,fixed_horizon_mc_calibrated,0.05,0.0524,0.003151324800778238,0.09440000000000004,0.004134939902828094,0.9056,0.8500664249199585,1.0,none (reference score),not_applicable,not_applicable,10000,5000,5000
gumbel,shared_delta_iid_null_replacement,0.6,300,h_gum_star_0.01,paper_score,fixed_horizon_mc_calibrated,0.05,0.057,0.0032787497617232093,0.046599999999999975,0.0029808871162793123,0.9534,1.1337623423913146,1.0,none (reference score),not_applicable,not_applicable,10000,5000,5000
gumbel,shared_delta_iid_null_replacement,0.6,700,h_gum_star_0.01,paper_score,fixed_horizon_mc_calibrated,0.05,0.051,0.003111237695837462,0.025800000000000045,0.0022420686876186485,0.9742,1.2976322048488296,1.0,none (reference score),not_applicable,not_applicable,10000,5000,5000
gumbel,shared_delta_iid_null_replacement,0.6,100,h_gum_star_0.005,paper_score,fixed_horizon_mc_calibrated,0.05,0.0502,0.003088040155179333,0.07240000000000002,0.0036649212815557178,0.9276,0.669289412890639,1.0,none (reference score),not_applicable,not_applicable,10000,5000,5000
gumbel,shared_delta_iid_null_replacement,0.6,300,h_gum_star_0.005,paper_score,fixed_horizon_mc_calibrated,0.05,0.0512,0.0031170036894427955,0.03380000000000005,0.0025556822963741033,0.9662,0.938135888232902,1.0,none (reference score),not_applicable,not_applicable,10000,5000,5000
gumbel,shared_delta_iid_null_replacement,0.6,700,h_gum_star_0.005,paper_score,fixed_horizon_mc_calibrated,0.05,0.0524,0.003151324800778238,0.01880000000000004,0.0019207581836347876,0.9812,1.2064821198578646,1.0,none (reference score),not_applicable,not_applicable,10000,5000,5000
gumbel,shared_delta_iid_null_replacement,0.6,100,bayes_tokenwise_clean,bayes_tokenwise_sensitivity,fixed_horizon_mc_calibrated,0.05,0.0534,0.0031795735563122296,0.057599999999999985,0.0032949124419322583,0.9424,-25.639260256736588,1.0,fixed rho=0,tokenwise,fixed_zero,10000,5000,5000
gumbel,shared_delta_iid_null_replacement,0.6,300,bayes_tokenwise_clean,bayes_tokenwise_sensitivity,fixed_horizon_mc_calibrated,0.05,0.0436,0.0028878725733660756,0.026599999999999957,0.002275629143775407,0.9734,-83.67352537145462,1.0,fixed rho=0,tokenwise,fixed_zero,10000,5000,5000
gumbel,shared_delta_iid_null_replacement,0.6,700,bayes_tokenwise_clean,bayes_tokenwise_sensitivity,fixed_horizon_mc_calibrated,0.05,0.052,0.003139936305086458,0.014399999999999968,0.0016847931623792855,0.9856,-204.08116249667228,1.0,fixed rho=0,tokenwise,fixed_zero,10000,5000,5000
gumbel,shared_delta_iid_null_replacement,0.6,100,bayes_tokenwise_robust,bayes_tokenwise_sensitivity,fixed_horizon_mc_calibrated,0.05,0.053,0.003168311853337673,0.0534,0.0031795735563122296,0.9466,-19.549582603394782,1.0,tokenwise prior; equivalent fixed mean rho=0.16875,tokenwise,tokenwise_collapses_to_prior_mean,10000,5000,5000
gumbel,shared_delta_iid_null_replacement,0.6,300,bayes_tokenwise_robust,bayes_tokenwise_sensitivity,fixed_horizon_mc_calibrated,0.05,0.0446,0.0029192752525241603,0.0232,0.0021289321266775977,0.9768,-64.86027191354007,1.0,tokenwise prior; equivalent fixed mean rho=0.16875,tokenwise,tokenwise_collapses_to_prior_mean,10000,5000,5000
gumbel,shared_delta_iid_null_replacement,0.6,700,bayes_tokenwise_robust,bayes_tokenwise_sensitivity,fixed_horizon_mc_calibrated,0.05,0.053,0.003168311853337673,0.012599999999999945,0.0015774181436765552,0.9874,-158.72718965266338,1.0,tokenwise prior; equivalent fixed mean rho=0.16875,tokenwise,tokenwise_collapses_to_prior_mean,10000,5000,5000
gumbel,shared_delta_iid_null_replacement,0.6,100,bayes_shared_clean,bayes_shared,fixed_horizon_mc_calibrated,0.05,0.0518,0.003134222710657301,0.04459999999999997,0.0029192752525241594,0.9554,-3.820224419530269,1.0,fixed rho=0,document_shared,fixed_zero,10000,5000,5000
gumbel,shared_delta_iid_null_replacement,0.6,300,bayes_shared_clean,bayes_shared,fixed_horizon_mc_calibrated,0.05,0.05,0.0030822070014844883,0.01200000000000001,0.0015398701243936133,0.988,-5.168044826821097,1.0,fixed rho=0,document_shared,fixed_zero,10000,5000,5000
gumbel,shared_delta_iid_null_replacement,0.6,700,bayes_shared_clean,bayes_shared,fixed_horizon_mc_calibrated,0.05,0.0488,0.00304691844328003,0.0050000000000000044,0.0009974968671630005,0.995,-6.424084450622298,1.0,fixed rho=0,document_shared,fixed_zero,10000,5000,5000
gumbel,shared_delta_iid_null_replacement,0.6,100,bayes_shared_robust,bayes_shared,fixed_horizon_mc_calibrated,0.05,0.0502,0.003088040155179333,0.04379999999999995,0.0028941858958954226,0.9562,-3.4855179614509093,1.0,shared spike-and-grid prior,document_shared,document_shared,10000,5000,5000
gumbel,shared_delta_iid_null_replacement,0.6,300,bayes_shared_robust,bayes_shared,fixed_horizon_mc_calibrated,0.05,0.047,0.002993025225419926,0.01200000000000001,0.0015398701243936133,0.988,-4.786814714788472,1.0,shared spike-and-grid prior,document_shared,document_shared,10000,5000,5000
gumbel,shared_delta_iid_null_replacement,0.6,700,bayes_shared_robust,bayes_shared,fixed_horizon_mc_calibrated,0.05,0.0518,0.003134222710657301,0.005600000000000049,0.0010553331227626706,0.9944,-5.937157856593611,1.0,shared spike-and-grid prior,document_shared,document_shared,10000,5000,5000
gumbel,shared_delta_iid_null_replacement,0.6,100,bayes_shared_rho0_0.1,bayes_shared_point_mass_diagnostic,fixed_horizon_mc_calibrated,0.05,0.0514,0.0031227564746550444,0.04459999999999997,0.0029192752525241594,0.9554,-3.7024534744349906,1.0,fixed rho=0.1 (point mass diagnostic),document_shared,fixed_point_mass,10000,5000,5000
gumbel,shared_delta_iid_null_replacement,0.6,300,bayes_shared_rho0_0.1,bayes_shared_point_mass_diagnostic,fixed_horizon_mc_calibrated,0.05,0.0508,0.0031054584202658392,0.01200000000000001,0.0015398701243936133,0.988,-5.033787871634067,1.0,fixed rho=0.1 (point mass diagnostic),document_shared,fixed_point_mass,10000,5000,5000
gumbel,shared_delta_iid_null_replacement,0.6,700,bayes_shared_rho0_0.1,bayes_shared_point_mass_diagnostic,fixed_horizon_mc_calibrated,0.05,0.0488,0.00304691844328003,0.005199999999999982,0.001017148956643026,0.9948,-6.24991864467749,1.0,fixed rho=0.1 (point mass diagnostic),document_shared,fixed_point_mass,10000,5000,5000
gumbel,shared_delta_iid_null_replacement,0.6,100,bayes_shared_rho0_0.15,bayes_shared_point_mass_diagnostic,fixed_horizon_mc_calibrated,0.05,0.0516,0.0031284961243383375,0.04420000000000002,0.002906763148245829,0.9558,-3.639632109662916,1.0,fixed rho=0.15 (point mass diagnostic),document_shared,fixed_point_mass,10000,5000,5000
gumbel,shared_delta_iid_null_replacement,0.6,300,bayes_shared_rho0_0.15,bayes_shared_point_mass_diagnostic,fixed_horizon_mc_calibrated,0.05,0.0514,0.0031227564746550444,0.01200000000000001,0.0015398701243936133,0.988,-4.96180471461423,1.0,fixed rho=0.15 (point mass diagnostic),document_shared,fixed_point_mass,10000,5000,5000
gumbel,shared_delta_iid_null_replacement,0.6,700,bayes_shared_rho0_0.15,bayes_shared_point_mass_diagnostic,fixed_horizon_mc_calibrated,0.05,0.0488,0.00304691844328003,0.005199999999999982,0.001017148956643026,0.9948,-6.158563029464375,1.0,fixed rho=0.15 (point mass diagnostic),document_shared,fixed_point_mass,10000,5000,5000
gumbel,shared_delta_iid_null_replacement,0.6,100,bayes_shared_rho0_0.25,bayes_shared_point_mass_diagnostic,fixed_horizon_mc_calibrated,0.05,0.0524,0.003151324800778238,0.04400000000000004,0.002900482718445329,0.956,-3.5000222970503585,1.0,fixed rho=0.25 (point mass diagnostic),document_shared,fixed_point_mass,10000,5000,5000
gumbel,shared_delta_iid_null_replacement,0.6,300,bayes_shared_rho0_0.25,bayes_shared_point_mass_diagnostic,fixed_horizon_mc_calibrated,0.05,0.0498,0.0030763601869742106,0.011800000000000033,0.0015271385005951512,0.9882,-4.8042878351286395,1.0,fixed rho=0.25 (point mass diagnostic),document_shared,fixed_point_mass,10000,5000,5000
gumbel,shared_delta_iid_null_replacement,0.6,700,bayes_shared_rho0_0.25,bayes_shared_point_mass_diagnostic,fixed_horizon_mc_calibrated,0.05,0.0502,0.003088040155179333,0.005199999999999982,0.001017148956643026,0.9948,-5.964705326355851,1.0,fixed rho=0.25 (point mass diagnostic),document_shared,fixed_point_mass,10000,5000,5000
gumbel,shared_delta_iid_null_replacement,0.6,100,bayes_shared_rho0_0.4,bayes_shared_point_mass_diagnostic,fixed_horizon_mc_calibrated,0.05,0.0514,0.0031227564746550444,0.04400000000000004,0.002900482718445329,0.956,-3.2504749057945466,1.0,fixed rho=0.4 (point mass diagnostic),document_shared,fixed_point_mass,10000,5000,5000
gumbel,shared_delta_iid_null_replacement,0.6,300,bayes_shared_rho0_0.4,bayes_shared_point_mass_diagnostic,fixed_horizon_mc_calibrated,0.05,0.0486,0.0030409879973455995,0.011800000000000033,0.0015271385005951512,0.9882,-4.526941585114295,1.0,fixed rho=0.4 (point mass diagnostic),document_shared,fixed_point_mass,10000,5000,5000
gumbel,shared_delta_iid_null_replacement,0.6,700,bayes_shared_rho0_0.4,bayes_shared_point_mass_diagnostic,fixed_horizon_mc_calibrated,0.05,0.0532,0.003173948959892077,0.005600000000000049,0.0010553331227626706,0.9944,-5.630229658490547,1.0,fixed rho=0.4 (point mass diagnostic),document_shared,fixed_point_mass,10000,5000,5000
gumbel,shared_delta_iid_null_replacement,0.6,100,bayes_shared_rho0_0.5,bayes_shared_point_mass_diagnostic,fixed_horizon_mc_calibrated,0.05,0.0494,0.003064625262572897,0.043399999999999994,0.002881542642405279,0.9566,-3.0451984376416052,1.0,fixed rho=0.5 (point mass diagnostic),document_shared,fixed_point_mass,10000,5000,5000
gumbel,shared_delta_iid_null_replacement,0.6,300,bayes_shared_rho0_0.5,bayes_shared_point_mass_diagnostic,fixed_horizon_mc_calibrated,0.05,0.046,0.002962566454950842,0.012199999999999989,0.0015524921899964577,0.9878,-4.2943340942844,1.0,fixed rho=0.5 (point mass diagnostic),document_shared,fixed_point_mass,10000,5000,5000
gumbel,shared_delta_iid_null_replacement,0.6,700,bayes_shared_rho0_0.5,bayes_shared_point_mass_diagnostic,fixed_horizon_mc_calibrated,0.05,0.0502,0.003088040155179333,0.005600000000000049,0.0010553331227626706,0.9944,-5.355803129326914,1.0,fixed rho=0.5 (point mass diagnostic),document_shared,fixed_point_mass,10000,5000,5000
gumbel,shared_delta_iid_null_replacement,0.6,100,bayes_shared_rho0_0.6,bayes_shared_point_mass_diagnostic,fixed_horizon_mc_calibrated,0.05,0.0492,0.0030587369942510585,0.04279999999999995,0.0028624520956690245,0.9572,-2.783160986208609,1.0,fixed rho=0.6 (point mass diagnostic),document_shared,fixed_point_mass,10000,5000,5000
gumbel,shared_delta_iid_null_replacement,0.6,300,bayes_shared_rho0_0.6,bayes_shared_point_mass_diagnostic,fixed_horizon_mc_calibrated,0.05,0.0468,0.0029869636757081596,0.01200000000000001,0.0015398701243936133,0.988,-3.993511381863187,1.0,fixed rho=0.6 (point mass diagnostic),document_shared,fixed_point_mass,10000,5000,5000
gumbel,shared_delta_iid_null_replacement,0.6,700,bayes_shared_rho0_0.6,bayes_shared_point_mass_diagnostic,fixed_horizon_mc_calibrated,0.05,0.0492,0.0030587369942510585,0.005600000000000049,0.0010553331227626706,0.9944,-4.939510628545985,1.0,fixed rho=0.6 (point mass diagnostic),document_shared,fixed_point_mass,10000,5000,5000
gumbel,shared_delta_iid_null_replacement,0.6,100,trgof_s2,trgof,fixed_horizon_mc_calibrated,0.05,0.0538,0.0031907854832313627,0.19140000000000001,0.005563560730323702,0.8086,4.596557053637567,1.0,"none (Tr-GoF competitor, s=2; robust to null-like edits by construction rather than by a rho model)",not_applicable,not_applicable,10000,5000,5000
gumbel,shared_delta_iid_null_replacement,0.6,300,trgof_s2,trgof,fixed_horizon_mc_calibrated,0.05,0.0528,0.003162662169755094,0.06640000000000001,0.003521108916236475,0.9336,4.86509760988661,1.0,"none (Tr-GoF competitor, s=2; robust to null-like edits by construction rather than by a rho model)",not_applicable,not_applicable,10000,5000,5000
gumbel,shared_delta_iid_null_replacement,0.6,700,trgof_s2,trgof,fixed_horizon_mc_calibrated,0.05,0.0514,0.0031227564746550444,0.027000000000000024,0.002292204179387169,0.973,5.2149727084049005,1.0,"none (Tr-GoF competitor, s=2; robust to null-like edits by construction rather than by a rho model)",not_applicable,not_applicable,10000,5000,5000
gumbel,shared_delta_iid_null_replacement,0.6,100,bayes_shared_dirichlet_clean,bayes_shared_dirichlet,fixed_horizon_mc_calibrated,0.05,0.0518,0.003134222710657301,0.04259999999999997,0.002856054621326419,0.9574,-3.4948435425765316,1.0,fixed rho=0,document_shared_plus_dirichlet_tail_prior,fixed_zero,10000,5000,5000
gumbel,shared_delta_iid_null_replacement,0.6,300,bayes_shared_dirichlet_clean,bayes_shared_dirichlet,fixed_horizon_mc_calibrated,0.05,0.0462,0.002968688599365046,0.01200000000000001,0.0015398701243936133,0.988,-4.687204322930492,1.0,fixed rho=0,document_shared_plus_dirichlet_tail_prior,fixed_zero,10000,5000,5000
gumbel,shared_delta_iid_null_replacement,0.6,700,bayes_shared_dirichlet_clean,bayes_shared_dirichlet,fixed_horizon_mc_calibrated,0.05,0.0502,0.003088040155179333,0.005800000000000027,0.0010739050237334796,0.9942,-5.709947554845691,1.0,fixed rho=0,document_shared_plus_dirichlet_tail_prior,fixed_zero,10000,5000,5000
gumbel,shared_delta_iid_null_replacement,0.6,100,bayes_shared_dirichlet_robust,bayes_shared_dirichlet,fixed_horizon_mc_calibrated,0.05,0.0518,0.003134222710657301,0.04259999999999997,0.002856054621326419,0.9574,-3.0106109571856434,1.0,shared spike-and-grid prior,document_shared_plus_dirichlet_tail_prior,document_shared,10000,5000,5000
gumbel,shared_delta_iid_null_replacement,0.6,300,bayes_shared_dirichlet_robust,bayes_shared_dirichlet,fixed_horizon_mc_calibrated,0.05,0.0454,0.002944107334999864,0.01200000000000001,0.0015398701243936133,0.988,-4.131083093596716,1.0,shared spike-and-grid prior,document_shared_plus_dirichlet_tail_prior,document_shared,10000,5000,5000
gumbel,shared_delta_iid_null_replacement,0.6,700,bayes_shared_dirichlet_robust,bayes_shared_dirichlet,fixed_horizon_mc_calibrated,0.05,0.0492,0.0030587369942510585,0.005800000000000027,0.0010739050237334796,0.9942,-5.06697184508435,1.0,shared spike-and-grid prior,document_shared_plus_dirichlet_tail_prior,document_shared,10000,5000,5000
gumbel,shared_delta_iid_null_replacement,0.6,100,bayes_shared_uniontail_clean,bayes_shared_uniontail,fixed_horizon_mc_calibrated,0.05,0.049,0.0030528347482299137,0.04600000000000004,0.0029625664549508433,0.954,-1.4107859963043659,1.0,fixed rho=0,document_shared_plus_tail_width_prior,fixed_zero,10000,5000,5000
gumbel,shared_delta_iid_null_replacement,0.6,300,bayes_shared_uniontail_clean,bayes_shared_uniontail,fixed_horizon_mc_calibrated,0.05,0.051,0.003111237695837462,0.012800000000000034,0.0015897270205919023,0.9872,-2.389933881620213,1.0,fixed rho=0,document_shared_plus_tail_width_prior,fixed_zero,10000,5000,5000
gumbel,shared_delta_iid_null_replacement,0.6,700,bayes_shared_uniontail_clean,bayes_shared_uniontail,fixed_horizon_mc_calibrated,0.05,0.0588,0.0033269373303385203,0.006399999999999961,0.0011277446519491869,0.9936,-3.1571549589332024,1.0,fixed rho=0,document_shared_plus_tail_width_prior,fixed_zero,10000,5000,5000
gumbel,shared_delta_iid_null_replacement,0.6,100,bayes_shared_uniontail_robust,bayes_shared_uniontail,fixed_horizon_mc_calibrated,0.05,0.0484,0.0030350433275325743,0.046599999999999975,0.0029808871162793123,0.9534,-0.9599950671428967,1.0,shared spike-and-grid prior,document_shared_plus_tail_width_prior,document_shared,10000,5000,5000
gumbel,shared_delta_iid_null_replacement,0.6,300,bayes_shared_uniontail_robust,bayes_shared_uniontail,fixed_horizon_mc_calibrated,0.05,0.0518,0.003134222710657301,0.013000000000000012,0.0016019363283226965,0.987,-1.8519266240473726,1.0,shared spike-and-grid prior,document_shared_plus_tail_width_prior,document_shared,10000,5000,5000
gumbel,shared_delta_iid_null_replacement,0.6,700,bayes_shared_uniontail_robust,bayes_shared_uniontail,fixed_horizon_mc_calibrated,0.05,0.0538,0.0031907854832313627,0.00660000000000005,0.0011451148414023853,0.9934,-2.57642867604967,1.0,shared spike-and-grid prior,document_shared_plus_tail_width_prior,document_shared,10000,5000,5000
gumbel,shared_delta_iid_null_replacement,1.0,100,h_ars,paper_score,fixed_horizon_mc_calibrated,0.05,0.0534,0.0031795735563122296,0.9508,0.0030587369942510594,0.0492,116.741521021977,1.0,none (reference score),not_applicable,not_applicable,10000,5000,5000
gumbel,shared_delta_iid_null_replacement,1.0,300,h_ars,paper_score,fixed_horizon_mc_calibrated,0.05,0.0556,0.0032406369744233925,0.9484,0.003128496124338337,0.0516,328.42232628333807,1.0,none (reference score),not_applicable,not_applicable,10000,5000,5000
gumbel,shared_delta_iid_null_replacement,1.0,700,h_ars,paper_score,fixed_horizon_mc_calibrated,0.05,0.0544,0.0032075111847038036,0.9434,0.0032679179916270842,0.0566,743.9873050107062,1.0,none (reference score),not_applicable,not_applicable,10000,5000,5000
gumbel,shared_delta_iid_null_replacement,1.0,100,h_log,paper_score,fixed_horizon_mc_calibrated,0.05,0.049,0.0030528347482299137,0.9484,0.003128496124338337,0.0516,-84.34773393867616,1.0,none (reference score),not_applicable,not_applicable,10000,5000,5000
gumbel,shared_delta_iid_null_replacement,1.0,300,h_log,paper_score,fixed_horizon_mc_calibrated,0.05,0.0484,0.0030350433275325743,0.9532,0.002986963675708158,0.0468,-271.9120771337723,1.0,none (reference score),not_applicable,not_applicable,10000,5000,5000
gumbel,shared_delta_iid_null_replacement,1.0,700,h_log,paper_score,fixed_horizon_mc_calibrated,0.05,0.0498,0.0030763601869742106,0.9498,0.003088040155179334,0.0502,-657.084788813401,1.0,none (reference score),not_applicable,not_applicable,10000,5000,5000
gumbel,shared_delta_iid_null_replacement,1.0,100,h_ind_1_over_e,paper_score,fixed_horizon_mc_calibrated,0.05,0.04852162162162162,0.0030386600289216232,0.9492783783783784,0.003103189930432705,0.050721621621621624,71.0,0.44594594594594594,none (reference score),not_applicable,not_applicable,10000,5000,5000
gumbel,shared_delta_iid_null_replacement,1.0,300,h_ind_1_over_e,paper_score,fixed_horizon_mc_calibrated,0.05,0.04863636363636364,0.0030420673157770537,0.95395,0.002964098429539749,0.04605,203.0,0.1590909090909091,none (reference score),not_applicable,not_applicable,10000,5000,5000
gumbel,shared_delta_iid_null_replacement,1.0,700,h_ind_1_over_e,paper_score,fixed_horizon_mc_calibrated,0.05,0.05075223880597015,0.003104076321940294,0.9512567164179104,0.0030452381150814977,0.04874328358208955,463.0,0.14925373134328357,none (reference score),not_applicable,not_applicable,10000,5000,5000
gumbel,shared_delta_iid_null_replacement,1.0,100,h_gum_star_0.1,paper_score,fixed_horizon_mc_calibrated,0.05,0.0538,0.0031907854832313627,0.952,0.0030231109804305907,0.048,0.9229532046689128,1.0,none (reference score),not_applicable,not_applicable,10000,5000,5000
gumbel,shared_delta_iid_null_replacement,1.0,300,h_gum_star_0.1,paper_score,fixed_horizon_mc_calibrated,0.05,0.0504,0.0030938597253269257,0.9538,0.002968688599365047,0.0462,-1.9779365568707374,1.0,none (reference score),not_applicable,not_applicable,10000,5000,5000
gumbel,shared_delta_iid_null_replacement,1.0,700,h_gum_star_0.1,paper_score,fixed_horizon_mc_calibrated,0.05,0.0546,0.003213062090903318,0.9422,0.0033002775640845715,0.0578,-10.121958734597442,1.0,none (reference score),not_applicable,not_applicable,10000,5000,5000
gumbel,shared_delta_iid_null_replacement,1.0,100,h_gum_star_0.01,paper_score,fixed_horizon_mc_calibrated,0.05,0.0524,0.003151324800778238,0.9496,0.0030938597253269257,0.0504,0.8500664249199585,1.0,none (reference score),not_applicable,not_applicable,10000,5000,5000
gumbel,shared_delta_iid_null_replacement,1.0,300,h_gum_star_0.01,paper_score,fixed_horizon_mc_calibrated,0.05,0.057,0.0032787497617232093,0.947,0.0031683118533376744,0.053,1.1337623423913146,1.0,none (reference score),not_applicable,not_applicable,10000,5000,5000
gumbel,shared_delta_iid_null_replacement,1.0,700,h_gum_star_0.01,paper_score,fixed_horizon_mc_calibrated,0.05,0.051,0.003111237695837462,0.9534,0.0029808871162793123,0.0466,1.2976322048488296,1.0,none (reference score),not_applicable,not_applicable,10000,5000,5000
gumbel,shared_delta_iid_null_replacement,1.0,100,h_gum_star_0.005,paper_score,fixed_horizon_mc_calibrated,0.05,0.0502,0.003088040155179333,0.9522,0.0030171231330524103,0.0478,0.669289412890639,1.0,none (reference score),not_applicable,not_applicable,10000,5000,5000
gumbel,shared_delta_iid_null_replacement,1.0,300,h_gum_star_0.005,paper_score,fixed_horizon_mc_calibrated,0.05,0.0512,0.0031170036894427955,0.9492,0.003105458420265838,0.0508,0.938135888232902,1.0,none (reference score),not_applicable,not_applicable,10000,5000,5000
gumbel,shared_delta_iid_null_replacement,1.0,700,h_gum_star_0.005,paper_score,fixed_horizon_mc_calibrated,0.05,0.0524,0.003151324800778238,0.952,0.0030231109804305907,0.048,1.2064821198578646,1.0,none (reference score),not_applicable,not_applicable,10000,5000,5000
gumbel,shared_delta_iid_null_replacement,1.0,100,bayes_tokenwise_clean,bayes_tokenwise_sensitivity,fixed_horizon_mc_calibrated,0.05,0.0534,0.0031795735563122296,0.952,0.0030231109804305907,0.048,-25.639260256736588,1.0,fixed rho=0,tokenwise,fixed_zero,10000,5000,5000
gumbel,shared_delta_iid_null_replacement,1.0,300,bayes_tokenwise_clean,bayes_tokenwise_sensitivity,fixed_horizon_mc_calibrated,0.05,0.0436,0.0028878725733660756,0.956,0.002900482718445329,0.044,-83.67352537145462,1.0,fixed rho=0,tokenwise,fixed_zero,10000,5000,5000
gumbel,shared_delta_iid_null_replacement,1.0,700,bayes_tokenwise_clean,bayes_tokenwise_sensitivity,fixed_horizon_mc_calibrated,0.05,0.052,0.003139936305086458,0.9502,0.0030763601869742093,0.0498,-204.08116249667228,1.0,fixed rho=0,tokenwise,fixed_zero,10000,5000,5000
gumbel,shared_delta_iid_null_replacement,1.0,100,bayes_tokenwise_robust,bayes_tokenwise_sensitivity,fixed_horizon_mc_calibrated,0.05,0.053,0.003168311853337673,0.952,0.0030231109804305907,0.048,-19.549582603394782,1.0,tokenwise prior; equivalent fixed mean rho=0.16875,tokenwise,tokenwise_collapses_to_prior_mean,10000,5000,5000
gumbel,shared_delta_iid_null_replacement,1.0,300,bayes_tokenwise_robust,bayes_tokenwise_sensitivity,fixed_horizon_mc_calibrated,0.05,0.0446,0.0029192752525241603,0.9562,0.0028941858958954226,0.0438,-64.86027191354007,1.0,tokenwise prior; equivalent fixed mean rho=0.16875,tokenwise,tokenwise_collapses_to_prior_mean,10000,5000,5000
gumbel,shared_delta_iid_null_replacement,1.0,700,bayes_tokenwise_robust,bayes_tokenwise_sensitivity,fixed_horizon_mc_calibrated,0.05,0.053,0.003168311853337673,0.951,0.0030528347482299146,0.049,-158.72718965266338,1.0,tokenwise prior; equivalent fixed mean rho=0.16875,tokenwise,tokenwise_collapses_to_prior_mean,10000,5000,5000
gumbel,shared_delta_iid_null_replacement,1.0,100,bayes_shared_clean,bayes_shared,fixed_horizon_mc_calibrated,0.05,0.0518,0.003134222710657301,0.9506,0.003064625262572897,0.0494,-3.820224419530269,1.0,fixed rho=0,document_shared,fixed_zero,10000,5000,5000
gumbel,shared_delta_iid_null_replacement,1.0,300,bayes_shared_clean,bayes_shared,fixed_horizon_mc_calibrated,0.05,0.05,0.0030822070014844883,0.9528,0.002999071856424918,0.0472,-5.168044826821097,1.0,fixed rho=0,document_shared,fixed_zero,10000,5000,5000
gumbel,shared_delta_iid_null_replacement,1.0,700,bayes_shared_clean,bayes_shared,fixed_horizon_mc_calibrated,0.05,0.0488,0.00304691844328003,0.957,0.00286883251515316,0.043,-6.424084450622298,1.0,fixed rho=0,document_shared,fixed_zero,10000,5000,5000
gumbel,shared_delta_iid_null_replacement,1.0,100,bayes_shared_robust,bayes_shared,fixed_horizon_mc_calibrated,0.05,0.0502,0.003088040155179333,0.9538,0.002968688599365047,0.0462,-3.4855179614509093,1.0,shared spike-and-grid prior,document_shared,document_shared,10000,5000,5000
gumbel,shared_delta_iid_null_replacement,1.0,300,bayes_shared_robust,bayes_shared,fixed_horizon_mc_calibrated,0.05,0.047,0.002993025225419926,0.9554,0.0029192752525241594,0.0446,-4.786814714788472,1.0,shared spike-and-grid prior,document_shared,document_shared,10000,5000,5000
gumbel,shared_delta_iid_null_replacement,1.0,700,bayes_shared_robust,bayes_shared,fixed_horizon_mc_calibrated,0.05,0.0518,0.003134222710657301,0.9548,0.0029379230759160463,0.0452,-5.937157856593611,1.0,shared spike-and-grid prior,document_shared,document_shared,10000,5000,5000
gumbel,shared_delta_iid_null_replacement,1.0,100,bayes_shared_rho0_0.1,bayes_shared_point_mass_diagnostic,fixed_horizon_mc_calibrated,0.05,0.0514,0.0031227564746550444,0.9526,0.0030051036587778464,0.0474,-3.7024534744349906,1.0,fixed rho=0.1 (point mass diagnostic),document_shared,fixed_point_mass,10000,5000,5000
gumbel,shared_delta_iid_null_replacement,1.0,300,bayes_shared_rho0_0.1,bayes_shared_point_mass_diagnostic,fixed_horizon_mc_calibrated,0.05,0.0508,0.0031054584202658392,0.9524,0.0030111207215918786,0.0476,-5.033787871634067,1.0,fixed rho=0.1 (point mass diagnostic),document_shared,fixed_point_mass,10000,5000,5000
gumbel,shared_delta_iid_null_replacement,1.0,700,bayes_shared_rho0_0.1,bayes_shared_point_mass_diagnostic,fixed_horizon_mc_calibrated,0.05,0.0488,0.00304691844328003,0.9556,0.0029130272913242676,0.0444,-6.24991864467749,1.0,fixed rho=0.1 (point mass diagnostic),document_shared,fixed_point_mass,10000,5000,5000
gumbel,shared_delta_iid_null_replacement,1.0,100,bayes_shared_rho0_0.15,bayes_shared_point_mass_diagnostic,fixed_horizon_mc_calibrated,0.05,0.0516,0.0031284961243383375,0.954,0.0029625664549508433,0.046,-3.639632109662916,1.0,fixed rho=0.15 (point mass diagnostic),document_shared,fixed_point_mass,10000,5000,5000
gumbel,shared_delta_iid_null_replacement,1.0,300,bayes_shared_rho0_0.15,bayes_shared_point_mass_diagnostic,fixed_horizon_mc_calibrated,0.05,0.0514,0.0031227564746550444,0.9524,0.0030111207215918786,0.0476,-4.96180471461423,1.0,fixed rho=0.15 (point mass diagnostic),document_shared,fixed_point_mass,10000,5000,5000
gumbel,shared_delta_iid_null_replacement,1.0,700,bayes_shared_rho0_0.15,bayes_shared_point_mass_diagnostic,fixed_horizon_mc_calibrated,0.05,0.0488,0.00304691844328003,0.955,0.0029317230428538106,0.045,-6.158563029464375,1.0,fixed rho=0.15 (point mass diagnostic),document_shared,fixed_point_mass,10000,5000,5000
gumbel,shared_delta_iid_null_replacement,1.0,100,bayes_shared_rho0_0.25,bayes_shared_point_mass_diagnostic,fixed_horizon_mc_calibrated,0.05,0.0524,0.003151324800778238,0.954,0.0029625664549508433,0.046,-3.5000222970503585,1.0,fixed rho=0.25 (point mass diagnostic),document_shared,fixed_point_mass,10000,5000,5000
gumbel,shared_delta_iid_null_replacement,1.0,300,bayes_shared_rho0_0.25,bayes_shared_point_mass_diagnostic,fixed_horizon_mc_calibrated,0.05,0.0498,0.0030763601869742106,0.9538,0.002968688599365047,0.0462,-4.8042878351286395,1.0,fixed rho=0.25 (point mass diagnostic),document_shared,fixed_point_mass,10000,5000,5000
gumbel,shared_delta_iid_null_replacement,1.0,700,bayes_shared_rho0_0.25,bayes_shared_point_mass_diagnostic,fixed_horizon_mc_calibrated,0.05,0.0502,0.003088040155179333,0.9542,0.002956428926931948,0.0458,-5.964705326355851,1.0,fixed rho=0.25 (point mass diagnostic),document_shared,fixed_point_mass,10000,5000,5000
gumbel,shared_delta_iid_null_replacement,1.0,100,bayes_shared_rho0_0.4,bayes_shared_point_mass_diagnostic,fixed_horizon_mc_calibrated,0.05,0.0514,0.0031227564746550444,0.953,0.002993025225419928,0.047,-3.2504749057945466,1.0,fixed rho=0.4 (point mass diagnostic),document_shared,fixed_point_mass,10000,5000,5000
gumbel,shared_delta_iid_null_replacement,1.0,300,bayes_shared_rho0_0.4,bayes_shared_point_mass_diagnostic,fixed_horizon_mc_calibrated,0.05,0.0486,0.0030409879973455995,0.9538,0.002968688599365047,0.0462,-4.526941585114295,1.0,fixed rho=0.4 (point mass diagnostic),document_shared,fixed_point_mass,10000,5000,5000
gumbel,shared_delta_iid_null_replacement,1.0,700,bayes_shared_rho0_0.4,bayes_shared_point_mass_diagnostic,fixed_horizon_mc_calibrated,0.05,0.0532,0.003173948959892077,0.9552,0.0029255071355236842,0.0448,-5.630229658490547,1.0,fixed rho=0.4 (point mass diagnostic),document_shared,fixed_point_mass,10000,5000,5000
gumbel,shared_delta_iid_null_replacement,1.0,100,bayes_shared_rho0_0.5,bayes_shared_point_mass_diagnostic,fixed_horizon_mc_calibrated,0.05,0.0494,0.003064625262572897,0.9542,0.002956428926931948,0.0458,-3.0451984376416052,1.0,fixed rho=0.5 (point mass diagnostic),document_shared,fixed_point_mass,10000,5000,5000
gumbel,shared_delta_iid_null_replacement,1.0,300,bayes_shared_rho0_0.5,bayes_shared_point_mass_diagnostic,fixed_horizon_mc_calibrated,0.05,0.046,0.002962566454950842,0.9556,0.0029130272913242676,0.0444,-4.2943340942844,1.0,fixed rho=0.5 (point mass diagnostic),document_shared,fixed_point_mass,10000,5000,5000
gumbel,shared_delta_iid_null_replacement,1.0,700,bayes_shared_rho0_0.5,bayes_shared_point_mass_diagnostic,fixed_horizon_mc_calibrated,0.05,0.0502,0.003088040155179333,0.9544,0.002950275919299752,0.0456,-5.355803129326914,1.0,fixed rho=0.5 (point mass diagnostic),document_shared,fixed_point_mass,10000,5000,5000
gumbel,shared_delta_iid_null_replacement,1.0,100,bayes_shared_rho0_0.6,bayes_shared_point_mass_diagnostic,fixed_horizon_mc_calibrated,0.05,0.0492,0.0030587369942510585,0.9538,0.002968688599365047,0.0462,-2.783160986208609,1.0,fixed rho=0.6 (point mass diagnostic),document_shared,fixed_point_mass,10000,5000,5000
gumbel,shared_delta_iid_null_replacement,1.0,300,bayes_shared_rho0_0.6,bayes_shared_point_mass_diagnostic,fixed_horizon_mc_calibrated,0.05,0.0468,0.0029869636757081596,0.9544,0.002950275919299752,0.0456,-3.993511381863187,1.0,fixed rho=0.6 (point mass diagnostic),document_shared,fixed_point_mass,10000,5000,5000
gumbel,shared_delta_iid_null_replacement,1.0,700,bayes_shared_rho0_0.6,bayes_shared_point_mass_diagnostic,fixed_horizon_mc_calibrated,0.05,0.0492,0.0030587369942510585,0.955,0.0029317230428538106,0.045,-4.939510628545985,1.0,fixed rho=0.6 (point mass diagnostic),document_shared,fixed_point_mass,10000,5000,5000
gumbel,shared_delta_iid_null_replacement,1.0,100,trgof_s2,trgof,fixed_horizon_mc_calibrated,0.05,0.0538,0.0031907854832313627,0.9514,0.003040987997345599,0.0486,4.596557053637567,1.0,"none (Tr-GoF competitor, s=2; robust to null-like edits by construction rather than by a rho model)",not_applicable,not_applicable,10000,5000,5000
gumbel,shared_delta_iid_null_replacement,1.0,300,trgof_s2,trgof,fixed_horizon_mc_calibrated,0.05,0.0528,0.003162662169755094,0.9502,0.0030763601869742093,0.0498,4.86509760988661,1.0,"none (Tr-GoF competitor, s=2; robust to null-like edits by construction rather than by a rho model)",not_applicable,not_applicable,10000,5000,5000
gumbel,shared_delta_iid_null_replacement,1.0,700,trgof_s2,trgof,fixed_horizon_mc_calibrated,0.05,0.0514,0.0031227564746550444,0.9524,0.0030111207215918786,0.0476,5.2149727084049005,1.0,"none (Tr-GoF competitor, s=2; robust to null-like edits by construction rather than by a rho model)",not_applicable,not_applicable,10000,5000,5000
gumbel,shared_delta_iid_null_replacement,1.0,100,bayes_shared_dirichlet_clean,bayes_shared_dirichlet,fixed_horizon_mc_calibrated,0.05,0.0518,0.003134222710657301,0.9548,0.0029379230759160463,0.0452,-3.4948435425765316,1.0,fixed rho=0,document_shared_plus_dirichlet_tail_prior,fixed_zero,10000,5000,5000
gumbel,shared_delta_iid_null_replacement,1.0,300,bayes_shared_dirichlet_clean,bayes_shared_dirichlet,fixed_horizon_mc_calibrated,0.05,0.0462,0.002968688599365046,0.954,0.0029625664549508433,0.046,-4.687204322930492,1.0,fixed rho=0,document_shared_plus_dirichlet_tail_prior,fixed_zero,10000,5000,5000
gumbel,shared_delta_iid_null_replacement,1.0,700,bayes_shared_dirichlet_clean,bayes_shared_dirichlet,fixed_horizon_mc_calibrated,0.05,0.0502,0.003088040155179333,0.9562,0.0028941858958954226,0.0438,-5.709947554845691,1.0,fixed rho=0,document_shared_plus_dirichlet_tail_prior,fixed_zero,10000,5000,5000
gumbel,shared_delta_iid_null_replacement,1.0,100,bayes_shared_dirichlet_robust,bayes_shared_dirichlet,fixed_horizon_mc_calibrated,0.05,0.0518,0.003134222710657301,0.9532,0.002986963675708158,0.0468,-3.0106109571856434,1.0,shared spike-and-grid prior,document_shared_plus_dirichlet_tail_prior,document_shared,10000,5000,5000
gumbel,shared_delta_iid_null_replacement,1.0,300,bayes_shared_dirichlet_robust,bayes_shared_dirichlet,fixed_horizon_mc_calibrated,0.05,0.0454,0.002944107334999864,0.9548,0.0029379230759160463,0.0452,-4.131083093596716,1.0,shared spike-and-grid prior,document_shared_plus_dirichlet_tail_prior,document_shared,10000,5000,5000
gumbel,shared_delta_iid_null_replacement,1.0,700,bayes_shared_dirichlet_robust,bayes_shared_dirichlet,fixed_horizon_mc_calibrated,0.05,0.0492,0.0030587369942510585,0.9554,0.0029192752525241594,0.0446,-5.06697184508435,1.0,shared spike-and-grid prior,document_shared_plus_dirichlet_tail_prior,document_shared,10000,5000,5000
gumbel,shared_delta_iid_null_replacement,1.0,100,bayes_shared_uniontail_clean,bayes_shared_uniontail,fixed_horizon_mc_calibrated,0.05,0.049,0.0030528347482299137,0.9536,0.0029747954551531774,0.0464,-1.4107859963043659,1.0,fixed rho=0,document_shared_plus_tail_width_prior,fixed_zero,10000,5000,5000
gumbel,shared_delta_iid_null_replacement,1.0,300,bayes_shared_uniontail_clean,bayes_shared_uniontail,fixed_horizon_mc_calibrated,0.05,0.051,0.003111237695837462,0.9506,0.003064625262572897,0.0494,-2.389933881620213,1.0,fixed rho=0,document_shared_plus_tail_width_prior,fixed_zero,10000,5000,5000
gumbel,shared_delta_iid_null_replacement,1.0,700,bayes_shared_uniontail_clean,bayes_shared_uniontail,fixed_horizon_mc_calibrated,0.05,0.0588,0.0033269373303385203,0.947,0.0031683118533376744,0.053,-3.1571549589332024,1.0,fixed rho=0,document_shared_plus_tail_width_prior,fixed_zero,10000,5000,5000
gumbel,shared_delta_iid_null_replacement,1.0,100,bayes_shared_uniontail_robust,bayes_shared_uniontail,fixed_horizon_mc_calibrated,0.05,0.0484,0.0030350433275325743,0.9508,0.0030587369942510594,0.0492,-0.9599950671428967,1.0,shared spike-and-grid prior,document_shared_plus_tail_width_prior,document_shared,10000,5000,5000
gumbel,shared_delta_iid_null_replacement,1.0,300,bayes_shared_uniontail_robust,bayes_shared_uniontail,fixed_horizon_mc_calibrated,0.05,0.0518,0.003134222710657301,0.9516,0.0030350433275325743,0.0484,-1.8519266240473726,1.0,shared spike-and-grid prior,document_shared_plus_tail_width_prior,document_shared,10000,5000,5000
gumbel,shared_delta_iid_null_replacement,1.0,700,bayes_shared_uniontail_robust,bayes_shared_uniontail,fixed_horizon_mc_calibrated,0.05,0.0538,0.0031907854832313627,0.9476,0.003151324800778238,0.0524,-2.57642867604967,1.0,shared spike-and-grid prior,document_shared_plus_tail_width_prior,document_shared,10000,5000,5000
inverse,shared_delta_iid_null_replacement,0.0,100,h_neg,paper_score,fixed_horizon_mc_calibrated,0.05,0.0512,0.0031170036894427955,0.22160000000000002,0.005873558376316694,0.7784,-29.53597323016233,1.0,none (reference score),not_applicable,not_applicable,10000,5000,5000
inverse,shared_delta_iid_null_replacement,0.0,300,h_neg,paper_score,fixed_horizon_mc_calibrated,0.05,0.0526,0.003156999841621789,0.13039999999999996,0.00476226500732582,0.8696,-93.40842751521343,1.0,none (reference score),not_applicable,not_applicable,10000,5000,5000
inverse,shared_delta_iid_null_replacement,0.0,700,h_neg,paper_score,fixed_horizon_mc_calibrated,0.05,0.0478,0.003017123133052412,0.08420000000000005,0.003927094600337508,0.9158,-223.04509935791404,1.0,none (reference score),not_applicable,not_applicable,10000,5000,5000
inverse,shared_delta_iid_null_replacement,0.0,100,h_dif_star_0.1,paper_score,fixed_horizon_mc_calibrated,0.05,0.0568,0.0032733395790843335,0.14739999999999998,0.0050134467185759535,0.8526,-8.984503701071233,1.0,none (reference score),not_applicable,not_applicable,10000,5000,5000
inverse,shared_delta_iid_null_replacement,0.0,300,h_dif_star_0.1,paper_score,fixed_horizon_mc_calibrated,0.05,0.0576,0.0032949124419322587,0.08420000000000005,0.003927094600337508,0.9158,-36.10868806987367,1.0,none (reference score),not_applicable,not_applicable,10000,5000,5000
inverse,shared_delta_iid_null_replacement,0.0,700,h_dif_star_0.1,paper_score,fixed_horizon_mc_calibrated,0.05,0.057,0.0032787497617232093,0.05700000000000005,0.00327874976172321,0.943,-97.28048085188492,1.0,none (reference score),not_applicable,not_applicable,10000,5000,5000
inverse,shared_delta_iid_null_replacement,0.0,100,h_dif_star_0.01,paper_score,fixed_horizon_mc_calibrated,0.05,0.054,0.003196372944448129,0.15100000000000002,0.005063575811617715,0.849,-0.7085505504701238,1.0,none (reference score),not_applicable,not_applicable,10000,5000,5000
inverse,shared_delta_iid_null_replacement,0.0,300,h_dif_star_0.01,paper_score,fixed_horizon_mc_calibrated,0.05,0.0588,0.0033269373303385203,0.07840000000000003,0.0038014060556588796,0.9216,-2.4583067664490015,1.0,none (reference score),not_applicable,not_applicable,10000,5000,5000
inverse,shared_delta_iid_null_replacement,0.0,700,h_dif_star_0.01,paper_score,fixed_horizon_mc_calibrated,0.05,0.0558,0.003246116448927857,0.04720000000000002,0.002999071856424918,0.9528,-6.181622785312162,1.0,none (reference score),not_applicable,not_applicable,10000,5000,5000
inverse,shared_delta_iid_null_replacement,0.0,100,h_dif_star_0.001,paper_score,fixed_horizon_mc_calibrated,0.05,0.0538,0.0031907854832313627,0.15239999999999998,0.005082799228771485,0.8476,-0.06945588264825468,1.0,none (reference score),not_applicable,not_applicable,10000,5000,5000
inverse,shared_delta_iid_null_replacement,0.0,300,h_dif_star_0.001,paper_score,fixed_horizon_mc_calibrated,0.05,0.0592,0.0033375248313683003,0.0796,0.003827893415444061,0.9204,-0.24029882863001545,1.0,none (reference score),not_applicable,not_applicable,10000,5000,5000
inverse,shared_delta_iid_null_replacement,0.0,700,h_dif_star_0.001,paper_score,fixed_horizon_mc_calibrated,0.05,0.0554,0.0032351457463304493,0.04700000000000004,0.002993025225419928,0.953,-0.6014117319314604,1.0,none (reference score),not_applicable,not_applicable,10000,5000,5000
inverse,shared_delta_iid_null_replacement,0.0,100,bayes_tokenwise_clean,bayes_tokenwise_sensitivity,fixed_horizon_mc_calibrated,0.05,0.0546,0.003213062090903318,0.17120000000000002,0.005327111036950516,0.8288,-2.599944253450521,1.0,fixed rho=0,tokenwise,fixed_zero,10000,5000,5000
inverse,shared_delta_iid_null_replacement,0.0,300,bayes_tokenwise_clean,bayes_tokenwise_sensitivity,fixed_horizon_mc_calibrated,0.05,0.0592,0.0033375248313683003,0.09699999999999998,0.004185474883451099,0.903,-18.84532874133994,1.0,fixed rho=0,tokenwise,fixed_zero,10000,5000,5000
inverse,shared_delta_iid_null_replacement,0.0,700,bayes_tokenwise_clean,bayes_tokenwise_sensitivity,fixed_horizon_mc_calibrated,0.05,0.0548,0.003218600938296017,0.06220000000000003,0.003415586626042444,0.9378,-56.29375776421085,1.0,fixed rho=0,tokenwise,fixed_zero,10000,5000,5000
inverse,shared_delta_iid_null_replacement,0.0,100,bayes_tokenwise_robust,bayes_tokenwise_sensitivity,fixed_horizon_mc_calibrated,0.05,0.0544,0.0032075111847038036,0.18379999999999996,0.005477546165939635,0.8162,-0.24565284623298023,1.0,tokenwise prior; equivalent fixed mean rho=0.16875,tokenwise,tokenwise_collapses_to_prior_mean,10000,5000,5000
inverse,shared_delta_iid_null_replacement,0.0,300,bayes_tokenwise_robust,bayes_tokenwise_sensitivity,fixed_horizon_mc_calibrated,0.05,0.0548,0.003218600938296017,0.10760000000000003,0.00438228798688539,0.8924,-8.362825184154607,1.0,tokenwise prior; equivalent fixed mean rho=0.16875,tokenwise,tokenwise_collapses_to_prior_mean,10000,5000,5000
inverse,shared_delta_iid_null_replacement,0.0,700,bayes_tokenwise_robust,bayes_tokenwise_sensitivity,fixed_horizon_mc_calibrated,0.05,0.0526,0.003156999841621789,0.07040000000000002,0.0036178402397010296,0.9296,-28.01978619858254,1.0,tokenwise prior; equivalent fixed mean rho=0.16875,tokenwise,tokenwise_collapses_to_prior_mean,10000,5000,5000
inverse,shared_delta_iid_null_replacement,0.0,100,bayes_shared_clean,bayes_shared,fixed_horizon_mc_calibrated,0.05,0.0544,0.0032075111847038036,0.14859999999999995,0.0050302691776882074,0.8514,-0.028539211650565388,1.0,fixed rho=0,document_shared,fixed_zero,10000,5000,5000
inverse,shared_delta_iid_null_replacement,0.0,300,bayes_shared_clean,bayes_shared,fixed_horizon_mc_calibrated,0.05,0.0576,0.0032949124419322587,0.07540000000000002,0.003734028387679987,0.9246,-0.7449547141071342,1.0,fixed rho=0,document_shared,fixed_zero,10000,5000,5000
inverse,shared_delta_iid_null_replacement,0.0,700,bayes_shared_clean,bayes_shared,fixed_horizon_mc_calibrated,0.05,0.058,0.003305631558416636,0.04520000000000002,0.0029379230759160463,0.9548,-1.252412180658434,1.0,fixed rho=0,document_shared,fixed_zero,10000,5000,5000
inverse,shared_delta_iid_null_replacement,0.0,100,bayes_shared_robust,bayes_shared,fixed_horizon_mc_calibrated,0.05,0.056,0.003251584229264252,0.15680000000000005,0.0051422516468955515,0.8432,0.3414451686411444,1.0,shared spike-and-grid prior,document_shared,document_shared,10000,5000,5000
inverse,shared_delta_iid_null_replacement,0.0,300,bayes_shared_robust,bayes_shared,fixed_horizon_mc_calibrated,0.05,0.0608,0.0033794484757131596,0.0806,0.0038497698632515686,0.9194,-0.27575791971336505,1.0,shared spike-and-grid prior,document_shared,document_shared,10000,5000,5000
inverse,shared_delta_iid_null_replacement,0.0,700,bayes_shared_robust,bayes_shared,fixed_horizon_mc_calibrated,0.05,0.0562,0.003257040374327589,0.047799999999999954,0.0030171231330524103,0.9522,-0.7633321407061855,1.0,shared spike-and-grid prior,document_shared,document_shared,10000,5000,5000
inverse,shared_delta_iid_null_replacement,0.0,100,bayes_shared_rho0_0.1,bayes_shared_point_mass_diagnostic,fixed_horizon_mc_calibrated,0.05,0.0562,0.003257040374327589,0.15039999999999998,0.005055291089541728,0.8496,0.1301098821073552,1.0,fixed rho=0.1 (point mass diagnostic),document_shared,fixed_point_mass,10000,5000,5000
inverse,shared_delta_iid_null_replacement,0.0,300,bayes_shared_rho0_0.1,bayes_shared_point_mass_diagnostic,fixed_horizon_mc_calibrated,0.05,0.0586,0.003321627312026441,0.07620000000000005,0.003752160977356916,0.9238,-0.567785228678023,1.0,fixed rho=0.1 (point mass diagnostic),document_shared,fixed_point_mass,10000,5000,5000
inverse,shared_delta_iid_null_replacement,0.0,700,bayes_shared_rho0_0.1,bayes_shared_point_mass_diagnostic,fixed_horizon_mc_calibrated,0.05,0.056,0.003251584229264252,0.04679999999999995,0.002986963675708158,0.9532,-1.0654580966477853,1.0,fixed rho=0.1 (point mass diagnostic),document_shared,fixed_point_mass,10000,5000,5000
inverse,shared_delta_iid_null_replacement,0.0,100,bayes_shared_rho0_0.15,bayes_shared_point_mass_diagnostic,fixed_horizon_mc_calibrated,0.05,0.057,0.0032787497617232093,0.15359999999999996,0.005099157577482774,0.8464,0.21312043495248467,1.0,fixed rho=0.15 (point mass diagnostic),document_shared,fixed_point_mass,10000,5000,5000
inverse,shared_delta_iid_null_replacement,0.0,300,bayes_shared_rho0_0.15,bayes_shared_point_mass_diagnostic,fixed_horizon_mc_calibrated,0.05,0.059,0.0033322364862056236,0.07779999999999998,0.0037880644133910916,0.9222,-0.46567794418729624,1.0,fixed rho=0.15 (point mass diagnostic),document_shared,fixed_point_mass,10000,5000,5000
inverse,shared_delta_iid_null_replacement,0.0,700,bayes_shared_rho0_0.15,bayes_shared_point_mass_diagnostic,fixed_horizon_mc_calibrated,0.05,0.0562,0.003257040374327589,0.047799999999999954,0.0030171231330524103,0.9522,-0.984195226926329,1.0,fixed rho=0.15 (point mass diagnostic),document_shared,fixed_point_mass,10000,5000,5000
inverse,shared_delta_iid_null_replacement,0.0,100,bayes_shared_rho0_0.25,bayes_shared_point_mass_diagnostic,fixed_horizon_mc_calibrated,0.05,0.0578,0.003300277564084573,0.1592,0.005174076922505115,0.8408,0.36654637866122464,1.0,fixed rho=0.25 (point mass diagnostic),document_shared,fixed_point_mass,10000,5000,5000
inverse,shared_delta_iid_null_replacement,0.0,300,bayes_shared_rho0_0.25,bayes_shared_point_mass_diagnostic,fixed_horizon_mc_calibrated,0.05,0.0572,0.0032841485959073167,0.0816,0.003871471038248898,0.9184,-0.2681566530065407,1.0,fixed rho=0.25 (point mass diagnostic),document_shared,fixed_point_mass,10000,5000,5000
inverse,shared_delta_iid_null_replacement,0.0,700,bayes_shared_rho0_0.25,bayes_shared_point_mass_diagnostic,fixed_horizon_mc_calibrated,0.05,0.0558,0.003246116448927857,0.04800000000000004,0.0030231109804305907,0.952,-0.7953464706694429,1.0,fixed rho=0.25 (point mass diagnostic),document_shared,fixed_point_mass,10000,5000,5000
inverse,shared_delta_iid_null_replacement,0.0,100,bayes_shared_rho0_0.4,bayes_shared_point_mass_diagnostic,fixed_horizon_mc_calibrated,0.05,0.057,0.0032787497617232093,0.16959999999999997,0.005307275007006892,0.8304,0.644814304823687,1.0,fixed rho=0.4 (point mass diagnostic),document_shared,fixed_point_mass,10000,5000,5000
inverse,shared_delta_iid_null_replacement,0.0,300,bayes_shared_rho0_0.4,bayes_shared_point_mass_diagnostic,fixed_horizon_mc_calibrated,0.05,0.0596,0.0033480692943844517,0.08620000000000005,0.00396911980166888,0.9138,0.04871729830697724,1.0,fixed rho=0.4 (point mass diagnostic),document_shared,fixed_point_mass,10000,5000,5000
inverse,shared_delta_iid_null_replacement,0.0,700,bayes_shared_rho0_0.4,bayes_shared_point_mass_diagnostic,fixed_horizon_mc_calibrated,0.05,0.0548,0.003218600938296017,0.050000000000000044,0.0030822070014844896,0.95,-0.46815018848202294,1.0,fixed rho=0.4 (point mass diagnostic),document_shared,fixed_point_mass,10000,5000,5000
inverse,shared_delta_iid_null_replacement,0.0,100,bayes_shared_rho0_0.5,bayes_shared_point_mass_diagnostic,fixed_horizon_mc_calibrated,0.05,0.0574,0.0032895361375124,0.17959999999999998,0.0054285143455645385,0.8204,0.8321118270330476,1.0,fixed rho=0.5 (point mass diagnostic),document_shared,fixed_point_mass,10000,5000,5000
inverse,shared_delta_iid_null_replacement,0.0,300,bayes_shared_rho0_0.5,bayes_shared_point_mass_diagnostic,fixed_horizon_mc_calibrated,0.05,0.0608,0.0033794484757131596,0.09179999999999999,0.0040834485425924,0.9082,0.27691160116719615,1.0,fixed rho=0.5 (point mass diagnostic),document_shared,fixed_point_mass,10000,5000,5000
inverse,shared_delta_iid_null_replacement,0.0,700,bayes_shared_rho0_0.5,bayes_shared_point_mass_diagnostic,fixed_horizon_mc_calibrated,0.05,0.0552,0.0032296427046966045,0.05159999999999998,0.003128496124338337,0.9484,-0.23834285425760182,1.0,fixed rho=0.5 (point mass diagnostic),document_shared,fixed_point_mass,10000,5000,5000
inverse,shared_delta_iid_null_replacement,0.0,100,bayes_shared_rho0_0.6,bayes_shared_point_mass_diagnostic,fixed_horizon_mc_calibrated,0.05,0.0554,0.0032351457463304493,0.18979999999999997,0.005545736380319569,0.8102,0.9918130250465964,1.0,fixed rho=0.6 (point mass diagnostic),document_shared,fixed_point_mass,10000,5000,5000
inverse,shared_delta_iid_null_replacement,0.0,300,bayes_shared_rho0_0.6,bayes_shared_point_mass_diagnostic,fixed_horizon_mc_calibrated,0.05,0.0602,0.0033638061775316365,0.09719999999999995,0.004189323573084322,0.9028,0.5233714760509942,1.0,fixed rho=0.6 (point mass diagnostic),document_shared,fixed_point_mass,10000,5000,5000
inverse,shared_delta_iid_null_replacement,0.0,700,bayes_shared_rho0_0.6,bayes_shared_point_mass_diagnostic,fixed_horizon_mc_calibrated,0.05,0.052,0.003139936305086458,0.055400000000000005,0.0032351457463304493,0.9446,0.08231777455568601,1.0,fixed rho=0.6 (point mass diagnostic),document_shared,fixed_point_mass,10000,5000,5000
inverse,shared_delta_iid_null_replacement,0.0,100,trgof_s2,trgof,fixed_horizon_mc_calibrated,0.05,0.053,0.003168311853337673,0.29359999999999997,0.006440481969542341,0.7064,4.665247567773938,1.0,"none (Tr-GoF competitor, s=2; robust to null-like edits by construction rather than by a rho model)",not_applicable,not_applicable,10000,5000,5000
inverse,shared_delta_iid_null_replacement,0.0,300,trgof_s2,trgof,fixed_horizon_mc_calibrated,0.05,0.0556,0.0032406369744233925,0.15900000000000003,0.005171440805036833,0.841,4.901763680108744,1.0,"none (Tr-GoF competitor, s=2; robust to null-like edits by construction rather than by a rho model)",not_applicable,not_applicable,10000,5000,5000
inverse,shared_delta_iid_null_replacement,0.0,700,trgof_s2,trgof,fixed_horizon_mc_calibrated,0.05,0.052,0.003139936305086458,0.1008,0.004257683877415043,0.8992,5.1391115031703185,1.0,"none (Tr-GoF competitor, s=2; robust to null-like edits by construction rather than by a rho model)",not_applicable,not_applicable,10000,5000,5000
inverse,shared_delta_iid_null_replacement,0.1,100,h_neg,paper_score,fixed_horizon_mc_calibrated,0.05,0.0512,0.0031170036894427955,0.24760000000000004,0.006104002621231417,0.7524,-29.53597323016233,1.0,none (reference score),not_applicable,not_applicable,10000,5000,5000
inverse,shared_delta_iid_null_replacement,0.1,300,h_neg,paper_score,fixed_horizon_mc_calibrated,0.05,0.0526,0.003156999841621789,0.14359999999999995,0.004959416094662757,0.8564,-93.40842751521343,1.0,none (reference score),not_applicable,not_applicable,10000,5000,5000
inverse,shared_delta_iid_null_replacement,0.1,700,h_neg,paper_score,fixed_horizon_mc_calibrated,0.05,0.0478,0.003017123133052412,0.0928,0.004103368372447202,0.9072,-223.04509935791404,1.0,none (reference score),not_applicable,not_applicable,10000,5000,5000
inverse,shared_delta_iid_null_replacement,0.1,100,h_dif_star_0.1,paper_score,fixed_horizon_mc_calibrated,0.05,0.0568,0.0032733395790843335,0.25060000000000004,0.006128615504337012,0.7494,-8.984503701071233,1.0,none (reference score),not_applicable,not_applicable,10000,5000,5000
inverse,shared_delta_iid_null_replacement,0.1,300,h_dif_star_0.1,paper_score,fixed_horizon_mc_calibrated,0.05,0.0576,0.0032949124419322587,0.09899999999999998,0.004223718740636029,0.901,-36.10868806987367,1.0,none (reference score),not_applicable,not_applicable,10000,5000,5000
inverse,shared_delta_iid_null_replacement,0.1,700,h_dif_star_0.1,paper_score,fixed_horizon_mc_calibrated,0.05,0.057,0.0032787497617232093,0.06299999999999994,0.003436015133843271,0.937,-97.28048085188492,1.0,none (reference score),not_applicable,not_applicable,10000,5000,5000
inverse,shared_delta_iid_null_replacement,0.1,100,h_dif_star_0.01,paper_score,fixed_horizon_mc_calibrated,0.05,0.054,0.003196372944448129,0.19540000000000002,0.005607474297756522,0.8046,-0.7085505504701238,1.0,none (reference score),not_applicable,not_applicable,10000,5000,5000
inverse,shared_delta_iid_null_replacement,0.1,300,h_dif_star_0.01,paper_score,fixed_horizon_mc_calibrated,0.05,0.0588,0.0033269373303385203,0.1008,0.004257683877415043,0.8992,-2.4583067664490015,1.0,none (reference score),not_applicable,not_applicable,10000,5000,5000
inverse,shared_delta_iid_null_replacement,0.1,700,h_dif_star_0.01,paper_score,fixed_horizon_mc_calibrated,0.05,0.0558,0.003246116448927857,0.06259999999999999,0.0034258207775655744,0.9374,-6.181622785312162,1.0,none (reference score),not_applicable,not_applicable,10000,5000,5000
inverse,shared_delta_iid_null_replacement,0.1,100,h_dif_star_0.001,paper_score,fixed_horizon_mc_calibrated,0.05,0.0538,0.0031907854832313627,0.19520000000000004,0.00560530034877704,0.8048,-0.06945588264825468,1.0,none (reference score),not_applicable,not_applicable,10000,5000,5000
inverse,shared_delta_iid_null_replacement,0.1,300,h_dif_star_0.001,paper_score,fixed_horizon_mc_calibrated,0.05,0.0592,0.0033375248313683003,0.0978,0.0042008370594442245,0.9022,-0.24029882863001545,1.0,none (reference score),not_applicable,not_applicable,10000,5000,5000
inverse,shared_delta_iid_null_replacement,0.1,700,h_dif_star_0.001,paper_score,fixed_horizon_mc_calibrated,0.05,0.0554,0.0032351457463304493,0.05679999999999996,0.0032733395790843322,0.9432,-0.6014117319314604,1.0,none (reference score),not_applicable,not_applicable,10000,5000,5000
inverse,shared_delta_iid_null_replacement,0.1,100,bayes_tokenwise_clean,bayes_tokenwise_sensitivity,fixed_horizon_mc_calibrated,0.05,0.0546,0.003213062090903318,0.19999999999999996,0.005656854249492379,0.8,-2.599944253450521,1.0,fixed rho=0,tokenwise,fixed_zero,10000,5000,5000
inverse,shared_delta_iid_null_replacement,0.1,300,bayes_tokenwise_clean,bayes_tokenwise_sensitivity,fixed_horizon_mc_calibrated,0.05,0.0592,0.0033375248313683003,0.11040000000000005,0.004431971119039473,0.8896,-18.84532874133994,1.0,fixed rho=0,tokenwise,fixed_zero,10000,5000,5000
inverse,shared_delta_iid_null_replacement,0.1,700,bayes_tokenwise_clean,bayes_tokenwise_sensitivity,fixed_horizon_mc_calibrated,0.05,0.0548,0.003218600938296017,0.06779999999999997,0.0035553666477594116,0.9322,-56.29375776421085,1.0,fixed rho=0,tokenwise,fixed_zero,10000,5000,5000
inverse,shared_delta_iid_null_replacement,0.1,100,bayes_tokenwise_robust,bayes_tokenwise_sensitivity,fixed_horizon_mc_calibrated,0.05,0.0544,0.0032075111847038036,0.20820000000000005,0.005741998955067826,0.7918,-0.24565284623298023,1.0,tokenwise prior; equivalent fixed mean rho=0.16875,tokenwise,tokenwise_collapses_to_prior_mean,10000,5000,5000
inverse,shared_delta_iid_null_replacement,0.1,300,bayes_tokenwise_robust,bayes_tokenwise_sensitivity,fixed_horizon_mc_calibrated,0.05,0.0548,0.003218600938296017,0.12080000000000002,0.004608847144351828,0.8792,-8.362825184154607,1.0,tokenwise prior; equivalent fixed mean rho=0.16875,tokenwise,tokenwise_collapses_to_prior_mean,10000,5000,5000
inverse,shared_delta_iid_null_replacement,0.1,700,bayes_tokenwise_robust,bayes_tokenwise_sensitivity,fixed_horizon_mc_calibrated,0.05,0.0526,0.003156999841621789,0.07779999999999998,0.0037880644133910916,0.9222,-28.01978619858254,1.0,tokenwise prior; equivalent fixed mean rho=0.16875,tokenwise,tokenwise_collapses_to_prior_mean,10000,5000,5000
inverse,shared_delta_iid_null_replacement,0.1,100,bayes_shared_clean,bayes_shared,fixed_horizon_mc_calibrated,0.05,0.0544,0.0032075111847038036,0.23260000000000003,0.005974901505464337,0.7674,-0.028539211650565388,1.0,fixed rho=0,document_shared,fixed_zero,10000,5000,5000
inverse,shared_delta_iid_null_replacement,0.1,300,bayes_shared_clean,bayes_shared,fixed_horizon_mc_calibrated,0.05,0.0576,0.0032949124419322587,0.11780000000000002,0.004559016560619187,0.8822,-0.7449547141071342,1.0,fixed rho=0,document_shared,fixed_zero,10000,5000,5000
inverse,shared_delta_iid_null_replacement,0.1,700,bayes_shared_clean,bayes_shared,fixed_horizon_mc_calibrated,0.05,0.058,0.003305631558416636,0.07399999999999995,0.003701999459751445,0.926,-1.252412180658434,1.0,fixed rho=0,document_shared,fixed_zero,10000,5000,5000
inverse,shared_delta_iid_null_replacement,0.1,100,bayes_shared_robust,bayes_shared,fixed_horizon_mc_calibrated,0.05,0.056,0.003251584229264252,0.18679999999999997,0.005511910013779252,0.8132,0.3414451686411444,1.0,shared spike-and-grid prior,document_shared,document_shared,10000,5000,5000
inverse,shared_delta_iid_null_replacement,0.1,300,bayes_shared_robust,bayes_shared,fixed_horizon_mc_calibrated,0.05,0.0608,0.0033794484757131596,0.09199999999999997,0.004087444189221425,0.908,-0.27575791971336505,1.0,shared spike-and-grid prior,document_shared,document_shared,10000,5000,5000
inverse,shared_delta_iid_null_replacement,0.1,700,bayes_shared_robust,bayes_shared,fixed_horizon_mc_calibrated,0.05,0.0562,0.003257040374327589,0.05520000000000003,0.0032296427046966053,0.9448,-0.7633321407061855,1.0,shared spike-and-grid prior,document_shared,document_shared,10000,5000,5000
inverse,shared_delta_iid_null_replacement,0.1,100,bayes_shared_rho0_0.1,bayes_shared_point_mass_diagnostic,fixed_horizon_mc_calibrated,0.05,0.0562,0.003257040374327589,0.1846,0.005486762980118605,0.8154,0.1301098821073552,1.0,fixed rho=0.1 (point mass diagnostic),document_shared,fixed_point_mass,10000,5000,5000
inverse,shared_delta_iid_null_replacement,0.1,300,bayes_shared_rho0_0.1,bayes_shared_point_mass_diagnostic,fixed_horizon_mc_calibrated,0.05,0.0586,0.003321627312026441,0.08940000000000003,0.004035037546293715,0.9106,-0.567785228678023,1.0,fixed rho=0.1 (point mass diagnostic),document_shared,fixed_point_mass,10000,5000,5000
inverse,shared_delta_iid_null_replacement,0.1,700,bayes_shared_rho0_0.1,bayes_shared_point_mass_diagnostic,fixed_horizon_mc_calibrated,0.05,0.056,0.003251584229264252,0.05459999999999998,0.003213062090903317,0.9454,-1.0654580966477853,1.0,fixed rho=0.1 (point mass diagnostic),document_shared,fixed_point_mass,10000,5000,5000
inverse,shared_delta_iid_null_replacement,0.1,100,bayes_shared_rho0_0.15,bayes_shared_point_mass_diagnostic,fixed_horizon_mc_calibrated,0.05,0.057,0.0032787497617232093,0.1834,0.005472923167741349,0.8166,0.21312043495248467,1.0,fixed rho=0.15 (point mass diagnostic),document_shared,fixed_point_mass,10000,5000,5000
inverse,shared_delta_iid_null_replacement,0.1,300,bayes_shared_rho0_0.15,bayes_shared_point_mass_diagnostic,fixed_horizon_mc_calibrated,0.05,0.059,0.0033322364862056236,0.08979999999999999,0.00404316608612607,0.9102,-0.46567794418729624,1.0,fixed rho=0.15 (point mass diagnostic),document_shared,fixed_point_mass,10000,5000,5000
inverse,shared_delta_iid_null_replacement,0.1,700,bayes_shared_rho0_0.15,bayes_shared_point_mass_diagnostic,fixed_horizon_mc_calibrated,0.05,0.0562,0.003257040374327589,0.054200000000000026,0.003201948156981934,0.9458,-0.984195226926329,1.0,fixed rho=0.15 (point mass diagnostic),document_shared,fixed_point_mass,10000,5000,5000
inverse,shared_delta_iid_null_replacement,0.1,100,bayes_shared_rho0_0.25,bayes_shared_point_mass_diagnostic,fixed_horizon_mc_calibrated,0.05,0.0578,0.003300277564084573,0.18400000000000005,0.005479854012653987,0.816,0.36654637866122464,1.0,fixed rho=0.25 (point mass diagnostic),document_shared,fixed_point_mass,10000,5000,5000
inverse,shared_delta_iid_null_replacement,0.1,300,bayes_shared_rho0_0.25,bayes_shared_point_mass_diagnostic,fixed_horizon_mc_calibrated,0.05,0.0572,0.0032841485959073167,0.0928,0.004103368372447202,0.9072,-0.2681566530065407,1.0,fixed rho=0.25 (point mass diagnostic),document_shared,fixed_point_mass,10000,5000,5000
inverse,shared_delta_iid_null_replacement,0.1,700,bayes_shared_rho0_0.25,bayes_shared_point_mass_diagnostic,fixed_horizon_mc_calibrated,0.05,0.0558,0.003246116448927857,0.054400000000000004,0.003207511184703804,0.9456,-0.7953464706694429,1.0,fixed rho=0.25 (point mass diagnostic),document_shared,fixed_point_mass,10000,5000,5000
inverse,shared_delta_iid_null_replacement,0.1,100,bayes_shared_rho0_0.4,bayes_shared_point_mass_diagnostic,fixed_horizon_mc_calibrated,0.05,0.057,0.0032787497617232093,0.1926,0.005576831358396988,0.8074,0.644814304823687,1.0,fixed rho=0.4 (point mass diagnostic),document_shared,fixed_point_mass,10000,5000,5000
inverse,shared_delta_iid_null_replacement,0.1,300,bayes_shared_rho0_0.4,bayes_shared_point_mass_diagnostic,fixed_horizon_mc_calibrated,0.05,0.0596,0.0033480692943844517,0.0988,0.004219918482624991,0.9012,0.04871729830697724,1.0,fixed rho=0.4 (point mass diagnostic),document_shared,fixed_point_mass,10000,5000,5000
inverse,shared_delta_iid_null_replacement,0.1,700,bayes_shared_rho0_0.4,bayes_shared_point_mass_diagnostic,fixed_horizon_mc_calibrated,0.05,0.0548,0.003218600938296017,0.05800000000000005,0.003305631558416638,0.942,-0.46815018848202294,1.0,fixed rho=0.4 (point mass diagnostic),document_shared,fixed_point_mass,10000,5000,5000
inverse,shared_delta_iid_null_replacement,0.1,100,bayes_shared_rho0_0.5,bayes_shared_point_mass_diagnostic,fixed_horizon_mc_calibrated,0.05,0.0574,0.0032895361375124,0.20279999999999998,0.005686337309727589,0.7972,0.8321118270330476,1.0,fixed rho=0.5 (point mass diagnostic),document_shared,fixed_point_mass,10000,5000,5000
inverse,shared_delta_iid_null_replacement,0.1,300,bayes_shared_rho0_0.5,bayes_shared_point_mass_diagnostic,fixed_horizon_mc_calibrated,0.05,0.0608,0.0033794484757131596,0.1018,0.004276371358991172,0.8982,0.27691160116719615,1.0,fixed rho=0.5 (point mass diagnostic),document_shared,fixed_point_mass,10000,5000,5000
inverse,shared_delta_iid_null_replacement,0.1,700,bayes_shared_rho0_0.5,bayes_shared_point_mass_diagnostic,fixed_horizon_mc_calibrated,0.05,0.0552,0.0032296427046966045,0.05920000000000003,0.0033375248313683007,0.9408,-0.23834285425760182,1.0,fixed rho=0.5 (point mass diagnostic),document_shared,fixed_point_mass,10000,5000,5000
inverse,shared_delta_iid_null_replacement,0.1,100,bayes_shared_rho0_0.6,bayes_shared_point_mass_diagnostic,fixed_horizon_mc_calibrated,0.05,0.0554,0.0032351457463304493,0.2126,0.005786211886891112,0.7874,0.9918130250465964,1.0,fixed rho=0.6 (point mass diagnostic),document_shared,fixed_point_mass,10000,5000,5000
inverse,shared_delta_iid_null_replacement,0.1,300,bayes_shared_rho0_0.6,bayes_shared_point_mass_diagnostic,fixed_horizon_mc_calibrated,0.05,0.0602,0.0033638061775316365,0.10799999999999998,0.0043894418779612514,0.892,0.5233714760509942,1.0,fixed rho=0.6 (point mass diagnostic),document_shared,fixed_point_mass,10000,5000,5000
inverse,shared_delta_iid_null_replacement,0.1,700,bayes_shared_rho0_0.6,bayes_shared_point_mass_diagnostic,fixed_horizon_mc_calibrated,0.05,0.052,0.003139936305086458,0.06279999999999997,0.00343092290790685,0.9372,0.08231777455568601,1.0,fixed rho=0.6 (point mass diagnostic),document_shared,fixed_point_mass,10000,5000,5000
inverse,shared_delta_iid_null_replacement,0.1,100,trgof_s2,trgof,fixed_horizon_mc_calibrated,0.05,0.053,0.003168311853337673,0.33199999999999996,0.006659969969902267,0.668,4.665247567773938,1.0,"none (Tr-GoF competitor, s=2; robust to null-like edits by construction rather than by a rho model)",not_applicable,not_applicable,10000,5000,5000
inverse,shared_delta_iid_null_replacement,0.1,300,trgof_s2,trgof,fixed_horizon_mc_calibrated,0.05,0.0556,0.0032406369744233925,0.18079999999999996,0.00544263465612014,0.8192,4.901763680108744,1.0,"none (Tr-GoF competitor, s=2; robust to null-like edits by construction rather than by a rho model)",not_applicable,not_applicable,10000,5000,5000
inverse,shared_delta_iid_null_replacement,0.1,700,trgof_s2,trgof,fixed_horizon_mc_calibrated,0.05,0.052,0.003139936305086458,0.10840000000000005,0.0043965768502324636,0.8916,5.1391115031703185,1.0,"none (Tr-GoF competitor, s=2; robust to null-like edits by construction rather than by a rho model)",not_applicable,not_applicable,10000,5000,5000
inverse,shared_delta_iid_null_replacement,0.25,100,h_neg,paper_score,fixed_horizon_mc_calibrated,0.05,0.0512,0.0031170036894427955,0.2986,0.006472063658524999,0.7014,-29.53597323016233,1.0,none (reference score),not_applicable,not_applicable,10000,5000,5000
inverse,shared_delta_iid_null_replacement,0.25,300,h_neg,paper_score,fixed_horizon_mc_calibrated,0.05,0.0526,0.003156999841621789,0.17559999999999998,0.005380792506685237,0.8244,-93.40842751521343,1.0,none (reference score),not_applicable,not_applicable,10000,5000,5000
inverse,shared_delta_iid_null_replacement,0.25,700,h_neg,paper_score,fixed_horizon_mc_calibrated,0.05,0.0478,0.003017123133052412,0.11619999999999997,0.004532053839044721,0.8838,-223.04509935791404,1.0,none (reference score),not_applicable,not_applicable,10000,5000,5000
inverse,shared_delta_iid_null_replacement,0.25,100,h_dif_star_0.1,paper_score,fixed_horizon_mc_calibrated,0.05,0.0568,0.0032733395790843335,0.3982,0.006922958327189324,0.6018,-8.984503701071233,1.0,none (reference score),not_applicable,not_applicable,10000,5000,5000
inverse,shared_delta_iid_null_replacement,0.25,300,h_dif_star_0.1,paper_score,fixed_horizon_mc_calibrated,0.05,0.0576,0.0032949124419322587,0.1622,0.00521327459472451,0.8378,-36.10868806987367,1.0,none (reference score),not_applicable,not_applicable,10000,5000,5000
inverse,shared_delta_iid_null_replacement,0.25,700,h_dif_star_0.1,paper_score,fixed_horizon_mc_calibrated,0.05,0.057,0.0032787497617232093,0.08179999999999998,0.0038757905000141577,0.9182,-97.28048085188492,1.0,none (reference score),not_applicable,not_applicable,10000,5000,5000
inverse,shared_delta_iid_null_replacement,0.25,100,h_dif_star_0.01,paper_score,fixed_horizon_mc_calibrated,0.05,0.054,0.003196372944448129,0.2794,0.006345638502152482,0.7206,-0.7085505504701238,1.0,none (reference score),not_applicable,not_applicable,10000,5000,5000
inverse,shared_delta_iid_null_replacement,0.25,300,h_dif_star_0.01,paper_score,fixed_horizon_mc_calibrated,0.05,0.0588,0.0033269373303385203,0.1502,0.005052523329980773,0.8498,-2.4583067664490015,1.0,none (reference score),not_applicable,not_applicable,10000,5000,5000
inverse,shared_delta_iid_null_replacement,0.25,700,h_dif_star_0.01,paper_score,fixed_horizon_mc_calibrated,0.05,0.0558,0.003246116448927857,0.10160000000000002,0.004272644146193315,0.8984,-6.181622785312162,1.0,none (reference score),not_applicable,not_applicable,10000,5000,5000
inverse,shared_delta_iid_null_replacement,0.25,100,h_dif_star_0.001,paper_score,fixed_horizon_mc_calibrated,0.05,0.0538,0.0031907854832313627,0.27659999999999996,0.00632601675622188,0.7234,-0.06945588264825468,1.0,none (reference score),not_applicable,not_applicable,10000,5000,5000
inverse,shared_delta_iid_null_replacement,0.25,300,h_dif_star_0.001,paper_score,fixed_horizon_mc_calibrated,0.05,0.0592,0.0033375248313683003,0.14200000000000002,0.0049363144146215,0.858,-0.24029882863001545,1.0,none (reference score),not_applicable,not_applicable,10000,5000,5000
inverse,shared_delta_iid_null_replacement,0.25,700,h_dif_star_0.001,paper_score,fixed_horizon_mc_calibrated,0.05,0.0554,0.0032351457463304493,0.08520000000000005,0.003948188445350603,0.9148,-0.6014117319314604,1.0,none (reference score),not_applicable,not_applicable,10000,5000,5000
inverse,shared_delta_iid_null_replacement,0.25,100,bayes_tokenwise_clean,bayes_tokenwise_sensitivity,fixed_horizon_mc_calibrated,0.05,0.0546,0.003213062090903318,0.24939999999999996,0.0061188175328244585,0.7506,-2.599944253450521,1.0,fixed rho=0,tokenwise,fixed_zero,10000,5000,5000
inverse,shared_delta_iid_null_replacement,0.25,300,bayes_tokenwise_clean,bayes_tokenwise_sensitivity,fixed_horizon_mc_calibrated,0.05,0.0592,0.0033375248313683003,0.1382,0.004880589308679844,0.8618,-18.84532874133994,1.0,fixed rho=0,tokenwise,fixed_zero,10000,5000,5000
inverse,shared_delta_iid_null_replacement,0.25,700,bayes_tokenwise_clean,bayes_tokenwise_sensitivity,fixed_horizon_mc_calibrated,0.05,0.0548,0.003218600938296017,0.08620000000000005,0.00396911980166888,0.9138,-56.29375776421085,1.0,fixed rho=0,tokenwise,fixed_zero,10000,5000,5000
inverse,shared_delta_iid_null_replacement,0.25,100,bayes_tokenwise_robust,bayes_tokenwise_sensitivity,fixed_horizon_mc_calibrated,0.05,0.0544,0.0032075111847038036,0.2532,0.0061496302327863584,0.7468,-0.24565284623298023,1.0,tokenwise prior; equivalent fixed mean rho=0.16875,tokenwise,tokenwise_collapses_to_prior_mean,10000,5000,5000
inverse,shared_delta_iid_null_replacement,0.25,300,bayes_tokenwise_robust,bayes_tokenwise_sensitivity,fixed_horizon_mc_calibrated,0.05,0.0548,0.003218600938296017,0.14839999999999998,0.005027473321659698,0.8516,-8.362825184154607,1.0,tokenwise prior; equivalent fixed mean rho=0.16875,tokenwise,tokenwise_collapses_to_prior_mean,10000,5000,5000
inverse,shared_delta_iid_null_replacement,0.25,700,bayes_tokenwise_robust,bayes_tokenwise_sensitivity,fixed_horizon_mc_calibrated,0.05,0.0526,0.003156999841621789,0.09540000000000004,0.00415448769404845,0.9046,-28.01978619858254,1.0,tokenwise prior; equivalent fixed mean rho=0.16875,tokenwise,tokenwise_collapses_to_prior_mean,10000,5000,5000
inverse,shared_delta_iid_null_replacement,0.25,100,bayes_shared_clean,bayes_shared,fixed_horizon_mc_calibrated,0.05,0.0544,0.0032075111847038036,0.37460000000000004,0.006845068882049325,0.6254,-0.028539211650565388,1.0,fixed rho=0,document_shared,fixed_zero,10000,5000,5000
inverse,shared_delta_iid_null_replacement,0.25,300,bayes_shared_clean,bayes_shared,fixed_horizon_mc_calibrated,0.05,0.0576,0.0032949124419322587,0.20699999999999996,0.005729764393061899,0.793,-0.7449547141071342,1.0,fixed rho=0,document_shared,fixed_zero,10000,5000,5000
inverse,shared_delta_iid_null_replacement,0.25,700,bayes_shared_clean,bayes_shared,fixed_horizon_mc_calibrated,0.05,0.058,0.003305631558416636,0.14139999999999997,0.004927596574396081,0.8586,-1.252412180658434,1.0,fixed rho=0,document_shared,fixed_zero,10000,5000,5000
inverse,shared_delta_iid_null_replacement,0.25,100,bayes_shared_robust,bayes_shared,fixed_horizon_mc_calibrated,0.05,0.056,0.003251584229264252,0.24460000000000004,0.0060789939957200155,0.7554,0.3414451686411444,1.0,shared spike-and-grid prior,document_shared,document_shared,10000,5000,5000
inverse,shared_delta_iid_null_replacement,0.25,300,bayes_shared_robust,bayes_shared,fixed_horizon_mc_calibrated,0.05,0.0608,0.0033794484757131596,0.12219999999999998,0.004631784969102084,0.8778,-0.27575791971336505,1.0,shared spike-and-grid prior,document_shared,document_shared,10000,5000,5000
inverse,shared_delta_iid_null_replacement,0.25,700,bayes_shared_robust,bayes_shared,fixed_horizon_mc_calibrated,0.05,0.0562,0.003257040374327589,0.07379999999999998,0.003697392594788927,0.9262,-0.7633321407061855,1.0,shared spike-and-grid prior,document_shared,document_shared,10000,5000,5000
inverse,shared_delta_iid_null_replacement,0.25,100,bayes_shared_rho0_0.1,bayes_shared_point_mass_diagnostic,fixed_horizon_mc_calibrated,0.05,0.0562,0.003257040374327589,0.253,0.006148024072822097,0.747,0.1301098821073552,1.0,fixed rho=0.1 (point mass diagnostic),document_shared,fixed_point_mass,10000,5000,5000
inverse,shared_delta_iid_null_replacement,0.25,300,bayes_shared_rho0_0.1,bayes_shared_point_mass_diagnostic,fixed_horizon_mc_calibrated,0.05,0.0586,0.003321627312026441,0.12280000000000002,0.004641554911880286,0.8772,-0.567785228678023,1.0,fixed rho=0.1 (point mass diagnostic),document_shared,fixed_point_mass,10000,5000,5000
inverse,shared_delta_iid_null_replacement,0.25,700,bayes_shared_rho0_0.1,bayes_shared_point_mass_diagnostic,fixed_horizon_mc_calibrated,0.05,0.056,0.003251584229264252,0.07699999999999996,0.003770172409850774,0.923,-1.0654580966477853,1.0,fixed rho=0.1 (point mass diagnostic),document_shared,fixed_point_mass,10000,5000,5000
inverse,shared_delta_iid_null_replacement,0.25,100,bayes_shared_rho0_0.15,bayes_shared_point_mass_diagnostic,fixed_horizon_mc_calibrated,0.05,0.057,0.0032787497617232093,0.246,0.006090714243830521,0.754,0.21312043495248467,1.0,fixed rho=0.15 (point mass diagnostic),document_shared,fixed_point_mass,10000,5000,5000
inverse,shared_delta_iid_null_replacement,0.25,300,bayes_shared_rho0_0.15,bayes_shared_point_mass_diagnostic,fixed_horizon_mc_calibrated,0.05,0.059,0.0033322364862056236,0.12319999999999998,0.004648048192521243,0.8768,-0.46567794418729624,1.0,fixed rho=0.15 (point mass diagnostic),document_shared,fixed_point_mass,10000,5000,5000
inverse,shared_delta_iid_null_replacement,0.25,700,bayes_shared_rho0_0.15,bayes_shared_point_mass_diagnostic,fixed_horizon_mc_calibrated,0.05,0.0562,0.003257040374327589,0.07379999999999998,0.003697392594788927,0.9262,-0.984195226926329,1.0,fixed rho=0.15 (point mass diagnostic),document_shared,fixed_point_mass,10000,5000,5000
inverse,shared_delta_iid_null_replacement,0.25,100,bayes_shared_rho0_0.25,bayes_shared_point_mass_diagnostic,fixed_horizon_mc_calibrated,0.05,0.0578,0.003300277564084573,0.24080000000000001,0.006046740609617714,0.7592,0.36654637866122464,1.0,fixed rho=0.25 (point mass diagnostic),document_shared,fixed_point_mass,10000,5000,5000
inverse,shared_delta_iid_null_replacement,0.25,300,bayes_shared_rho0_0.25,bayes_shared_point_mass_diagnostic,fixed_horizon_mc_calibrated,0.05,0.0572,0.0032841485959073167,0.12239999999999995,0.004635045630843346,0.8776,-0.2681566530065407,1.0,fixed rho=0.25 (point mass diagnostic),document_shared,fixed_point_mass,10000,5000,5000
inverse,shared_delta_iid_null_replacement,0.25,700,bayes_shared_rho0_0.25,bayes_shared_point_mass_diagnostic,fixed_horizon_mc_calibrated,0.05,0.0558,0.003246116448927857,0.07299999999999995,0.003678885700861063,0.927,-0.7953464706694429,1.0,fixed rho=0.25 (point mass diagnostic),document_shared,fixed_point_mass,10000,5000,5000
inverse,shared_delta_iid_null_replacement,0.25,100,bayes_shared_rho0_0.4,bayes_shared_point_mass_diagnostic,fixed_horizon_mc_calibrated,0.05,0.057,0.0032787497617232093,0.24539999999999995,0.006085701931576997,0.7546,0.644814304823687,1.0,fixed rho=0.4 (point mass diagnostic),document_shared,fixed_point_mass,10000,5000,5000
inverse,shared_delta_iid_null_replacement,0.25,300,bayes_shared_rho0_0.4,bayes_shared_point_mass_diagnostic,fixed_horizon_mc_calibrated,0.05,0.0596,0.0033480692943844517,0.12639999999999996,0.004699426347970569,0.8736,0.04871729830697724,1.0,fixed rho=0.4 (point mass diagnostic),document_shared,fixed_point_mass,10000,5000,5000
inverse,shared_delta_iid_null_replacement,0.25,700,bayes_shared_rho0_0.4,bayes_shared_point_mass_diagnostic,fixed_horizon_mc_calibrated,0.05,0.0548,0.003218600938296017,0.07479999999999998,0.0037203483707846496,0.9252,-0.46815018848202294,1.0,fixed rho=0.4 (point mass diagnostic),document_shared,fixed_point_mass,10000,5000,5000
inverse,shared_delta_iid_null_replacement,0.25,100,bayes_shared_rho0_0.5,bayes_shared_point_mass_diagnostic,fixed_horizon_mc_calibrated,0.05,0.0574,0.0032895361375124,0.249,0.0061155375887978975,0.751,0.8321118270330476,1.0,fixed rho=0.5 (point mass diagnostic),document_shared,fixed_point_mass,10000,5000,5000
inverse,shared_delta_iid_null_replacement,0.25,300,bayes_shared_rho0_0.5,bayes_shared_point_mass_diagnostic,fixed_horizon_mc_calibrated,0.05,0.0608,0.0033794484757131596,0.13,0.004756048780237646,0.87,0.27691160116719615,1.0,fixed rho=0.5 (point mass diagnostic),document_shared,fixed_point_mass,10000,5000,5000
inverse,shared_delta_iid_null_replacement,0.25,700,bayes_shared_rho0_0.5,bayes_shared_point_mass_diagnostic,fixed_horizon_mc_calibrated,0.05,0.0552,0.0032296427046966045,0.07540000000000002,0.003734028387679987,0.9246,-0.23834285425760182,1.0,fixed rho=0.5 (point mass diagnostic),document_shared,fixed_point_mass,10000,5000,5000
inverse,shared_delta_iid_null_replacement,0.25,100,bayes_shared_rho0_0.6,bayes_shared_point_mass_diagnostic,fixed_horizon_mc_calibrated,0.05,0.0554,0.0032351457463304493,0.26239999999999997,0.006221675658534443,0.7376,0.9918130250465964,1.0,fixed rho=0.6 (point mass diagnostic),document_shared,fixed_point_mass,10000,5000,5000
inverse,shared_delta_iid_null_replacement,0.25,300,bayes_shared_rho0_0.6,bayes_shared_point_mass_diagnostic,fixed_horizon_mc_calibrated,0.05,0.0602,0.0033638061775316365,0.136,0.004847762370413798,0.864,0.5233714760509942,1.0,fixed rho=0.6 (point mass diagnostic),document_shared,fixed_point_mass,10000,5000,5000
inverse,shared_delta_iid_null_replacement,0.25,700,bayes_shared_rho0_0.6,bayes_shared_point_mass_diagnostic,fixed_horizon_mc_calibrated,0.05,0.052,0.003139936305086458,0.07920000000000005,0.003819093086061141,0.9208,0.08231777455568601,1.0,fixed rho=0.6 (point mass diagnostic),document_shared,fixed_point_mass,10000,5000,5000
inverse,shared_delta_iid_null_replacement,0.25,100,trgof_s2,trgof,fixed_horizon_mc_calibrated,0.05,0.053,0.003168311853337673,0.4044,0.006940614382026997,0.5956,4.665247567773938,1.0,"none (Tr-GoF competitor, s=2; robust to null-like edits by construction rather than by a rho model)",not_applicable,not_applicable,10000,5000,5000
inverse,shared_delta_iid_null_replacement,0.25,300,trgof_s2,trgof,fixed_horizon_mc_calibrated,0.05,0.0556,0.0032406369744233925,0.2238,0.005894294868769291,0.7762,4.901763680108744,1.0,"none (Tr-GoF competitor, s=2; robust to null-like edits by construction rather than by a rho model)",not_applicable,not_applicable,10000,5000,5000
inverse,shared_delta_iid_null_replacement,0.25,700,trgof_s2,trgof,fixed_horizon_mc_calibrated,0.05,0.052,0.003139936305086458,0.13339999999999996,0.0048084184510086055,0.8666,5.1391115031703185,1.0,"none (Tr-GoF competitor, s=2; robust to null-like edits by construction rather than by a rho model)",not_applicable,not_applicable,10000,5000,5000
inverse,shared_delta_iid_null_replacement,0.4,100,h_neg,paper_score,fixed_horizon_mc_calibrated,0.05,0.0512,0.0031170036894427955,0.37339999999999995,0.006840649676748547,0.6266,-29.53597323016233,1.0,none (reference score),not_applicable,not_applicable,10000,5000,5000
inverse,shared_delta_iid_null_replacement,0.4,300,h_neg,paper_score,fixed_horizon_mc_calibrated,0.05,0.0526,0.003156999841621789,0.21199999999999997,0.005780242209458008,0.788,-93.40842751521343,1.0,none (reference score),not_applicable,not_applicable,10000,5000,5000
inverse,shared_delta_iid_null_replacement,0.4,700,h_neg,paper_score,fixed_horizon_mc_calibrated,0.05,0.0478,0.003017123133052412,0.14300000000000002,0.0049507777166825015,0.857,-223.04509935791404,1.0,none (reference score),not_applicable,not_applicable,10000,5000,5000
inverse,shared_delta_iid_null_replacement,0.4,100,h_dif_star_0.1,paper_score,fixed_horizon_mc_calibrated,0.05,0.0568,0.0032733395790843335,0.5356000000000001,0.007053121861984237,0.4644,-8.984503701071233,1.0,none (reference score),not_applicable,not_applicable,10000,5000,5000
inverse,shared_delta_iid_null_replacement,0.4,300,h_dif_star_0.1,paper_score,fixed_horizon_mc_calibrated,0.05,0.0576,0.0032949124419322587,0.3014,0.0064893457297326975,0.6986,-36.10868806987367,1.0,none (reference score),not_applicable,not_applicable,10000,5000,5000
inverse,shared_delta_iid_null_replacement,0.4,700,h_dif_star_0.1,paper_score,fixed_horizon_mc_calibrated,0.05,0.057,0.0032787497617232093,0.125,0.004677071733467427,0.875,-97.28048085188492,1.0,none (reference score),not_applicable,not_applicable,10000,5000,5000
inverse,shared_delta_iid_null_replacement,0.4,100,h_dif_star_0.01,paper_score,fixed_horizon_mc_calibrated,0.05,0.054,0.003196372944448129,0.4094,0.006954015243008891,0.5906,-0.7085505504701238,1.0,none (reference score),not_applicable,not_applicable,10000,5000,5000
inverse,shared_delta_iid_null_replacement,0.4,300,h_dif_star_0.01,paper_score,fixed_horizon_mc_calibrated,0.05,0.0588,0.0033269373303385203,0.2268,0.005922191486265874,0.7732,-2.4583067664490015,1.0,none (reference score),not_applicable,not_applicable,10000,5000,5000
inverse,shared_delta_iid_null_replacement,0.4,700,h_dif_star_0.01,paper_score,fixed_horizon_mc_calibrated,0.05,0.0558,0.003246116448927857,0.15259999999999996,0.005085533207049187,0.8474,-6.181622785312162,1.0,none (reference score),not_applicable,not_applicable,10000,5000,5000
inverse,shared_delta_iid_null_replacement,0.4,100,h_dif_star_0.001,paper_score,fixed_horizon_mc_calibrated,0.05,0.0538,0.0031907854832313627,0.405,0.00694226187924368,0.595,-0.06945588264825468,1.0,none (reference score),not_applicable,not_applicable,10000,5000,5000
inverse,shared_delta_iid_null_replacement,0.4,300,h_dif_star_0.001,paper_score,fixed_horizon_mc_calibrated,0.05,0.0592,0.0033375248313683003,0.21120000000000005,0.005772253632681087,0.7888,-0.24029882863001545,1.0,none (reference score),not_applicable,not_applicable,10000,5000,5000
inverse,shared_delta_iid_null_replacement,0.4,700,h_dif_star_0.001,paper_score,fixed_horizon_mc_calibrated,0.05,0.0554,0.0032351457463304493,0.12419999999999998,0.004664211830523995,0.8758,-0.6014117319314604,1.0,none (reference score),not_applicable,not_applicable,10000,5000,5000
inverse,shared_delta_iid_null_replacement,0.4,100,bayes_tokenwise_clean,bayes_tokenwise_sensitivity,fixed_horizon_mc_calibrated,0.05,0.0546,0.003213062090903318,0.33120000000000005,0.006655923076478574,0.6688,-2.599944253450521,1.0,fixed rho=0,tokenwise,fixed_zero,10000,5000,5000
inverse,shared_delta_iid_null_replacement,0.4,300,bayes_tokenwise_clean,bayes_tokenwise_sensitivity,fixed_horizon_mc_calibrated,0.05,0.0592,0.0033375248313683003,0.17459999999999998,0.00536870263657804,0.8254,-18.84532874133994,1.0,fixed rho=0,tokenwise,fixed_zero,10000,5000,5000
inverse,shared_delta_iid_null_replacement,0.4,700,bayes_tokenwise_clean,bayes_tokenwise_sensitivity,fixed_horizon_mc_calibrated,0.05,0.0548,0.003218600938296017,0.10940000000000005,0.004414332112562444,0.8906,-56.29375776421085,1.0,fixed rho=0,tokenwise,fixed_zero,10000,5000,5000
inverse,shared_delta_iid_null_replacement,0.4,100,bayes_tokenwise_robust,bayes_tokenwise_sensitivity,fixed_horizon_mc_calibrated,0.05,0.0544,0.0032075111847038036,0.3278,0.006638481151588818,0.6722,-0.24565284623298023,1.0,tokenwise prior; equivalent fixed mean rho=0.16875,tokenwise,tokenwise_collapses_to_prior_mean,10000,5000,5000
inverse,shared_delta_iid_null_replacement,0.4,300,bayes_tokenwise_robust,bayes_tokenwise_sensitivity,fixed_horizon_mc_calibrated,0.05,0.0548,0.003218600938296017,0.18220000000000003,0.00545899551199669,0.8178,-8.362825184154607,1.0,tokenwise prior; equivalent fixed mean rho=0.16875,tokenwise,tokenwise_collapses_to_prior_mean,10000,5000,5000
inverse,shared_delta_iid_null_replacement,0.4,700,bayes_tokenwise_robust,bayes_tokenwise_sensitivity,fixed_horizon_mc_calibrated,0.05,0.0526,0.003156999841621789,0.11880000000000002,0.004575730761310154,0.8812,-28.01978619858254,1.0,tokenwise prior; equivalent fixed mean rho=0.16875,tokenwise,tokenwise_collapses_to_prior_mean,10000,5000,5000
inverse,shared_delta_iid_null_replacement,0.4,100,bayes_shared_clean,bayes_shared,fixed_horizon_mc_calibrated,0.05,0.0544,0.0032075111847038036,0.5196000000000001,0.007065632880358277,0.4804,-0.028539211650565388,1.0,fixed rho=0,document_shared,fixed_zero,10000,5000,5000
inverse,shared_delta_iid_null_replacement,0.4,300,bayes_shared_clean,bayes_shared,fixed_horizon_mc_calibrated,0.05,0.0576,0.0032949124419322587,0.3288,0.006643652007743933,0.6712,-0.7449547141071342,1.0,fixed rho=0,document_shared,fixed_zero,10000,5000,5000
inverse,shared_delta_iid_null_replacement,0.4,700,bayes_shared_clean,bayes_shared,fixed_horizon_mc_calibrated,0.05,0.058,0.003305631558416636,0.22199999999999998,0.005877346339973509,0.778,-1.252412180658434,1.0,fixed rho=0,document_shared,fixed_zero,10000,5000,5000
inverse,shared_delta_iid_null_replacement,0.4,100,bayes_shared_robust,bayes_shared,fixed_horizon_mc_calibrated,0.05,0.056,0.003251584229264252,0.33499999999999996,0.006674953183356419,0.665,0.3414451686411444,1.0,shared spike-and-grid prior,document_shared,document_shared,10000,5000,5000
inverse,shared_delta_iid_null_replacement,0.4,300,bayes_shared_robust,bayes_shared,fixed_horizon_mc_calibrated,0.05,0.0608,0.0033794484757131596,0.1644,0.005241615018293503,0.8356,-0.27575791971336505,1.0,shared spike-and-grid prior,document_shared,document_shared,10000,5000,5000
inverse,shared_delta_iid_null_replacement,0.4,700,bayes_shared_robust,bayes_shared,fixed_horizon_mc_calibrated,0.05,0.0562,0.003257040374327589,0.09860000000000002,0.00421611290171409,0.9014,-0.7633321407061855,1.0,shared spike-and-grid prior,document_shared,document_shared,10000,5000,5000
inverse,shared_delta_iid_null_replacement,0.4,100,bayes_shared_rho0_0.1,bayes_shared_point_mass_diagnostic,fixed_horizon_mc_calibrated,0.05,0.0562,0.003257040374327589,0.3832,0.006875431041032991,0.6168,0.1301098821073552,1.0,fixed rho=0.1 (point mass diagnostic),document_shared,fixed_point_mass,10000,5000,5000
inverse,shared_delta_iid_null_replacement,0.4,300,bayes_shared_rho0_0.1,bayes_shared_point_mass_diagnostic,fixed_horizon_mc_calibrated,0.05,0.0586,0.003321627312026441,0.18999999999999995,0.005547972602672078,0.81,-0.567785228678023,1.0,fixed rho=0.1 (point mass diagnostic),document_shared,fixed_point_mass,10000,5000,5000
inverse,shared_delta_iid_null_replacement,0.4,700,bayes_shared_rho0_0.1,bayes_shared_point_mass_diagnostic,fixed_horizon_mc_calibrated,0.05,0.056,0.003251584229264252,0.10919999999999996,0.004410790405358205,0.8908,-1.0654580966477853,1.0,fixed rho=0.1 (point mass diagnostic),document_shared,fixed_point_mass,10000,5000,5000
inverse,shared_delta_iid_null_replacement,0.4,100,bayes_shared_rho0_0.15,bayes_shared_point_mass_diagnostic,fixed_horizon_mc_calibrated,0.05,0.057,0.0032787497617232093,0.3608,0.0067915147058664315,0.6392,0.21312043495248467,1.0,fixed rho=0.15 (point mass diagnostic),document_shared,fixed_point_mass,10000,5000,5000
inverse,shared_delta_iid_null_replacement,0.4,300,bayes_shared_rho0_0.15,bayes_shared_point_mass_diagnostic,fixed_horizon_mc_calibrated,0.05,0.059,0.0033322364862056236,0.17800000000000005,0.005409547115979304,0.822,-0.46567794418729624,1.0,fixed rho=0.15 (point mass diagnostic),document_shared,fixed_point_mass,10000,5000,5000
inverse,shared_delta_iid_null_replacement,0.4,700,bayes_shared_rho0_0.15,bayes_shared_point_mass_diagnostic,fixed_horizon_mc_calibrated,0.05,0.0562,0.003257040374327589,0.10360000000000003,0.004309687691701106,0.8964,-0.984195226926329,1.0,fixed rho=0.15 (point mass diagnostic),document_shared,fixed_point_mass,10000,5000,5000
inverse,shared_delta_iid_null_replacement,0.4,100,bayes_shared_rho0_0.25,bayes_shared_point_mass_diagnostic,fixed_horizon_mc_calibrated,0.05,0.0578,0.003300277564084573,0.33620000000000005,0.006680861621078527,0.6638,0.36654637866122464,1.0,fixed rho=0.25 (point mass diagnostic),document_shared,fixed_point_mass,10000,5000,5000
inverse,shared_delta_iid_null_replacement,0.4,300,bayes_shared_rho0_0.25,bayes_shared_point_mass_diagnostic,fixed_horizon_mc_calibrated,0.05,0.0572,0.0032841485959073167,0.16920000000000002,0.005302289316889451,0.8308,-0.2681566530065407,1.0,fixed rho=0.25 (point mass diagnostic),document_shared,fixed_point_mass,10000,5000,5000
inverse,shared_delta_iid_null_replacement,0.4,700,bayes_shared_rho0_0.25,bayes_shared_point_mass_diagnostic,fixed_horizon_mc_calibrated,0.05,0.0558,0.003246116448927857,0.09960000000000002,0.004235087720461053,0.9004,-0.7953464706694429,1.0,fixed rho=0.25 (point mass diagnostic),document_shared,fixed_point_mass,10000,5000,5000
inverse,shared_delta_iid_null_replacement,0.4,100,bayes_shared_rho0_0.4,bayes_shared_point_mass_diagnostic,fixed_horizon_mc_calibrated,0.05,0.057,0.0032787497617232093,0.31899999999999995,0.006591494519454597,0.681,0.644814304823687,1.0,fixed rho=0.4 (point mass diagnostic),document_shared,fixed_point_mass,10000,5000,5000
inverse,shared_delta_iid_null_replacement,0.4,300,bayes_shared_rho0_0.4,bayes_shared_point_mass_diagnostic,fixed_horizon_mc_calibrated,0.05,0.0596,0.0033480692943844517,0.1652,0.005251837011941631,0.8348,0.04871729830697724,1.0,fixed rho=0.4 (point mass diagnostic),document_shared,fixed_point_mass,10000,5000,5000
inverse,shared_delta_iid_null_replacement,0.4,700,bayes_shared_rho0_0.4,bayes_shared_point_mass_diagnostic,fixed_horizon_mc_calibrated,0.05,0.0548,0.003218600938296017,0.09760000000000002,0.004197004646173268,0.9024,-0.46815018848202294,1.0,fixed rho=0.4 (point mass diagnostic),document_shared,fixed_point_mass,10000,5000,5000
inverse,shared_delta_iid_null_replacement,0.4,100,bayes_shared_rho0_0.5,bayes_shared_point_mass_diagnostic,fixed_horizon_mc_calibrated,0.05,0.0574,0.0032895361375124,0.3234,0.006615322214374747,0.6766,0.8321118270330476,1.0,fixed rho=0.5 (point mass diagnostic),document_shared,fixed_point_mass,10000,5000,5000
inverse,shared_delta_iid_null_replacement,0.4,300,bayes_shared_rho0_0.5,bayes_shared_point_mass_diagnostic,fixed_horizon_mc_calibrated,0.05,0.0608,0.0033794484757131596,0.16779999999999995,0.005284754677371504,0.8322,0.27691160116719615,1.0,fixed rho=0.5 (point mass diagnostic),document_shared,fixed_point_mass,10000,5000,5000
inverse,shared_delta_iid_null_replacement,0.4,700,bayes_shared_rho0_0.5,bayes_shared_point_mass_diagnostic,fixed_horizon_mc_calibrated,0.05,0.0552,0.0032296427046966045,0.09699999999999998,0.004185474883451099,0.903,-0.23834285425760182,1.0,fixed rho=0.5 (point mass diagnostic),document_shared,fixed_point_mass,10000,5000,5000
inverse,shared_delta_iid_null_replacement,0.4,100,bayes_shared_rho0_0.6,bayes_shared_point_mass_diagnostic,fixed_horizon_mc_calibrated,0.05,0.0554,0.0032351457463304493,0.33320000000000005,0.0066659996999699905,0.6668,0.9918130250465964,1.0,fixed rho=0.6 (point mass diagnostic),document_shared,fixed_point_mass,10000,5000,5000
inverse,shared_delta_iid_null_replacement,0.4,300,bayes_shared_rho0_0.6,bayes_shared_point_mass_diagnostic,fixed_horizon_mc_calibrated,0.05,0.0602,0.0033638061775316365,0.1724,0.0053418768237390125,0.8276,0.5233714760509942,1.0,fixed rho=0.6 (point mass diagnostic),document_shared,fixed_point_mass,10000,5000,5000
inverse,shared_delta_iid_null_replacement,0.4,700,bayes_shared_rho0_0.6,bayes_shared_point_mass_diagnostic,fixed_horizon_mc_calibrated,0.05,0.052,0.003139936305086458,0.10019999999999996,0.004246409306696658,0.8998,0.08231777455568601,1.0,fixed rho=0.6 (point mass diagnostic),document_shared,fixed_point_mass,10000,5000,5000
inverse,shared_delta_iid_null_replacement,0.4,100,trgof_s2,trgof,fixed_horizon_mc_calibrated,0.05,0.053,0.003168311853337673,0.5067999999999999,0.007070413849273605,0.4932,4.665247567773938,1.0,"none (Tr-GoF competitor, s=2; robust to null-like edits by construction rather than by a rho model)",not_applicable,not_applicable,10000,5000,5000
inverse,shared_delta_iid_null_replacement,0.4,300,trgof_s2,trgof,fixed_horizon_mc_calibrated,0.05,0.0556,0.0032406369744233925,0.28800000000000003,0.006403998750780641,0.712,4.901763680108744,1.0,"none (Tr-GoF competitor, s=2; robust to null-like edits by construction rather than by a rho model)",not_applicable,not_applicable,10000,5000,5000
inverse,shared_delta_iid_null_replacement,0.4,700,trgof_s2,trgof,fixed_horizon_mc_calibrated,0.05,0.052,0.003139936305086458,0.1714,0.005329578594973528,0.8286,5.1391115031703185,1.0,"none (Tr-GoF competitor, s=2; robust to null-like edits by construction rather than by a rho model)",not_applicable,not_applicable,10000,5000,5000
inverse,shared_delta_iid_null_replacement,0.6,100,h_neg,paper_score,fixed_horizon_mc_calibrated,0.05,0.0512,0.0031170036894427955,0.5552,0.007027844050631744,0.4448,-29.53597323016233,1.0,none (reference score),not_applicable,not_applicable,10000,5000,5000
inverse,shared_delta_iid_null_replacement,0.6,300,h_neg,paper_score,fixed_horizon_mc_calibrated,0.05,0.0526,0.003156999841621789,0.3194,0.006593688497343502,0.6806,-93.40842751521343,1.0,none (reference score),not_applicable,not_applicable,10000,5000,5000
inverse,shared_delta_iid_null_replacement,0.6,700,h_neg,paper_score,fixed_horizon_mc_calibrated,0.05,0.0478,0.003017123133052412,0.21999999999999997,0.005858327406350724,0.78,-223.04509935791404,1.0,none (reference score),not_applicable,not_applicable,10000,5000,5000
inverse,shared_delta_iid_null_replacement,0.6,100,h_dif_star_0.1,paper_score,fixed_horizon_mc_calibrated,0.05,0.0568,0.0032733395790843335,0.7263999999999999,0.00630464971271204,0.2736,-8.984503701071233,1.0,none (reference score),not_applicable,not_applicable,10000,5000,5000
inverse,shared_delta_iid_null_replacement,0.6,300,h_dif_star_0.1,paper_score,fixed_horizon_mc_calibrated,0.05,0.0576,0.0032949124419322587,0.5882000000000001,0.006960183330918805,0.4118,-36.10868806987367,1.0,none (reference score),not_applicable,not_applicable,10000,5000,5000
inverse,shared_delta_iid_null_replacement,0.6,700,h_dif_star_0.1,paper_score,fixed_horizon_mc_calibrated,0.05,0.057,0.0032787497617232093,0.34099999999999997,0.006704013723136312,0.659,-97.28048085188492,1.0,none (reference score),not_applicable,not_applicable,10000,5000,5000
inverse,shared_delta_iid_null_replacement,0.6,100,h_dif_star_0.01,paper_score,fixed_horizon_mc_calibrated,0.05,0.054,0.003196372944448129,0.642,0.006779911503847229,0.358,-0.7085505504701238,1.0,none (reference score),not_applicable,not_applicable,10000,5000,5000
inverse,shared_delta_iid_null_replacement,0.6,300,h_dif_star_0.01,paper_score,fixed_horizon_mc_calibrated,0.05,0.0588,0.0033269373303385203,0.43320000000000003,0.007007678074797671,0.5668,-2.4583067664490015,1.0,none (reference score),not_applicable,not_applicable,10000,5000,5000
inverse,shared_delta_iid_null_replacement,0.6,700,h_dif_star_0.01,paper_score,fixed_horizon_mc_calibrated,0.05,0.0558,0.003246116448927857,0.2924,0.006432763636260857,0.7076,-6.181622785312162,1.0,none (reference score),not_applicable,not_applicable,10000,5000,5000
inverse,shared_delta_iid_null_replacement,0.6,100,h_dif_star_0.001,paper_score,fixed_horizon_mc_calibrated,0.05,0.0538,0.0031907854832313627,0.638,0.006796410817483004,0.362,-0.06945588264825468,1.0,none (reference score),not_applicable,not_applicable,10000,5000,5000
inverse,shared_delta_iid_null_replacement,0.6,300,h_dif_star_0.001,paper_score,fixed_horizon_mc_calibrated,0.05,0.0592,0.0033375248313683003,0.4122,0.006961194725045407,0.5878,-0.24029882863001545,1.0,none (reference score),not_applicable,not_applicable,10000,5000,5000
inverse,shared_delta_iid_null_replacement,0.6,700,h_dif_star_0.001,paper_score,fixed_horizon_mc_calibrated,0.05,0.0554,0.0032351457463304493,0.2542,0.006157635260390144,0.7458,-0.6014117319314604,1.0,none (reference score),not_applicable,not_applicable,10000,5000,5000
inverse,shared_delta_iid_null_replacement,0.6,100,bayes_tokenwise_clean,bayes_tokenwise_sensitivity,fixed_horizon_mc_calibrated,0.05,0.0546,0.003213062090903318,0.5474,0.00703922211611482,0.4526,-2.599944253450521,1.0,fixed rho=0,tokenwise,fixed_zero,10000,5000,5000
inverse,shared_delta_iid_null_replacement,0.6,300,bayes_tokenwise_clean,bayes_tokenwise_sensitivity,fixed_horizon_mc_calibrated,0.05,0.0592,0.0033375248313683003,0.28480000000000005,0.006382616391418178,0.7152,-18.84532874133994,1.0,fixed rho=0,tokenwise,fixed_zero,10000,5000,5000
inverse,shared_delta_iid_null_replacement,0.6,700,bayes_tokenwise_clean,bayes_tokenwise_sensitivity,fixed_horizon_mc_calibrated,0.05,0.0548,0.003218600938296017,0.17420000000000002,0.005363848618296382,0.8258,-56.29375776421085,1.0,fixed rho=0,tokenwise,fixed_zero,10000,5000,5000
inverse,shared_delta_iid_null_replacement,0.6,100,bayes_tokenwise_robust,bayes_tokenwise_sensitivity,fixed_horizon_mc_calibrated,0.05,0.0544,0.0032075111847038036,0.5298,0.007058497857193129,0.4702,-0.24565284623298023,1.0,tokenwise prior; equivalent fixed mean rho=0.16875,tokenwise,tokenwise_collapses_to_prior_mean,10000,5000,5000
inverse,shared_delta_iid_null_replacement,0.6,300,bayes_tokenwise_robust,bayes_tokenwise_sensitivity,fixed_horizon_mc_calibrated,0.05,0.0548,0.003218600938296017,0.2904,0.006419779435463496,0.7096,-8.362825184154607,1.0,tokenwise prior; equivalent fixed mean rho=0.16875,tokenwise,tokenwise_collapses_to_prior_mean,10000,5000,5000
inverse,shared_delta_iid_null_replacement,0.6,700,bayes_tokenwise_robust,bayes_tokenwise_sensitivity,fixed_horizon_mc_calibrated,0.05,0.0526,0.003156999841621789,0.18120000000000003,0.005447321543657947,0.8188,-28.01978619858254,1.0,tokenwise prior; equivalent fixed mean rho=0.16875,tokenwise,tokenwise_collapses_to_prior_mean,10000,5000,5000
inverse,shared_delta_iid_null_replacement,0.6,100,bayes_shared_clean,bayes_shared,fixed_horizon_mc_calibrated,0.05,0.0544,0.0032075111847038036,0.726,0.0063075193222058385,0.274,-0.028539211650565388,1.0,fixed rho=0,document_shared,fixed_zero,10000,5000,5000
inverse,shared_delta_iid_null_replacement,0.6,300,bayes_shared_clean,bayes_shared,fixed_horizon_mc_calibrated,0.05,0.0576,0.0032949124419322587,0.5478000000000001,0.007038681126461121,0.4522,-0.7449547141071342,1.0,fixed rho=0,document_shared,fixed_zero,10000,5000,5000
inverse,shared_delta_iid_null_replacement,0.6,700,bayes_shared_clean,bayes_shared,fixed_horizon_mc_calibrated,0.05,0.058,0.003305631558416636,0.4082,0.0069508669962818305,0.5918,-1.252412180658434,1.0,fixed rho=0,document_shared,fixed_zero,10000,5000,5000
inverse,shared_delta_iid_null_replacement,0.6,100,bayes_shared_robust,bayes_shared,fixed_horizon_mc_calibrated,0.05,0.056,0.003251584229264252,0.5596,0.0070206529610856,0.4404,0.3414451686411444,1.0,shared spike-and-grid prior,document_shared,document_shared,10000,5000,5000
inverse,shared_delta_iid_null_replacement,0.6,300,bayes_shared_robust,bayes_shared,fixed_horizon_mc_calibrated,0.05,0.0608,0.0033794484757131596,0.30279999999999996,0.006497879038578665,0.6972,-0.27575791971336505,1.0,shared spike-and-grid prior,document_shared,document_shared,10000,5000,5000
inverse,shared_delta_iid_null_replacement,0.6,700,bayes_shared_robust,bayes_shared,fixed_horizon_mc_calibrated,0.05,0.0562,0.003257040374327589,0.17559999999999998,0.005380792506685237,0.8244,-0.7633321407061855,1.0,shared spike-and-grid prior,document_shared,document_shared,10000,5000,5000
inverse,shared_delta_iid_null_replacement,0.6,100,bayes_shared_rho0_0.1,bayes_shared_point_mass_diagnostic,fixed_horizon_mc_calibrated,0.05,0.0562,0.003257040374327589,0.6432,0.006774861769807558,0.3568,0.1301098821073552,1.0,fixed rho=0.1 (point mass diagnostic),document_shared,fixed_point_mass,10000,5000,5000
inverse,shared_delta_iid_null_replacement,0.6,300,bayes_shared_rho0_0.1,bayes_shared_point_mass_diagnostic,fixed_horizon_mc_calibrated,0.05,0.0586,0.003321627312026441,0.42100000000000004,0.006982248921371967,0.579,-0.567785228678023,1.0,fixed rho=0.1 (point mass diagnostic),document_shared,fixed_point_mass,10000,5000,5000
inverse,shared_delta_iid_null_replacement,0.6,700,bayes_shared_rho0_0.1,bayes_shared_point_mass_diagnostic,fixed_horizon_mc_calibrated,0.05,0.056,0.003251584229264252,0.25439999999999996,0.006159231120846172,0.7456,-1.0654580966477853,1.0,fixed rho=0.1 (point mass diagnostic),document_shared,fixed_point_mass,10000,5000,5000
inverse,shared_delta_iid_null_replacement,0.6,100,bayes_shared_rho0_0.15,bayes_shared_point_mass_diagnostic,fixed_horizon_mc_calibrated,0.05,0.057,0.0032787497617232093,0.6204000000000001,0.006862999927145562,0.3796,0.21312043495248467,1.0,fixed rho=0.15 (point mass diagnostic),document_shared,fixed_point_mass,10000,5000,5000
inverse,shared_delta_iid_null_replacement,0.6,300,bayes_shared_rho0_0.15,bayes_shared_point_mass_diagnostic,fixed_horizon_mc_calibrated,0.05,0.059,0.0033322364862056236,0.3954,0.006914605411735365,0.6046,-0.46567794418729624,1.0,fixed rho=0.15 (point mass diagnostic),document_shared,fixed_point_mass,10000,5000,5000
inverse,shared_delta_iid_null_replacement,0.6,700,bayes_shared_rho0_0.15,bayes_shared_point_mass_diagnostic,fixed_horizon_mc_calibrated,0.05,0.0562,0.003257040374327589,0.23160000000000003,0.005965927253998325,0.7684,-0.984195226926329,1.0,fixed rho=0.15 (point mass diagnostic),document_shared,fixed_point_mass,10000,5000,5000
inverse,shared_delta_iid_null_replacement,0.6,100,bayes_shared_rho0_0.25,bayes_shared_point_mass_diagnostic,fixed_horizon_mc_calibrated,0.05,0.0578,0.003300277564084573,0.575,0.006991065727054781,0.425,0.36654637866122464,1.0,fixed rho=0.25 (point mass diagnostic),document_shared,fixed_point_mass,10000,5000,5000
inverse,shared_delta_iid_null_replacement,0.6,300,bayes_shared_rho0_0.25,bayes_shared_point_mass_diagnostic,fixed_horizon_mc_calibrated,0.05,0.0572,0.0032841485959073167,0.351,0.006749799997036949,0.649,-0.2681566530065407,1.0,fixed rho=0.25 (point mass diagnostic),document_shared,fixed_point_mass,10000,5000,5000
inverse,shared_delta_iid_null_replacement,0.6,700,bayes_shared_rho0_0.25,bayes_shared_point_mass_diagnostic,fixed_horizon_mc_calibrated,0.05,0.0558,0.003246116448927857,0.20240000000000002,0.005682151705120165,0.7976,-0.7953464706694429,1.0,fixed rho=0.25 (point mass diagnostic),document_shared,fixed_point_mass,10000,5000,5000
inverse,shared_delta_iid_null_replacement,0.6,100,bayes_shared_rho0_0.4,bayes_shared_point_mass_diagnostic,fixed_horizon_mc_calibrated,0.05,0.057,0.0032787497617232093,0.5354,0.007053323188398501,0.4646,0.644814304823687,1.0,fixed rho=0.4 (point mass diagnostic),document_shared,fixed_point_mass,10000,5000,5000
inverse,shared_delta_iid_null_replacement,0.6,300,bayes_shared_rho0_0.4,bayes_shared_point_mass_diagnostic,fixed_horizon_mc_calibrated,0.05,0.0596,0.0033480692943844517,0.30800000000000005,0.006528950911134193,0.692,0.04871729830697724,1.0,fixed rho=0.4 (point mass diagnostic),document_shared,fixed_point_mass,10000,5000,5000
inverse,shared_delta_iid_null_replacement,0.6,700,bayes_shared_rho0_0.4,bayes_shared_point_mass_diagnostic,fixed_horizon_mc_calibrated,0.05,0.0548,0.003218600938296017,0.17879999999999996,0.005419050839399829,0.8212,-0.46815018848202294,1.0,fixed rho=0.4 (point mass diagnostic),document_shared,fixed_point_mass,10000,5000,5000
inverse,shared_delta_iid_null_replacement,0.6,100,bayes_shared_rho0_0.5,bayes_shared_point_mass_diagnostic,fixed_horizon_mc_calibrated,0.05,0.0574,0.0032895361375124,0.523,0.007063582660378514,0.477,0.8321118270330476,1.0,fixed rho=0.5 (point mass diagnostic),document_shared,fixed_point_mass,10000,5000,5000
inverse,shared_delta_iid_null_replacement,0.6,300,bayes_shared_rho0_0.5,bayes_shared_point_mass_diagnostic,fixed_horizon_mc_calibrated,0.05,0.0608,0.0033794484757131596,0.29079999999999995,0.006422388340796592,0.7092,0.27691160116719615,1.0,fixed rho=0.5 (point mass diagnostic),document_shared,fixed_point_mass,10000,5000,5000
inverse,shared_delta_iid_null_replacement,0.6,700,bayes_shared_rho0_0.5,bayes_shared_point_mass_diagnostic,fixed_horizon_mc_calibrated,0.05,0.0552,0.0032296427046966045,0.17020000000000002,0.005314733483440162,0.8298,-0.23834285425760182,1.0,fixed rho=0.5 (point mass diagnostic),document_shared,fixed_point_mass,10000,5000,5000
inverse,shared_delta_iid_null_replacement,0.6,100,bayes_shared_rho0_0.6,bayes_shared_point_mass_diagnostic,fixed_horizon_mc_calibrated,0.05,0.0554,0.0032351457463304493,0.5222,0.007064094563353466,0.4778,0.9918130250465964,1.0,fixed rho=0.6 (point mass diagnostic),document_shared,fixed_point_mass,10000,5000,5000
inverse,shared_delta_iid_null_replacement,0.6,300,bayes_shared_rho0_0.6,bayes_shared_point_mass_diagnostic,fixed_horizon_mc_calibrated,0.05,0.0602,0.0033638061775316365,0.28159999999999996,0.006360840196074729,0.7184,0.5233714760509942,1.0,fixed rho=0.6 (point mass diagnostic),document_shared,fixed_point_mass,10000,5000,5000
inverse,shared_delta_iid_null_replacement,0.6,700,bayes_shared_rho0_0.6,bayes_shared_point_mass_diagnostic,fixed_horizon_mc_calibrated,0.05,0.052,0.003139936305086458,0.1674,0.005279720447144905,0.8326,0.08231777455568601,1.0,fixed rho=0.6 (point mass diagnostic),document_shared,fixed_point_mass,10000,5000,5000
inverse,shared_delta_iid_null_replacement,0.6,100,trgof_s2,trgof,fixed_horizon_mc_calibrated,0.05,0.053,0.003168311853337673,0.7050000000000001,0.006449418578445656,0.295,4.665247567773938,1.0,"none (Tr-GoF competitor, s=2; robust to null-like edits by construction rather than by a rho model)",not_applicable,not_applicable,10000,5000,5000
inverse,shared_delta_iid_null_replacement,0.6,300,trgof_s2,trgof,fixed_horizon_mc_calibrated,0.05,0.0556,0.0032406369744233925,0.45220000000000005,0.007038681126461122,0.5478,4.901763680108744,1.0,"none (Tr-GoF competitor, s=2; robust to null-like edits by construction rather than by a rho model)",not_applicable,not_applicable,10000,5000,5000
inverse,shared_delta_iid_null_replacement,0.6,700,trgof_s2,trgof,fixed_horizon_mc_calibrated,0.05,0.052,0.003139936305086458,0.28879999999999995,0.006409283267261636,0.7112,5.1391115031703185,1.0,"none (Tr-GoF competitor, s=2; robust to null-like edits by construction rather than by a rho model)",not_applicable,not_applicable,10000,5000,5000
inverse,shared_delta_iid_null_replacement,1.0,100,h_neg,paper_score,fixed_horizon_mc_calibrated,0.05,0.0512,0.0031170036894427955,0.947,0.0031683118533376744,0.053,-29.53597323016233,1.0,none (reference score),not_applicable,not_applicable,10000,5000,5000
inverse,shared_delta_iid_null_replacement,1.0,300,h_neg,paper_score,fixed_horizon_mc_calibrated,0.05,0.0526,0.003156999841621789,0.948,0.00313993630508646,0.052,-93.40842751521343,1.0,none (reference score),not_applicable,not_applicable,10000,5000,5000
inverse,shared_delta_iid_null_replacement,1.0,700,h_neg,paper_score,fixed_horizon_mc_calibrated,0.05,0.0478,0.003017123133052412,0.9534,0.0029808871162793123,0.0466,-223.04509935791404,1.0,none (reference score),not_applicable,not_applicable,10000,5000,5000
inverse,shared_delta_iid_null_replacement,1.0,100,h_dif_star_0.1,paper_score,fixed_horizon_mc_calibrated,0.05,0.0568,0.0032733395790843335,0.9508,0.0030587369942510594,0.0492,-8.984503701071233,1.0,none (reference score),not_applicable,not_applicable,10000,5000,5000
inverse,shared_delta_iid_null_replacement,1.0,300,h_dif_star_0.1,paper_score,fixed_horizon_mc_calibrated,0.05,0.0576,0.0032949124419322587,0.9474,0.0031569998416217885,0.0526,-36.10868806987367,1.0,none (reference score),not_applicable,not_applicable,10000,5000,5000
inverse,shared_delta_iid_null_replacement,1.0,700,h_dif_star_0.1,paper_score,fixed_horizon_mc_calibrated,0.05,0.057,0.0032787497617232093,0.9426,0.0032895361375124004,0.0574,-97.28048085188492,1.0,none (reference score),not_applicable,not_applicable,10000,5000,5000
inverse,shared_delta_iid_null_replacement,1.0,100,h_dif_star_0.01,paper_score,fixed_horizon_mc_calibrated,0.05,0.054,0.003196372944448129,0.949,0.0031112376958374634,0.051,-0.7085505504701238,1.0,none (reference score),not_applicable,not_applicable,10000,5000,5000
inverse,shared_delta_iid_null_replacement,1.0,300,h_dif_star_0.01,paper_score,fixed_horizon_mc_calibrated,0.05,0.0588,0.0033269373303385203,0.9454,0.003213062090903317,0.0546,-2.4583067664490015,1.0,none (reference score),not_applicable,not_applicable,10000,5000,5000
inverse,shared_delta_iid_null_replacement,1.0,700,h_dif_star_0.01,paper_score,fixed_horizon_mc_calibrated,0.05,0.0558,0.003246116448927857,0.9466,0.0031795735563122296,0.0534,-6.181622785312162,1.0,none (reference score),not_applicable,not_applicable,10000,5000,5000
inverse,shared_delta_iid_null_replacement,1.0,100,h_dif_star_0.001,paper_score,fixed_horizon_mc_calibrated,0.05,0.0538,0.0031907854832313627,0.95,0.0030822070014844896,0.05,-0.06945588264825468,1.0,none (reference score),not_applicable,not_applicable,10000,5000,5000
inverse,shared_delta_iid_null_replacement,1.0,300,h_dif_star_0.001,paper_score,fixed_horizon_mc_calibrated,0.05,0.0592,0.0033375248313683003,0.9462,0.0031907854832313614,0.0538,-0.24029882863001545,1.0,none (reference score),not_applicable,not_applicable,10000,5000,5000
inverse,shared_delta_iid_null_replacement,1.0,700,h_dif_star_0.001,paper_score,fixed_horizon_mc_calibrated,0.05,0.0554,0.0032351457463304493,0.9486,0.0031227564746550444,0.0514,-0.6014117319314604,1.0,none (reference score),not_applicable,not_applicable,10000,5000,5000
inverse,shared_delta_iid_null_replacement,1.0,100,bayes_tokenwise_clean,bayes_tokenwise_sensitivity,fixed_horizon_mc_calibrated,0.05,0.0546,0.003213062090903318,0.9446,0.0032351457463304493,0.0554,-2.599944253450521,1.0,fixed rho=0,tokenwise,fixed_zero,10000,5000,5000
inverse,shared_delta_iid_null_replacement,1.0,300,bayes_tokenwise_clean,bayes_tokenwise_sensitivity,fixed_horizon_mc_calibrated,0.05,0.0592,0.0033375248313683003,0.9468,0.003173948959892078,0.0532,-18.84532874133994,1.0,fixed rho=0,tokenwise,fixed_zero,10000,5000,5000
inverse,shared_delta_iid_null_replacement,1.0,700,bayes_tokenwise_clean,bayes_tokenwise_sensitivity,fixed_horizon_mc_calibrated,0.05,0.0548,0.003218600938296017,0.948,0.00313993630508646,0.052,-56.29375776421085,1.0,fixed rho=0,tokenwise,fixed_zero,10000,5000,5000
inverse,shared_delta_iid_null_replacement,1.0,100,bayes_tokenwise_robust,bayes_tokenwise_sensitivity,fixed_horizon_mc_calibrated,0.05,0.0544,0.0032075111847038036,0.9428,0.0032841485959073176,0.0572,-0.24565284623298023,1.0,tokenwise prior; equivalent fixed mean rho=0.16875,tokenwise,tokenwise_collapses_to_prior_mean,10000,5000,5000
inverse,shared_delta_iid_null_replacement,1.0,300,bayes_tokenwise_robust,bayes_tokenwise_sensitivity,fixed_horizon_mc_calibrated,0.05,0.0548,0.003218600938296017,0.9476,0.003151324800778238,0.0524,-8.362825184154607,1.0,tokenwise prior; equivalent fixed mean rho=0.16875,tokenwise,tokenwise_collapses_to_prior_mean,10000,5000,5000
inverse,shared_delta_iid_null_replacement,1.0,700,bayes_tokenwise_robust,bayes_tokenwise_sensitivity,fixed_horizon_mc_calibrated,0.05,0.0526,0.003156999841621789,0.95,0.0030822070014844896,0.05,-28.01978619858254,1.0,tokenwise prior; equivalent fixed mean rho=0.16875,tokenwise,tokenwise_collapses_to_prior_mean,10000,5000,5000
inverse,shared_delta_iid_null_replacement,1.0,100,bayes_shared_clean,bayes_shared,fixed_horizon_mc_calibrated,0.05,0.0544,0.0032075111847038036,0.9524,0.0030111207215918786,0.0476,-0.028539211650565388,1.0,fixed rho=0,document_shared,fixed_zero,10000,5000,5000
inverse,shared_delta_iid_null_replacement,1.0,300,bayes_shared_clean,bayes_shared,fixed_horizon_mc_calibrated,0.05,0.0576,0.0032949124419322587,0.947,0.0031683118533376744,0.053,-0.7449547141071342,1.0,fixed rho=0,document_shared,fixed_zero,10000,5000,5000
inverse,shared_delta_iid_null_replacement,1.0,700,bayes_shared_clean,bayes_shared,fixed_horizon_mc_calibrated,0.05,0.058,0.003305631558416636,0.9452,0.003218600938296016,0.0548,-1.252412180658434,1.0,fixed rho=0,document_shared,fixed_zero,10000,5000,5000
inverse,shared_delta_iid_null_replacement,1.0,100,bayes_shared_robust,bayes_shared,fixed_horizon_mc_calibrated,0.05,0.056,0.003251584229264252,0.947,0.0031683118533376744,0.053,0.3414451686411444,1.0,shared spike-and-grid prior,document_shared,document_shared,10000,5000,5000
inverse,shared_delta_iid_null_replacement,1.0,300,bayes_shared_robust,bayes_shared,fixed_horizon_mc_calibrated,0.05,0.0608,0.0033794484757131596,0.9436,0.0032624849424939878,0.0564,-0.27575791971336505,1.0,shared spike-and-grid prior,document_shared,document_shared,10000,5000,5000
inverse,shared_delta_iid_null_replacement,1.0,700,bayes_shared_robust,bayes_shared,fixed_horizon_mc_calibrated,0.05,0.0562,0.003257040374327589,0.9478,0.003145636978419475,0.0522,-0.7633321407061855,1.0,shared spike-and-grid prior,document_shared,document_shared,10000,5000,5000
inverse,shared_delta_iid_null_replacement,1.0,100,bayes_shared_rho0_0.1,bayes_shared_point_mass_diagnostic,fixed_horizon_mc_calibrated,0.05,0.0562,0.003257040374327589,0.9488,0.0031170036894427964,0.0512,0.1301098821073552,1.0,fixed rho=0.1 (point mass diagnostic),document_shared,fixed_point_mass,10000,5000,5000
inverse,shared_delta_iid_null_replacement,1.0,300,bayes_shared_rho0_0.1,bayes_shared_point_mass_diagnostic,fixed_horizon_mc_calibrated,0.05,0.0586,0.003321627312026441,0.9464,0.0031851857088716186,0.0536,-0.567785228678023,1.0,fixed rho=0.1 (point mass diagnostic),document_shared,fixed_point_mass,10000,5000,5000
inverse,shared_delta_iid_null_replacement,1.0,700,bayes_shared_rho0_0.1,bayes_shared_point_mass_diagnostic,fixed_horizon_mc_calibrated,0.05,0.056,0.003251584229264252,0.9466,0.0031795735563122296,0.0534,-1.0654580966477853,1.0,fixed rho=0.1 (point mass diagnostic),document_shared,fixed_point_mass,10000,5000,5000
inverse,shared_delta_iid_null_replacement,1.0,100,bayes_shared_rho0_0.15,bayes_shared_point_mass_diagnostic,fixed_horizon_mc_calibrated,0.05,0.057,0.0032787497617232093,0.947,0.0031683118533376744,0.053,0.21312043495248467,1.0,fixed rho=0.15 (point mass diagnostic),document_shared,fixed_point_mass,10000,5000,5000
inverse,shared_delta_iid_null_replacement,1.0,300,bayes_shared_rho0_0.15,bayes_shared_point_mass_diagnostic,fixed_horizon_mc_calibrated,0.05,0.059,0.0033322364862056236,0.9474,0.0031569998416217885,0.0526,-0.46567794418729624,1.0,fixed rho=0.15 (point mass diagnostic),document_shared,fixed_point_mass,10000,5000,5000
inverse,shared_delta_iid_null_replacement,1.0,700,bayes_shared_rho0_0.15,bayes_shared_point_mass_diagnostic,fixed_horizon_mc_calibrated,0.05,0.0562,0.003257040374327589,0.946,0.0031963729444481302,0.054,-0.984195226926329,1.0,fixed rho=0.15 (point mass diagnostic),document_shared,fixed_point_mass,10000,5000,5000
inverse,shared_delta_iid_null_replacement,1.0,100,bayes_shared_rho0_0.25,bayes_shared_point_mass_diagnostic,fixed_horizon_mc_calibrated,0.05,0.0578,0.003300277564084573,0.9456,0.003207511184703804,0.0544,0.36654637866122464,1.0,fixed rho=0.25 (point mass diagnostic),document_shared,fixed_point_mass,10000,5000,5000
inverse,shared_delta_iid_null_replacement,1.0,300,bayes_shared_rho0_0.25,bayes_shared_point_mass_diagnostic,fixed_horizon_mc_calibrated,0.05,0.0572,0.0032841485959073167,0.9474,0.0031569998416217885,0.0526,-0.2681566530065407,1.0,fixed rho=0.25 (point mass diagnostic),document_shared,fixed_point_mass,10000,5000,5000
inverse,shared_delta_iid_null_replacement,1.0,700,bayes_shared_rho0_0.25,bayes_shared_point_mass_diagnostic,fixed_horizon_mc_calibrated,0.05,0.0558,0.003246116448927857,0.9488,0.0031170036894427964,0.0512,-0.7953464706694429,1.0,fixed rho=0.25 (point mass diagnostic),document_shared,fixed_point_mass,10000,5000,5000
inverse,shared_delta_iid_null_replacement,1.0,100,bayes_shared_rho0_0.4,bayes_shared_point_mass_diagnostic,fixed_horizon_mc_calibrated,0.05,0.057,0.0032787497617232093,0.9452,0.003218600938296016,0.0548,0.644814304823687,1.0,fixed rho=0.4 (point mass diagnostic),document_shared,fixed_point_mass,10000,5000,5000
inverse,shared_delta_iid_null_replacement,1.0,300,bayes_shared_rho0_0.4,bayes_shared_point_mass_diagnostic,fixed_horizon_mc_calibrated,0.05,0.0596,0.0033480692943844517,0.9466,0.0031795735563122296,0.0534,0.04871729830697724,1.0,fixed rho=0.4 (point mass diagnostic),document_shared,fixed_point_mass,10000,5000,5000
inverse,shared_delta_iid_null_replacement,1.0,700,bayes_shared_rho0_0.4,bayes_shared_point_mass_diagnostic,fixed_horizon_mc_calibrated,0.05,0.0548,0.003218600938296017,0.9492,0.003105458420265838,0.0508,-0.46815018848202294,1.0,fixed rho=0.4 (point mass diagnostic),document_shared,fixed_point_mass,10000,5000,5000
inverse,shared_delta_iid_null_replacement,1.0,100,bayes_shared_rho0_0.5,bayes_shared_point_mass_diagnostic,fixed_horizon_mc_calibrated,0.05,0.0574,0.0032895361375124,0.9418,0.0033109744789110054,0.0582,0.8321118270330476,1.0,fixed rho=0.5 (point mass diagnostic),document_shared,fixed_point_mass,10000,5000,5000
inverse,shared_delta_iid_null_replacement,1.0,300,bayes_shared_rho0_0.5,bayes_shared_point_mass_diagnostic,fixed_horizon_mc_calibrated,0.05,0.0608,0.0033794484757131596,0.9472,0.003162662169755093,0.0528,0.27691160116719615,1.0,fixed rho=0.5 (point mass diagnostic),document_shared,fixed_point_mass,10000,5000,5000
inverse,shared_delta_iid_null_replacement,1.0,700,bayes_shared_rho0_0.5,bayes_shared_point_mass_diagnostic,fixed_horizon_mc_calibrated,0.05,0.0552,0.0032296427046966045,0.9486,0.0031227564746550444,0.0514,-0.23834285425760182,1.0,fixed rho=0.5 (point mass diagnostic),document_shared,fixed_point_mass,10000,5000,5000
inverse,shared_delta_iid_null_replacement,1.0,100,bayes_shared_rho0_0.6,bayes_shared_point_mass_diagnostic,fixed_horizon_mc_calibrated,0.05,0.0554,0.0032351457463304493,0.9394,0.0033742448043969776,0.0606,0.9918130250465964,1.0,fixed rho=0.6 (point mass diagnostic),document_shared,fixed_point_mass,10000,5000,5000
inverse,shared_delta_iid_null_replacement,1.0,300,bayes_shared_rho0_0.6,bayes_shared_point_mass_diagnostic,fixed_horizon_mc_calibrated,0.05,0.0602,0.0033638061775316365,0.9448,0.0032296427046966053,0.0552,0.5233714760509942,1.0,fixed rho=0.6 (point mass diagnostic),document_shared,fixed_point_mass,10000,5000,5000
inverse,shared_delta_iid_null_replacement,1.0,700,bayes_shared_rho0_0.6,bayes_shared_point_mass_diagnostic,fixed_horizon_mc_calibrated,0.05,0.052,0.003139936305086458,0.9502,0.0030763601869742093,0.0498,0.08231777455568601,1.0,fixed rho=0.6 (point mass diagnostic),document_shared,fixed_point_mass,10000,5000,5000
inverse,shared_delta_iid_null_replacement,1.0,100,trgof_s2,trgof,fixed_horizon_mc_calibrated,0.05,0.053,0.003168311853337673,0.955,0.0029317230428538106,0.045,4.665247567773938,1.0,"none (Tr-GoF competitor, s=2; robust to null-like edits by construction rather than by a rho model)",not_applicable,not_applicable,10000,5000,5000
inverse,shared_delta_iid_null_replacement,1.0,300,trgof_s2,trgof,fixed_horizon_mc_calibrated,0.05,0.0556,0.0032406369744233925,0.9438,0.0032570403743275894,0.0562,4.901763680108744,1.0,"none (Tr-GoF competitor, s=2; robust to null-like edits by construction rather than by a rho model)",not_applicable,not_applicable,10000,5000,5000
inverse,shared_delta_iid_null_replacement,1.0,700,trgof_s2,trgof,fixed_horizon_mc_calibrated,0.05,0.052,0.003139936305086458,0.9502,0.0030763601869742093,0.0498,5.1391115031703185,1.0,"none (Tr-GoF competitor, s=2; robust to null-like edits by construction rather than by a rho model)",not_applicable,not_applicable,10000,5000,5000
