model,model_id,vocabulary_size,scheme,pivot_convention,sample,method,method_label,method_origin,bayesian_delta_prior,bayesian_delta_prior_low,bayesian_delta_prior_high,horizon,n_documents,rejection_rate,mcse,cutoff,boundary_probability,n_at_boundary,n_rejected_randomized_realization,rejection_rate_randomized_realization,decision_rule
1p3B,facebook/opt-1.3b,50272,gumbel,stored_gumbel_pivot,calibration_exact_null,h_ars,h_ars,reference_score,not_applicable,,,50,10000,0.05,0.0021795584524175416,62.177029081295956,1.0,1,500,0.05,score_gt_c_or_score_eq_c_and_u_lt_gamma
1p3B,facebook/opt-1.3b,50272,gumbel,stored_gumbel_pivot,released_raw_empirical_null,h_ars,h_ars,reference_score,not_applicable,,,50,500,0.06,0.010631371130019326,62.177029081295956,1.0,0,30,0.06,score_gt_c_or_score_eq_c_and_u_lt_gamma
1p3B,facebook/opt-1.3b,50272,gumbel,stored_gumbel_pivot,released_watermarked,h_ars,h_ars,reference_score,not_applicable,,,50,500,0.266,0.019780559675655392,62.177029081295956,1.0,0,133,0.266,score_gt_c_or_score_eq_c_and_u_lt_gamma
1p3B,facebook/opt-1.3b,50272,gumbel,stored_gumbel_pivot,calibration_exact_null,h_ars,h_ars,reference_score,not_applicable,,,100,10000,0.05,0.0021795584524175416,117.37812767316937,1.0,1,500,0.05,score_gt_c_or_score_eq_c_and_u_lt_gamma
1p3B,facebook/opt-1.3b,50272,gumbel,stored_gumbel_pivot,released_raw_empirical_null,h_ars,h_ars,reference_score,not_applicable,,,100,500,0.048,0.009569490597759172,117.37812767316937,1.0,0,24,0.048,score_gt_c_or_score_eq_c_and_u_lt_gamma
1p3B,facebook/opt-1.3b,50272,gumbel,stored_gumbel_pivot,released_watermarked,h_ars,h_ars,reference_score,not_applicable,,,100,500,0.366,0.021564276850201687,117.37812767316937,1.0,0,183,0.366,score_gt_c_or_score_eq_c_and_u_lt_gamma
1p3B,facebook/opt-1.3b,50272,gumbel,stored_gumbel_pivot,calibration_exact_null,h_ars,h_ars,reference_score,not_applicable,,,200,10000,0.05,0.0021795584524175416,224.16244301528596,1.0,1,500,0.05,score_gt_c_or_score_eq_c_and_u_lt_gamma
1p3B,facebook/opt-1.3b,50272,gumbel,stored_gumbel_pivot,released_raw_empirical_null,h_ars,h_ars,reference_score,not_applicable,,,200,500,0.052,0.00993929470125102,224.16244301528596,1.0,0,26,0.052,score_gt_c_or_score_eq_c_and_u_lt_gamma
1p3B,facebook/opt-1.3b,50272,gumbel,stored_gumbel_pivot,released_watermarked,h_ars,h_ars,reference_score,not_applicable,,,200,500,0.48,0.022365160424231326,224.16244301528596,1.0,0,240,0.48,score_gt_c_or_score_eq_c_and_u_lt_gamma
1p3B,facebook/opt-1.3b,50272,gumbel,stored_gumbel_pivot,calibration_exact_null,h_log,h_log,reference_score,not_applicable,,,50,10000,0.05,0.0021795584524175416,-38.80315993229276,1.0,1,500,0.05,score_gt_c_or_score_eq_c_and_u_lt_gamma
1p3B,facebook/opt-1.3b,50272,gumbel,stored_gumbel_pivot,released_raw_empirical_null,h_log,h_log,reference_score,not_applicable,,,50,500,0.054,0.010117941761592718,-38.80315993229276,1.0,0,27,0.054,score_gt_c_or_score_eq_c_and_u_lt_gamma
1p3B,facebook/opt-1.3b,50272,gumbel,stored_gumbel_pivot,released_watermarked,h_log,h_log,reference_score,not_applicable,,,50,500,0.204,0.01803936910413861,-38.80315993229276,1.0,0,102,0.204,score_gt_c_or_score_eq_c_and_u_lt_gamma
1p3B,facebook/opt-1.3b,50272,gumbel,stored_gumbel_pivot,calibration_exact_null,h_log,h_log,reference_score,not_applicable,,,100,10000,0.05,0.0021795584524175416,-84.08887005565292,1.0,1,500,0.05,score_gt_c_or_score_eq_c_and_u_lt_gamma
1p3B,facebook/opt-1.3b,50272,gumbel,stored_gumbel_pivot,released_raw_empirical_null,h_log,h_log,reference_score,not_applicable,,,100,500,0.048,0.009569490597759172,-84.08887005565292,1.0,0,24,0.048,score_gt_c_or_score_eq_c_and_u_lt_gamma
1p3B,facebook/opt-1.3b,50272,gumbel,stored_gumbel_pivot,released_watermarked,h_log,h_log,reference_score,not_applicable,,,100,500,0.304,0.02059164957122494,-84.08887005565292,1.0,0,152,0.304,score_gt_c_or_score_eq_c_and_u_lt_gamma
1p3B,facebook/opt-1.3b,50272,gumbel,stored_gumbel_pivot,calibration_exact_null,h_log,h_log,reference_score,not_applicable,,,200,10000,0.05,0.002179558452417541,-177.45712897308832,1.0,1,500,0.05,score_gt_c_or_score_eq_c_and_u_lt_gamma
1p3B,facebook/opt-1.3b,50272,gumbel,stored_gumbel_pivot,released_raw_empirical_null,h_log,h_log,reference_score,not_applicable,,,200,500,0.042,0.008979602804860922,-177.45712897308832,1.0,0,21,0.042,score_gt_c_or_score_eq_c_and_u_lt_gamma
1p3B,facebook/opt-1.3b,50272,gumbel,stored_gumbel_pivot,released_watermarked,h_log,h_log,reference_score,not_applicable,,,200,500,0.432,0.022175109265613186,-177.45712897308832,1.0,0,216,0.432,score_gt_c_or_score_eq_c_and_u_lt_gamma
1p3B,facebook/opt-1.3b,50272,gumbel,stored_gumbel_pivot,calibration_exact_null,h_ind_1_over_e,"h_ind,1/e",reference_score,not_applicable,,,50,10000,0.05,0.002008366385264848,37.0,0.29022988505747127,348,503,0.0503,score_gt_c_or_score_eq_c_and_u_lt_gamma
1p3B,facebook/opt-1.3b,50272,gumbel,stored_gumbel_pivot,released_raw_empirical_null,h_ind_1_over_e,"h_ind,1/e",reference_score,not_applicable,,,50,500,0.051867816091954025,0.009193278103732083,37.0,0.29022988505747127,17,25,0.05,score_gt_c_or_score_eq_c_and_u_lt_gamma
1p3B,facebook/opt-1.3b,50272,gumbel,stored_gumbel_pivot,released_watermarked,h_ind_1_over_e,"h_ind,1/e",reference_score,not_applicable,,,50,500,0.17231609195402298,0.01602875056459409,37.0,0.29022988505747127,35,85,0.17,score_gt_c_or_score_eq_c_and_u_lt_gamma
1p3B,facebook/opt-1.3b,50272,gumbel,stored_gumbel_pivot,calibration_exact_null,h_ind_1_over_e,"h_ind,1/e",reference_score,not_applicable,,,100,10000,0.05,0.002041220204509658,71.0,0.39183673469387753,245,489,0.0489,score_gt_c_or_score_eq_c_and_u_lt_gamma
1p3B,facebook/opt-1.3b,50272,gumbel,stored_gumbel_pivot,released_raw_empirical_null,h_ind_1_over_e,"h_ind,1/e",reference_score,not_applicable,,,100,500,0.05853877551020408,0.009755155321170855,71.0,0.39183673469387753,16,30,0.06,score_gt_c_or_score_eq_c_and_u_lt_gamma
1p3B,facebook/opt-1.3b,50272,gumbel,stored_gumbel_pivot,released_watermarked,h_ind_1_over_e,"h_ind,1/e",reference_score,not_applicable,,,100,500,0.2562938775510204,0.018771523757366137,71.0,0.39183673469387753,31,128,0.256,score_gt_c_or_score_eq_c_and_u_lt_gamma
1p3B,facebook/opt-1.3b,50272,gumbel,stored_gumbel_pivot,calibration_exact_null,h_ind_1_over_e,"h_ind,1/e",reference_score,not_applicable,,,200,10000,0.05,0.002175029830971843,138.0,0.9859154929577465,142,499,0.0499,score_gt_c_or_score_eq_c_and_u_lt_gamma
1p3B,facebook/opt-1.3b,50272,gumbel,stored_gumbel_pivot,released_raw_empirical_null,h_ind_1_over_e,"h_ind,1/e",reference_score,not_applicable,,,200,500,0.05185915492957746,0.009912535498300757,138.0,0.9859154929577465,5,25,0.05,score_gt_c_or_score_eq_c_and_u_lt_gamma
1p3B,facebook/opt-1.3b,50272,gumbel,stored_gumbel_pivot,released_watermarked,h_ind_1_over_e,"h_ind,1/e",reference_score,not_applicable,,,200,500,0.38752112676056333,0.02178766057575837,138.0,0.9859154929577465,17,194,0.388,score_gt_c_or_score_eq_c_and_u_lt_gamma
1p3B,facebook/opt-1.3b,50272,gumbel,stored_gumbel_pivot,calibration_exact_null,h_gum_star_0.01,"h*_gum,.01",reference_score,not_applicable,,,50,10000,0.05,0.0021795584524175416,0.6683490220180616,1.0,1,500,0.05,score_gt_c_or_score_eq_c_and_u_lt_gamma
1p3B,facebook/opt-1.3b,50272,gumbel,stored_gumbel_pivot,released_raw_empirical_null,h_gum_star_0.01,"h*_gum,.01",reference_score,not_applicable,,,50,500,0.04,0.008772337648291433,0.6683490220180616,1.0,0,20,0.04,score_gt_c_or_score_eq_c_and_u_lt_gamma
1p3B,facebook/opt-1.3b,50272,gumbel,stored_gumbel_pivot,released_watermarked,h_gum_star_0.01,"h*_gum,.01",reference_score,not_applicable,,,50,500,0.168,0.01673655354154187,0.6683490220180616,1.0,0,84,0.168,score_gt_c_or_score_eq_c_and_u_lt_gamma
1p3B,facebook/opt-1.3b,50272,gumbel,stored_gumbel_pivot,calibration_exact_null,h_gum_star_0.01,"h*_gum,.01",reference_score,not_applicable,,,100,10000,0.05,0.0021795584524175416,0.8633057924176256,1.0,1,500,0.05,score_gt_c_or_score_eq_c_and_u_lt_gamma
1p3B,facebook/opt-1.3b,50272,gumbel,stored_gumbel_pivot,released_raw_empirical_null,h_gum_star_0.01,"h*_gum,.01",reference_score,not_applicable,,,100,500,0.04,0.008772337648291433,0.8633057924176256,1.0,0,20,0.04,score_gt_c_or_score_eq_c_and_u_lt_gamma
1p3B,facebook/opt-1.3b,50272,gumbel,stored_gumbel_pivot,released_watermarked,h_gum_star_0.01,"h*_gum,.01",reference_score,not_applicable,,,100,500,0.234,0.018952741564893755,0.8633057924176256,1.0,0,117,0.234,score_gt_c_or_score_eq_c_and_u_lt_gamma
1p3B,facebook/opt-1.3b,50272,gumbel,stored_gumbel_pivot,calibration_exact_null,h_gum_star_0.01,"h*_gum,.01",reference_score,not_applicable,,,200,10000,0.05,0.0021795584524175416,1.0921495317724281,1.0,1,500,0.05,score_gt_c_or_score_eq_c_and_u_lt_gamma
1p3B,facebook/opt-1.3b,50272,gumbel,stored_gumbel_pivot,released_raw_empirical_null,h_gum_star_0.01,"h*_gum,.01",reference_score,not_applicable,,,200,500,0.042,0.008979602804860922,1.0921495317724281,1.0,0,21,0.042,score_gt_c_or_score_eq_c_and_u_lt_gamma
1p3B,facebook/opt-1.3b,50272,gumbel,stored_gumbel_pivot,released_watermarked,h_gum_star_0.01,"h*_gum,.01",reference_score,not_applicable,,,200,500,0.308,0.020667032987466052,1.0921495317724281,1.0,0,154,0.308,score_gt_c_or_score_eq_c_and_u_lt_gamma
1p3B,facebook/opt-1.3b,50272,gumbel,stored_gumbel_pivot,calibration_exact_null,h_gum_star_0.005,"h*_gum,.005",reference_score,not_applicable,,,50,10000,0.05,0.0021795584524175416,0.49545969309017374,1.0,1,500,0.05,score_gt_c_or_score_eq_c_and_u_lt_gamma
1p3B,facebook/opt-1.3b,50272,gumbel,stored_gumbel_pivot,released_raw_empirical_null,h_gum_star_0.005,"h*_gum,.005",reference_score,not_applicable,,,50,500,0.032,0.007878842066230875,0.49545969309017374,1.0,0,16,0.032,score_gt_c_or_score_eq_c_and_u_lt_gamma
1p3B,facebook/opt-1.3b,50272,gumbel,stored_gumbel_pivot,released_watermarked,h_gum_star_0.005,"h*_gum,.005",reference_score,not_applicable,,,50,500,0.13,0.015055009352810992,0.49545969309017374,1.0,0,65,0.13,score_gt_c_or_score_eq_c_and_u_lt_gamma
1p3B,facebook/opt-1.3b,50272,gumbel,stored_gumbel_pivot,calibration_exact_null,h_gum_star_0.005,"h*_gum,.005",reference_score,not_applicable,,,100,10000,0.05,0.0021795584524175416,0.6801207224054556,1.0,1,500,0.05,score_gt_c_or_score_eq_c_and_u_lt_gamma
1p3B,facebook/opt-1.3b,50272,gumbel,stored_gumbel_pivot,released_raw_empirical_null,h_gum_star_0.005,"h*_gum,.005",reference_score,not_applicable,,,100,500,0.038,0.008559118940292168,0.6801207224054556,1.0,0,19,0.038,score_gt_c_or_score_eq_c_and_u_lt_gamma
1p3B,facebook/opt-1.3b,50272,gumbel,stored_gumbel_pivot,released_watermarked,h_gum_star_0.005,"h*_gum,.005",reference_score,not_applicable,,,100,500,0.178,0.01712362218906232,0.6801207224054556,1.0,0,89,0.178,score_gt_c_or_score_eq_c_and_u_lt_gamma
1p3B,facebook/opt-1.3b,50272,gumbel,stored_gumbel_pivot,calibration_exact_null,h_gum_star_0.005,"h*_gum,.005",reference_score,not_applicable,,,200,10000,0.05,0.0021795584524175416,0.8772603218950673,1.0,1,500,0.05,score_gt_c_or_score_eq_c_and_u_lt_gamma
1p3B,facebook/opt-1.3b,50272,gumbel,stored_gumbel_pivot,released_raw_empirical_null,h_gum_star_0.005,"h*_gum,.005",reference_score,not_applicable,,,200,500,0.034,0.008112930375552174,0.8772603218950673,1.0,0,17,0.034,score_gt_c_or_score_eq_c_and_u_lt_gamma
1p3B,facebook/opt-1.3b,50272,gumbel,stored_gumbel_pivot,released_watermarked,h_gum_star_0.005,"h*_gum,.005",reference_score,not_applicable,,,200,500,0.242,0.019173085678337167,0.8772603218950673,1.0,0,121,0.242,score_gt_c_or_score_eq_c_and_u_lt_gamma
1p3B,facebook/opt-1.3b,50272,gumbel,stored_gumbel_pivot,calibration_exact_null,h_spike_0.01,h^sp_.01,diagnostic_fixed_spike_likelihood,not_applicable,,,50,10000,0.05,0.0021795584524175416,-0.3918690492874743,1.0,1,500,0.05,score_gt_c_or_score_eq_c_and_u_lt_gamma
1p3B,facebook/opt-1.3b,50272,gumbel,stored_gumbel_pivot,released_raw_empirical_null,h_spike_0.01,h^sp_.01,diagnostic_fixed_spike_likelihood,not_applicable,,,50,500,0.054,0.010117941761592718,-0.3918690492874743,1.0,0,27,0.054,score_gt_c_or_score_eq_c_and_u_lt_gamma
1p3B,facebook/opt-1.3b,50272,gumbel,stored_gumbel_pivot,released_watermarked,h_spike_0.01,h^sp_.01,diagnostic_fixed_spike_likelihood,not_applicable,,,50,500,0.206,0.018104794037333553,-0.3918690492874743,1.0,0,103,0.206,score_gt_c_or_score_eq_c_and_u_lt_gamma
1p3B,facebook/opt-1.3b,50272,gumbel,stored_gumbel_pivot,calibration_exact_null,h_spike_0.01,h^sp_.01,diagnostic_fixed_spike_likelihood,not_applicable,,,100,10000,0.05,0.0021795584524175416,-0.8492010483170476,1.0,1,500,0.05,score_gt_c_or_score_eq_c_and_u_lt_gamma
1p3B,facebook/opt-1.3b,50272,gumbel,stored_gumbel_pivot,released_raw_empirical_null,h_spike_0.01,h^sp_.01,diagnostic_fixed_spike_likelihood,not_applicable,,,100,500,0.046,0.009377840251121315,-0.8492010483170476,1.0,0,23,0.046,score_gt_c_or_score_eq_c_and_u_lt_gamma
1p3B,facebook/opt-1.3b,50272,gumbel,stored_gumbel_pivot,released_watermarked,h_spike_0.01,h^sp_.01,diagnostic_fixed_spike_likelihood,not_applicable,,,100,500,0.306,0.020629569998345417,-0.8492010483170476,1.0,0,153,0.306,score_gt_c_or_score_eq_c_and_u_lt_gamma
1p3B,facebook/opt-1.3b,50272,gumbel,stored_gumbel_pivot,calibration_exact_null,h_spike_0.01,h^sp_.01,diagnostic_fixed_spike_likelihood,not_applicable,,,200,10000,0.05,0.002179558452417541,-1.7921698514147417,1.0,1,500,0.05,score_gt_c_or_score_eq_c_and_u_lt_gamma
1p3B,facebook/opt-1.3b,50272,gumbel,stored_gumbel_pivot,released_raw_empirical_null,h_spike_0.01,h^sp_.01,diagnostic_fixed_spike_likelihood,not_applicable,,,200,500,0.042,0.008979602804860922,-1.7921698514147417,1.0,0,21,0.042,score_gt_c_or_score_eq_c_and_u_lt_gamma
1p3B,facebook/opt-1.3b,50272,gumbel,stored_gumbel_pivot,released_watermarked,h_spike_0.01,h^sp_.01,diagnostic_fixed_spike_likelihood,not_applicable,,,200,500,0.434,0.022187215803029015,-1.7921698514147417,1.0,0,217,0.434,score_gt_c_or_score_eq_c_and_u_lt_gamma
1p3B,facebook/opt-1.3b,50272,gumbel,stored_gumbel_pivot,calibration_exact_null,h_spike_0.05,h^sp_.05,diagnostic_fixed_spike_likelihood,not_applicable,,,50,10000,0.05,0.0021795584524175416,-2.0412470869298525,1.0,1,500,0.05,score_gt_c_or_score_eq_c_and_u_lt_gamma
1p3B,facebook/opt-1.3b,50272,gumbel,stored_gumbel_pivot,released_raw_empirical_null,h_spike_0.05,h^sp_.05,diagnostic_fixed_spike_likelihood,not_applicable,,,50,500,0.054,0.010117941761592718,-2.0412470869298525,1.0,0,27,0.054,score_gt_c_or_score_eq_c_and_u_lt_gamma
1p3B,facebook/opt-1.3b,50272,gumbel,stored_gumbel_pivot,released_watermarked,h_spike_0.05,h^sp_.05,diagnostic_fixed_spike_likelihood,not_applicable,,,50,500,0.206,0.018104794037333553,-2.0412470869298525,1.0,0,103,0.206,score_gt_c_or_score_eq_c_and_u_lt_gamma
1p3B,facebook/opt-1.3b,50272,gumbel,stored_gumbel_pivot,calibration_exact_null,h_spike_0.05,h^sp_.05,diagnostic_fixed_spike_likelihood,not_applicable,,,100,10000,0.05,0.0021795584524175416,-4.423665916676003,1.0,1,500,0.05,score_gt_c_or_score_eq_c_and_u_lt_gamma
1p3B,facebook/opt-1.3b,50272,gumbel,stored_gumbel_pivot,released_raw_empirical_null,h_spike_0.05,h^sp_.05,diagnostic_fixed_spike_likelihood,not_applicable,,,100,500,0.048,0.009569490597759172,-4.423665916676003,1.0,0,24,0.048,score_gt_c_or_score_eq_c_and_u_lt_gamma
1p3B,facebook/opt-1.3b,50272,gumbel,stored_gumbel_pivot,released_watermarked,h_spike_0.05,h^sp_.05,diagnostic_fixed_spike_likelihood,not_applicable,,,100,500,0.306,0.020629569998345417,-4.423665916676003,1.0,0,153,0.306,score_gt_c_or_score_eq_c_and_u_lt_gamma
1p3B,facebook/opt-1.3b,50272,gumbel,stored_gumbel_pivot,calibration_exact_null,h_spike_0.05,h^sp_.05,diagnostic_fixed_spike_likelihood,not_applicable,,,200,10000,0.05,0.0021795584524175416,-9.329061164263518,1.0,1,500,0.05,score_gt_c_or_score_eq_c_and_u_lt_gamma
1p3B,facebook/opt-1.3b,50272,gumbel,stored_gumbel_pivot,released_raw_empirical_null,h_spike_0.05,h^sp_.05,diagnostic_fixed_spike_likelihood,not_applicable,,,200,500,0.04,0.008772337648291433,-9.329061164263518,1.0,0,20,0.04,score_gt_c_or_score_eq_c_and_u_lt_gamma
1p3B,facebook/opt-1.3b,50272,gumbel,stored_gumbel_pivot,released_watermarked,h_spike_0.05,h^sp_.05,diagnostic_fixed_spike_likelihood,not_applicable,,,200,500,0.434,0.022187215803029015,-9.329061164263518,1.0,0,217,0.434,score_gt_c_or_score_eq_c_and_u_lt_gamma
1p3B,facebook/opt-1.3b,50272,gumbel,stored_gumbel_pivot,calibration_exact_null,bayes_tokenwise,"Bayes, tokenwise Delta",bayesian,uniform,0.0,0.1,50,10000,0.05,0.002179558452417541,-2.049155392636671,1.0,1,500,0.05,score_gt_c_or_score_eq_c_and_u_lt_gamma
1p3B,facebook/opt-1.3b,50272,gumbel,stored_gumbel_pivot,released_raw_empirical_null,bayes_tokenwise,"Bayes, tokenwise Delta",bayesian,uniform,0.0,0.1,50,500,0.054,0.010117941761592718,-2.049155392636671,1.0,0,27,0.054,score_gt_c_or_score_eq_c_and_u_lt_gamma
1p3B,facebook/opt-1.3b,50272,gumbel,stored_gumbel_pivot,released_watermarked,bayes_tokenwise,"Bayes, tokenwise Delta",bayesian,uniform,0.0,0.1,50,500,0.208,0.01816954222122996,-2.049155392636671,1.0,0,104,0.208,score_gt_c_or_score_eq_c_and_u_lt_gamma
1p3B,facebook/opt-1.3b,50272,gumbel,stored_gumbel_pivot,calibration_exact_null,bayes_tokenwise,"Bayes, tokenwise Delta",bayesian,uniform,0.0,0.1,100,10000,0.05,0.0021795584524175416,-4.430514004632812,1.0,1,500,0.05,score_gt_c_or_score_eq_c_and_u_lt_gamma
1p3B,facebook/opt-1.3b,50272,gumbel,stored_gumbel_pivot,released_raw_empirical_null,bayes_tokenwise,"Bayes, tokenwise Delta",bayesian,uniform,0.0,0.1,100,500,0.046,0.009377840251121315,-4.430514004632812,1.0,0,23,0.046,score_gt_c_or_score_eq_c_and_u_lt_gamma
1p3B,facebook/opt-1.3b,50272,gumbel,stored_gumbel_pivot,released_watermarked,bayes_tokenwise,"Bayes, tokenwise Delta",bayesian,uniform,0.0,0.1,100,500,0.306,0.020629569998345417,-4.430514004632812,1.0,0,153,0.306,score_gt_c_or_score_eq_c_and_u_lt_gamma
1p3B,facebook/opt-1.3b,50272,gumbel,stored_gumbel_pivot,calibration_exact_null,bayes_tokenwise,"Bayes, tokenwise Delta",bayesian,uniform,0.0,0.1,200,10000,0.05,0.0021795584524175416,-9.338645219704553,1.0,1,500,0.05,score_gt_c_or_score_eq_c_and_u_lt_gamma
1p3B,facebook/opt-1.3b,50272,gumbel,stored_gumbel_pivot,released_raw_empirical_null,bayes_tokenwise,"Bayes, tokenwise Delta",bayesian,uniform,0.0,0.1,200,500,0.042,0.008979602804860922,-9.338645219704553,1.0,0,21,0.042,score_gt_c_or_score_eq_c_and_u_lt_gamma
1p3B,facebook/opt-1.3b,50272,gumbel,stored_gumbel_pivot,released_watermarked,bayes_tokenwise,"Bayes, tokenwise Delta",bayesian,uniform,0.0,0.1,200,500,0.43,0.022162634426652866,-9.338645219704553,1.0,0,215,0.43,score_gt_c_or_score_eq_c_and_u_lt_gamma
1p3B,facebook/opt-1.3b,50272,gumbel,stored_gumbel_pivot,calibration_exact_null,bayes_tokenwise_dirichlet,"Bayes, tokenwise Delta + Dirichlet alpha",bayesian_dirichlet_tail,uniform,0.0,0.1,50,10000,0.05,0.0021795584524175416,-2.0231822085135365,1.0,1,500,0.05,score_gt_c_or_score_eq_c_and_u_lt_gamma
1p3B,facebook/opt-1.3b,50272,gumbel,stored_gumbel_pivot,released_raw_empirical_null,bayes_tokenwise_dirichlet,"Bayes, tokenwise Delta + Dirichlet alpha",bayesian_dirichlet_tail,uniform,0.0,0.1,50,500,0.058,0.010463793860924815,-2.0231822085135365,1.0,0,29,0.058,score_gt_c_or_score_eq_c_and_u_lt_gamma
1p3B,facebook/opt-1.3b,50272,gumbel,stored_gumbel_pivot,released_watermarked,bayes_tokenwise_dirichlet,"Bayes, tokenwise Delta + Dirichlet alpha",bayesian_dirichlet_tail,uniform,0.0,0.1,50,500,0.208,0.01816954222122996,-2.0231822085135365,1.0,0,104,0.208,score_gt_c_or_score_eq_c_and_u_lt_gamma
1p3B,facebook/opt-1.3b,50272,gumbel,stored_gumbel_pivot,calibration_exact_null,bayes_tokenwise_dirichlet,"Bayes, tokenwise Delta + Dirichlet alpha",bayesian_dirichlet_tail,uniform,0.0,0.1,100,10000,0.05,0.0021795584524175416,-4.363515523660509,1.0,1,500,0.05,score_gt_c_or_score_eq_c_and_u_lt_gamma
1p3B,facebook/opt-1.3b,50272,gumbel,stored_gumbel_pivot,released_raw_empirical_null,bayes_tokenwise_dirichlet,"Bayes, tokenwise Delta + Dirichlet alpha",bayesian_dirichlet_tail,uniform,0.0,0.1,100,500,0.05,0.009756555783754993,-4.363515523660509,1.0,0,25,0.05,score_gt_c_or_score_eq_c_and_u_lt_gamma
1p3B,facebook/opt-1.3b,50272,gumbel,stored_gumbel_pivot,released_watermarked,bayes_tokenwise_dirichlet,"Bayes, tokenwise Delta + Dirichlet alpha",bayesian_dirichlet_tail,uniform,0.0,0.1,100,500,0.282,0.020143572847290726,-4.363515523660509,1.0,0,141,0.282,score_gt_c_or_score_eq_c_and_u_lt_gamma
1p3B,facebook/opt-1.3b,50272,gumbel,stored_gumbel_pivot,calibration_exact_null,bayes_tokenwise_dirichlet,"Bayes, tokenwise Delta + Dirichlet alpha",bayesian_dirichlet_tail,uniform,0.0,0.1,200,10000,0.05,0.0021795584524175416,-9.19985397675838,1.0,1,500,0.05,score_gt_c_or_score_eq_c_and_u_lt_gamma
1p3B,facebook/opt-1.3b,50272,gumbel,stored_gumbel_pivot,released_raw_empirical_null,bayes_tokenwise_dirichlet,"Bayes, tokenwise Delta + Dirichlet alpha",bayesian_dirichlet_tail,uniform,0.0,0.1,200,500,0.05,0.009756555783754993,-9.19985397675838,1.0,0,25,0.05,score_gt_c_or_score_eq_c_and_u_lt_gamma
1p3B,facebook/opt-1.3b,50272,gumbel,stored_gumbel_pivot,released_watermarked,bayes_tokenwise_dirichlet,"Bayes, tokenwise Delta + Dirichlet alpha",bayesian_dirichlet_tail,uniform,0.0,0.1,200,500,0.41,0.022017482578127686,-9.19985397675838,1.0,0,205,0.41,score_gt_c_or_score_eq_c_and_u_lt_gamma
1p3B,facebook/opt-1.3b,50272,gumbel,stored_gumbel_pivot,calibration_exact_null,h_gum_star_0.1,"h*_gum,.1",reference_score,not_applicable,,,50,10000,0.05,0.0021795584524175416,1.3094133851200938,1.0,1,500,0.05,score_gt_c_or_score_eq_c_and_u_lt_gamma
1p3B,facebook/opt-1.3b,50272,gumbel,stored_gumbel_pivot,released_raw_empirical_null,h_gum_star_0.1,"h*_gum,.1",reference_score,not_applicable,,,50,500,0.05,0.009756555783754993,1.3094133851200938,1.0,0,25,0.05,score_gt_c_or_score_eq_c_and_u_lt_gamma
1p3B,facebook/opt-1.3b,50272,gumbel,stored_gumbel_pivot,released_watermarked,h_gum_star_0.1,"h*_gum,.1",reference_score,not_applicable,,,50,500,0.266,0.019780559675655392,1.3094133851200938,1.0,0,133,0.266,score_gt_c_or_score_eq_c_and_u_lt_gamma
1p3B,facebook/opt-1.3b,50272,gumbel,stored_gumbel_pivot,calibration_exact_null,h_gum_star_0.1,"h*_gum,.1",reference_score,not_applicable,,,100,10000,0.05,0.002179558452417541,0.987995529137549,1.0,1,500,0.05,score_gt_c_or_score_eq_c_and_u_lt_gamma
1p3B,facebook/opt-1.3b,50272,gumbel,stored_gumbel_pivot,released_raw_empirical_null,h_gum_star_0.1,"h*_gum,.1",reference_score,not_applicable,,,100,500,0.058,0.010463793860924815,0.987995529137549,1.0,0,29,0.058,score_gt_c_or_score_eq_c_and_u_lt_gamma
1p3B,facebook/opt-1.3b,50272,gumbel,stored_gumbel_pivot,released_watermarked,h_gum_star_0.1,"h*_gum,.1",reference_score,not_applicable,,,100,500,0.368,0.021588982568353548,0.987995529137549,1.0,0,184,0.368,score_gt_c_or_score_eq_c_and_u_lt_gamma
1p3B,facebook/opt-1.3b,50272,gumbel,stored_gumbel_pivot,calibration_exact_null,h_gum_star_0.1,"h*_gum,.1",reference_score,not_applicable,,,200,10000,0.05,0.0021795584524175416,-0.2563411887192485,1.0,1,500,0.05,score_gt_c_or_score_eq_c_and_u_lt_gamma
1p3B,facebook/opt-1.3b,50272,gumbel,stored_gumbel_pivot,released_raw_empirical_null,h_gum_star_0.1,"h*_gum,.1",reference_score,not_applicable,,,200,500,0.058,0.010463793860924815,-0.2563411887192485,1.0,0,29,0.058,score_gt_c_or_score_eq_c_and_u_lt_gamma
1p3B,facebook/opt-1.3b,50272,gumbel,stored_gumbel_pivot,released_watermarked,h_gum_star_0.1,"h*_gum,.1",reference_score,not_applicable,,,200,500,0.49,0.022378596989230864,-0.2563411887192485,1.0,0,245,0.49,score_gt_c_or_score_eq_c_and_u_lt_gamma
1p3B,facebook/opt-1.3b,50272,gumbel,stored_gumbel_pivot,calibration_exact_null,bayes_shared,"Bayes, shared Delta",bayesian,uniform,0.0,0.1,50,10000,0.05,0.0021795584524175416,-1.4155472667746087,1.0,1,500,0.05,score_gt_c_or_score_eq_c_and_u_lt_gamma
1p3B,facebook/opt-1.3b,50272,gumbel,stored_gumbel_pivot,released_raw_empirical_null,bayes_shared,"Bayes, shared Delta",bayesian,uniform,0.0,0.1,50,500,0.054,0.010117941761592718,-1.4155472667746087,1.0,0,27,0.054,score_gt_c_or_score_eq_c_and_u_lt_gamma
1p3B,facebook/opt-1.3b,50272,gumbel,stored_gumbel_pivot,released_watermarked,bayes_shared,"Bayes, shared Delta",bayesian,uniform,0.0,0.1,50,500,0.206,0.018104794037333553,-1.4155472667746087,1.0,0,103,0.206,score_gt_c_or_score_eq_c_and_u_lt_gamma
1p3B,facebook/opt-1.3b,50272,gumbel,stored_gumbel_pivot,calibration_exact_null,bayes_shared,"Bayes, shared Delta",bayesian,uniform,0.0,0.1,100,10000,0.05,0.0021795584524175416,-2.1521465828676942,1.0,1,500,0.05,score_gt_c_or_score_eq_c_and_u_lt_gamma
1p3B,facebook/opt-1.3b,50272,gumbel,stored_gumbel_pivot,released_raw_empirical_null,bayes_shared,"Bayes, shared Delta",bayesian,uniform,0.0,0.1,100,500,0.048,0.009569490597759172,-2.1521465828676942,1.0,0,24,0.048,score_gt_c_or_score_eq_c_and_u_lt_gamma
1p3B,facebook/opt-1.3b,50272,gumbel,stored_gumbel_pivot,released_watermarked,bayes_shared,"Bayes, shared Delta",bayesian,uniform,0.0,0.1,100,500,0.306,0.020629569998345417,-2.1521465828676942,1.0,0,153,0.306,score_gt_c_or_score_eq_c_and_u_lt_gamma
1p3B,facebook/opt-1.3b,50272,gumbel,stored_gumbel_pivot,calibration_exact_null,bayes_shared,"Bayes, shared Delta",bayesian,uniform,0.0,0.1,200,10000,0.05,0.0021795584524175416,-2.886757981527598,1.0,1,500,0.05,score_gt_c_or_score_eq_c_and_u_lt_gamma
1p3B,facebook/opt-1.3b,50272,gumbel,stored_gumbel_pivot,released_raw_empirical_null,bayes_shared,"Bayes, shared Delta",bayesian,uniform,0.0,0.1,200,500,0.042,0.008979602804860922,-2.886757981527598,1.0,0,21,0.042,score_gt_c_or_score_eq_c_and_u_lt_gamma
1p3B,facebook/opt-1.3b,50272,gumbel,stored_gumbel_pivot,released_watermarked,bayes_shared,"Bayes, shared Delta",bayesian,uniform,0.0,0.1,200,500,0.434,0.022187215803029015,-2.886757981527598,1.0,0,217,0.434,score_gt_c_or_score_eq_c_and_u_lt_gamma
1p3B,facebook/opt-1.3b,50272,gumbel,stored_gumbel_pivot,calibration_exact_null,bayes_shared_dirichlet,"Bayes, shared Delta + Dirichlet alpha",bayesian_dirichlet_tail,uniform,0.0,0.1,50,10000,0.05,0.0021795584524175416,-1.4071274389220285,1.0,1,500,0.05,score_gt_c_or_score_eq_c_and_u_lt_gamma
1p3B,facebook/opt-1.3b,50272,gumbel,stored_gumbel_pivot,released_raw_empirical_null,bayes_shared_dirichlet,"Bayes, shared Delta + Dirichlet alpha",bayesian_dirichlet_tail,uniform,0.0,0.1,50,500,0.058,0.010463793860924815,-1.4071274389220285,1.0,0,29,0.058,score_gt_c_or_score_eq_c_and_u_lt_gamma
1p3B,facebook/opt-1.3b,50272,gumbel,stored_gumbel_pivot,released_watermarked,bayes_shared_dirichlet,"Bayes, shared Delta + Dirichlet alpha",bayesian_dirichlet_tail,uniform,0.0,0.1,50,500,0.21,0.01823362086530592,-1.4071274389220285,1.0,0,105,0.21,score_gt_c_or_score_eq_c_and_u_lt_gamma
1p3B,facebook/opt-1.3b,50272,gumbel,stored_gumbel_pivot,calibration_exact_null,bayes_shared_dirichlet,"Bayes, shared Delta + Dirichlet alpha",bayesian_dirichlet_tail,uniform,0.0,0.1,100,10000,0.05,0.002179558452417541,-2.1462126302269917,1.0,1,500,0.05,score_gt_c_or_score_eq_c_and_u_lt_gamma
1p3B,facebook/opt-1.3b,50272,gumbel,stored_gumbel_pivot,released_raw_empirical_null,bayes_shared_dirichlet,"Bayes, shared Delta + Dirichlet alpha",bayesian_dirichlet_tail,uniform,0.0,0.1,100,500,0.048,0.009569490597759172,-2.1462126302269917,1.0,0,24,0.048,score_gt_c_or_score_eq_c_and_u_lt_gamma
1p3B,facebook/opt-1.3b,50272,gumbel,stored_gumbel_pivot,released_watermarked,bayes_shared_dirichlet,"Bayes, shared Delta + Dirichlet alpha",bayesian_dirichlet_tail,uniform,0.0,0.1,100,500,0.304,0.02059164957122494,-2.1462126302269917,1.0,0,152,0.304,score_gt_c_or_score_eq_c_and_u_lt_gamma
1p3B,facebook/opt-1.3b,50272,gumbel,stored_gumbel_pivot,calibration_exact_null,bayes_shared_dirichlet,"Bayes, shared Delta + Dirichlet alpha",bayesian_dirichlet_tail,uniform,0.0,0.1,200,10000,0.05,0.0021795584524175416,-2.88315978183393,1.0,1,500,0.05,score_gt_c_or_score_eq_c_and_u_lt_gamma
1p3B,facebook/opt-1.3b,50272,gumbel,stored_gumbel_pivot,released_raw_empirical_null,bayes_shared_dirichlet,"Bayes, shared Delta + Dirichlet alpha",bayesian_dirichlet_tail,uniform,0.0,0.1,200,500,0.044,0.009181317617116443,-2.88315978183393,1.0,0,22,0.044,score_gt_c_or_score_eq_c_and_u_lt_gamma
1p3B,facebook/opt-1.3b,50272,gumbel,stored_gumbel_pivot,released_watermarked,bayes_shared_dirichlet,"Bayes, shared Delta + Dirichlet alpha",bayesian_dirichlet_tail,uniform,0.0,0.1,200,500,0.432,0.022175109265613186,-2.88315978183393,1.0,0,216,0.432,score_gt_c_or_score_eq_c_and_u_lt_gamma
1p3B,facebook/opt-1.3b,50272,inverse,formal_eta_j_over_v_minus_1,calibration_exact_null,h_neg,h_neg,reference_score,not_applicable,,,50,10000,0.05,0.0021795584524175416,-13.94868542466325,1.0,1,500,0.05,score_gt_c_or_score_eq_c_and_u_lt_gamma
1p3B,facebook/opt-1.3b,50272,inverse,formal_eta_j_over_v_minus_1,released_raw_empirical_null,h_neg,h_neg,reference_score,not_applicable,,,50,500,0.054,0.010117941761592718,-13.94868542466325,1.0,0,27,0.054,score_gt_c_or_score_eq_c_and_u_lt_gamma
1p3B,facebook/opt-1.3b,50272,inverse,formal_eta_j_over_v_minus_1,released_watermarked,h_neg,h_neg,reference_score,not_applicable,,,50,500,0.142,0.01562563024781025,-13.94868542466325,1.0,0,71,0.142,score_gt_c_or_score_eq_c_and_u_lt_gamma
1p3B,facebook/opt-1.3b,50272,inverse,formal_eta_j_over_v_minus_1,calibration_exact_null,h_neg,h_neg,reference_score,not_applicable,,,100,10000,0.05,0.0021795584524175416,-29.431658307745817,1.0,1,500,0.05,score_gt_c_or_score_eq_c_and_u_lt_gamma
1p3B,facebook/opt-1.3b,50272,inverse,formal_eta_j_over_v_minus_1,released_raw_empirical_null,h_neg,h_neg,reference_score,not_applicable,,,100,500,0.056,0.01029271002989587,-29.431658307745817,1.0,0,28,0.056,score_gt_c_or_score_eq_c_and_u_lt_gamma
1p3B,facebook/opt-1.3b,50272,inverse,formal_eta_j_over_v_minus_1,released_watermarked,h_neg,h_neg,reference_score,not_applicable,,,100,500,0.226,0.01872295644913999,-29.431658307745817,1.0,0,113,0.226,score_gt_c_or_score_eq_c_and_u_lt_gamma
1p3B,facebook/opt-1.3b,50272,inverse,formal_eta_j_over_v_minus_1,calibration_exact_null,h_neg,h_neg,reference_score,not_applicable,,,200,10000,0.05,0.002179558452417541,-61.183976330273886,1.0,1,500,0.05,score_gt_c_or_score_eq_c_and_u_lt_gamma
1p3B,facebook/opt-1.3b,50272,inverse,formal_eta_j_over_v_minus_1,released_raw_empirical_null,h_neg,h_neg,reference_score,not_applicable,,,200,500,0.05,0.009756555783754993,-61.183976330273886,1.0,0,25,0.05,score_gt_c_or_score_eq_c_and_u_lt_gamma
1p3B,facebook/opt-1.3b,50272,inverse,formal_eta_j_over_v_minus_1,released_watermarked,h_neg,h_neg,reference_score,not_applicable,,,200,500,0.356,0.02143471235607269,-61.183976330273886,1.0,0,178,0.356,score_gt_c_or_score_eq_c_and_u_lt_gamma
1p3B,facebook/opt-1.3b,50272,inverse,formal_eta_j_over_v_minus_1,calibration_exact_null,h_dif_star_0.1,"h*_dif,.1",reference_score,not_applicable,,,50,10000,0.05,0.0021795584524175416,1.5409138561002658,1.0,1,500,0.05,score_gt_c_or_score_eq_c_and_u_lt_gamma
1p3B,facebook/opt-1.3b,50272,inverse,formal_eta_j_over_v_minus_1,released_raw_empirical_null,h_dif_star_0.1,"h*_dif,.1",reference_score,not_applicable,,,50,500,0.054,0.010117941761592718,1.5409138561002658,1.0,0,27,0.054,score_gt_c_or_score_eq_c_and_u_lt_gamma
1p3B,facebook/opt-1.3b,50272,inverse,formal_eta_j_over_v_minus_1,released_watermarked,h_dif_star_0.1,"h*_dif,.1",reference_score,not_applicable,,,50,500,0.154,0.016158285192455334,1.5409138561002658,1.0,0,77,0.154,score_gt_c_or_score_eq_c_and_u_lt_gamma
1p3B,facebook/opt-1.3b,50272,inverse,formal_eta_j_over_v_minus_1,calibration_exact_null,h_dif_star_0.1,"h*_dif,.1",reference_score,not_applicable,,,100,10000,0.05,0.0021795584524175416,1.6129152961720519,1.0,1,500,0.05,score_gt_c_or_score_eq_c_and_u_lt_gamma
1p3B,facebook/opt-1.3b,50272,inverse,formal_eta_j_over_v_minus_1,released_raw_empirical_null,h_dif_star_0.1,"h*_dif,.1",reference_score,not_applicable,,,100,500,0.05,0.009756555783754993,1.6129152961720519,1.0,0,25,0.05,score_gt_c_or_score_eq_c_and_u_lt_gamma
1p3B,facebook/opt-1.3b,50272,inverse,formal_eta_j_over_v_minus_1,released_watermarked,h_dif_star_0.1,"h*_dif,.1",reference_score,not_applicable,,,100,500,0.248,0.01933234282123912,1.6129152961720519,1.0,0,124,0.248,score_gt_c_or_score_eq_c_and_u_lt_gamma
1p3B,facebook/opt-1.3b,50272,inverse,formal_eta_j_over_v_minus_1,calibration_exact_null,h_dif_star_0.1,"h*_dif,.1",reference_score,not_applicable,,,200,10000,0.05,0.0021795584524175416,-0.36181343524178283,1.0,1,500,0.05,score_gt_c_or_score_eq_c_and_u_lt_gamma
1p3B,facebook/opt-1.3b,50272,inverse,formal_eta_j_over_v_minus_1,released_raw_empirical_null,h_dif_star_0.1,"h*_dif,.1",reference_score,not_applicable,,,200,500,0.054,0.010117941761592716,-0.36181343524178283,1.0,0,27,0.054,score_gt_c_or_score_eq_c_and_u_lt_gamma
1p3B,facebook/opt-1.3b,50272,inverse,formal_eta_j_over_v_minus_1,released_watermarked,h_dif_star_0.1,"h*_dif,.1",reference_score,not_applicable,,,200,500,0.374,0.021660710347204473,-0.36181343524178283,1.0,0,187,0.374,score_gt_c_or_score_eq_c_and_u_lt_gamma
1p3B,facebook/opt-1.3b,50272,inverse,formal_eta_j_over_v_minus_1,calibration_exact_null,h_dif_star_0.01,"h*_dif,.01",reference_score,not_applicable,,,50,10000,0.05,0.0021795584524175416,0.19580238153982668,1.0,1,500,0.05,score_gt_c_or_score_eq_c_and_u_lt_gamma
1p3B,facebook/opt-1.3b,50272,inverse,formal_eta_j_over_v_minus_1,released_raw_empirical_null,h_dif_star_0.01,"h*_dif,.01",reference_score,not_applicable,,,50,500,0.052,0.00993929470125102,0.19580238153982668,1.0,0,26,0.052,score_gt_c_or_score_eq_c_and_u_lt_gamma
1p3B,facebook/opt-1.3b,50272,inverse,formal_eta_j_over_v_minus_1,released_watermarked,h_dif_star_0.01,"h*_dif,.01",reference_score,not_applicable,,,50,500,0.164,0.016575811142446696,0.19580238153982668,1.0,0,82,0.164,score_gt_c_or_score_eq_c_and_u_lt_gamma
1p3B,facebook/opt-1.3b,50272,inverse,formal_eta_j_over_v_minus_1,calibration_exact_null,h_dif_star_0.01,"h*_dif,.01",reference_score,not_applicable,,,100,10000,0.05,0.0021795584524175416,0.3020103532116178,1.0,1,500,0.05,score_gt_c_or_score_eq_c_and_u_lt_gamma
1p3B,facebook/opt-1.3b,50272,inverse,formal_eta_j_over_v_minus_1,released_raw_empirical_null,h_dif_star_0.01,"h*_dif,.01",reference_score,not_applicable,,,100,500,0.052,0.00993929470125102,0.3020103532116178,1.0,0,26,0.052,score_gt_c_or_score_eq_c_and_u_lt_gamma
1p3B,facebook/opt-1.3b,50272,inverse,formal_eta_j_over_v_minus_1,released_watermarked,h_dif_star_0.01,"h*_dif,.01",reference_score,not_applicable,,,100,500,0.258,0.01958671178521587,0.3020103532116178,1.0,0,129,0.258,score_gt_c_or_score_eq_c_and_u_lt_gamma
1p3B,facebook/opt-1.3b,50272,inverse,formal_eta_j_over_v_minus_1,calibration_exact_null,h_dif_star_0.01,"h*_dif,.01",reference_score,not_applicable,,,200,10000,0.05,0.0021795584524175416,0.45733221834596327,1.0,1,500,0.05,score_gt_c_or_score_eq_c_and_u_lt_gamma
1p3B,facebook/opt-1.3b,50272,inverse,formal_eta_j_over_v_minus_1,released_raw_empirical_null,h_dif_star_0.01,"h*_dif,.01",reference_score,not_applicable,,,200,500,0.052,0.00993929470125102,0.45733221834596327,1.0,0,26,0.052,score_gt_c_or_score_eq_c_and_u_lt_gamma
1p3B,facebook/opt-1.3b,50272,inverse,formal_eta_j_over_v_minus_1,released_watermarked,h_dif_star_0.01,"h*_dif,.01",reference_score,not_applicable,,,200,500,0.4,0.02193084412072858,0.45733221834596327,1.0,0,200,0.4,score_gt_c_or_score_eq_c_and_u_lt_gamma
1p3B,facebook/opt-1.3b,50272,inverse,formal_eta_j_over_v_minus_1,calibration_exact_null,h_dif_star_0.001,"h*_dif,.001",reference_score,not_applicable,,,50,10000,0.05,0.002179558452417541,0.019847343099401987,1.0,1,500,0.05,score_gt_c_or_score_eq_c_and_u_lt_gamma
1p3B,facebook/opt-1.3b,50272,inverse,formal_eta_j_over_v_minus_1,released_raw_empirical_null,h_dif_star_0.001,"h*_dif,.001",reference_score,not_applicable,,,50,500,0.052,0.00993929470125102,0.019847343099401987,1.0,0,26,0.052,score_gt_c_or_score_eq_c_and_u_lt_gamma
1p3B,facebook/opt-1.3b,50272,inverse,formal_eta_j_over_v_minus_1,released_watermarked,h_dif_star_0.001,"h*_dif,.001",reference_score,not_applicable,,,50,500,0.162,0.016494123566423557,0.019847343099401987,1.0,0,81,0.162,score_gt_c_or_score_eq_c_and_u_lt_gamma
1p3B,facebook/opt-1.3b,50272,inverse,formal_eta_j_over_v_minus_1,calibration_exact_null,h_dif_star_0.001,"h*_dif,.001",reference_score,not_applicable,,,100,10000,0.05,0.0021795584524175416,0.03105920975288354,1.0,1,500,0.05,score_gt_c_or_score_eq_c_and_u_lt_gamma
1p3B,facebook/opt-1.3b,50272,inverse,formal_eta_j_over_v_minus_1,released_raw_empirical_null,h_dif_star_0.001,"h*_dif,.001",reference_score,not_applicable,,,100,500,0.052,0.00993929470125102,0.03105920975288354,1.0,0,26,0.052,score_gt_c_or_score_eq_c_and_u_lt_gamma
1p3B,facebook/opt-1.3b,50272,inverse,formal_eta_j_over_v_minus_1,released_watermarked,h_dif_star_0.001,"h*_dif,.001",reference_score,not_applicable,,,100,500,0.258,0.01958671178521587,0.03105920975288354,1.0,0,129,0.258,score_gt_c_or_score_eq_c_and_u_lt_gamma
1p3B,facebook/opt-1.3b,50272,inverse,formal_eta_j_over_v_minus_1,calibration_exact_null,h_dif_star_0.001,"h*_dif,.001",reference_score,not_applicable,,,200,10000,0.05,0.0021795584524175416,0.04821394229902834,1.0,1,500,0.05,score_gt_c_or_score_eq_c_and_u_lt_gamma
1p3B,facebook/opt-1.3b,50272,inverse,formal_eta_j_over_v_minus_1,released_raw_empirical_null,h_dif_star_0.001,"h*_dif,.001",reference_score,not_applicable,,,200,500,0.054,0.010117941761592718,0.04821394229902834,1.0,0,27,0.054,score_gt_c_or_score_eq_c_and_u_lt_gamma
1p3B,facebook/opt-1.3b,50272,inverse,formal_eta_j_over_v_minus_1,released_watermarked,h_dif_star_0.001,"h*_dif,.001",reference_score,not_applicable,,,200,500,0.398,0.021912377885779953,0.04821394229902834,1.0,0,199,0.398,score_gt_c_or_score_eq_c_and_u_lt_gamma
1p3B,facebook/opt-1.3b,50272,inverse,formal_eta_j_over_v_minus_1,calibration_exact_null,bayes_tokenwise,"Bayes, tokenwise Delta",bayesian,uniform,0.0,0.1,50,10000,0.05,0.0021795584524175416,0.8851699565505646,1.0,1,500,0.05,score_gt_c_or_score_eq_c_and_u_lt_gamma
1p3B,facebook/opt-1.3b,50272,inverse,formal_eta_j_over_v_minus_1,released_raw_empirical_null,bayes_tokenwise,"Bayes, tokenwise Delta",bayesian,uniform,0.0,0.1,50,500,0.054,0.010117941761592718,0.8851699565505646,1.0,0,27,0.054,score_gt_c_or_score_eq_c_and_u_lt_gamma
1p3B,facebook/opt-1.3b,50272,inverse,formal_eta_j_over_v_minus_1,released_watermarked,bayes_tokenwise,"Bayes, tokenwise Delta",bayesian,uniform,0.0,0.1,50,500,0.162,0.016494123566423557,0.8851699565505646,1.0,0,81,0.162,score_gt_c_or_score_eq_c_and_u_lt_gamma
1p3B,facebook/opt-1.3b,50272,inverse,formal_eta_j_over_v_minus_1,calibration_exact_null,bayes_tokenwise,"Bayes, tokenwise Delta",bayesian,uniform,0.0,0.1,100,10000,0.05,0.0021795584524175416,1.2179802073324328,1.0,1,500,0.05,score_gt_c_or_score_eq_c_and_u_lt_gamma
1p3B,facebook/opt-1.3b,50272,inverse,formal_eta_j_over_v_minus_1,released_raw_empirical_null,bayes_tokenwise,"Bayes, tokenwise Delta",bayesian,uniform,0.0,0.1,100,500,0.05,0.009756555783754993,1.2179802073324328,1.0,0,25,0.05,score_gt_c_or_score_eq_c_and_u_lt_gamma
1p3B,facebook/opt-1.3b,50272,inverse,formal_eta_j_over_v_minus_1,released_watermarked,bayes_tokenwise,"Bayes, tokenwise Delta",bayesian,uniform,0.0,0.1,100,500,0.254,0.01948659680164342,1.2179802073324328,1.0,0,127,0.254,score_gt_c_or_score_eq_c_and_u_lt_gamma
1p3B,facebook/opt-1.3b,50272,inverse,formal_eta_j_over_v_minus_1,calibration_exact_null,bayes_tokenwise,"Bayes, tokenwise Delta",bayesian,uniform,0.0,0.1,200,10000,0.05,0.002179558452417541,1.497146971755717,1.0,1,500,0.05,score_gt_c_or_score_eq_c_and_u_lt_gamma
1p3B,facebook/opt-1.3b,50272,inverse,formal_eta_j_over_v_minus_1,released_raw_empirical_null,bayes_tokenwise,"Bayes, tokenwise Delta",bayesian,uniform,0.0,0.1,200,500,0.05,0.009756555783754993,1.497146971755717,1.0,0,25,0.05,score_gt_c_or_score_eq_c_and_u_lt_gamma
1p3B,facebook/opt-1.3b,50272,inverse,formal_eta_j_over_v_minus_1,released_watermarked,bayes_tokenwise,"Bayes, tokenwise Delta",bayesian,uniform,0.0,0.1,200,500,0.392,0.02185468495561119,1.497146971755717,1.0,0,196,0.392,score_gt_c_or_score_eq_c_and_u_lt_gamma
1p3B,facebook/opt-1.3b,50272,inverse,formal_eta_j_over_v_minus_1,calibration_exact_null,bayes_shared,"Bayes, shared Delta",bayesian,uniform,0.0,0.1,50,10000,0.05,0.0021795584524175416,0.9549124200788981,1.0,1,500,0.05,score_gt_c_or_score_eq_c_and_u_lt_gamma
1p3B,facebook/opt-1.3b,50272,inverse,formal_eta_j_over_v_minus_1,released_raw_empirical_null,bayes_shared,"Bayes, shared Delta",bayesian,uniform,0.0,0.1,50,500,0.054,0.010117941761592718,0.9549124200788981,1.0,0,27,0.054,score_gt_c_or_score_eq_c_and_u_lt_gamma
1p3B,facebook/opt-1.3b,50272,inverse,formal_eta_j_over_v_minus_1,released_watermarked,bayes_shared,"Bayes, shared Delta",bayesian,uniform,0.0,0.1,50,500,0.164,0.016575811142446696,0.9549124200788981,1.0,0,82,0.164,score_gt_c_or_score_eq_c_and_u_lt_gamma
1p3B,facebook/opt-1.3b,50272,inverse,formal_eta_j_over_v_minus_1,calibration_exact_null,bayes_shared,"Bayes, shared Delta",bayesian,uniform,0.0,0.1,100,10000,0.05,0.0021795584524175416,1.226406057383509,1.0,1,500,0.05,score_gt_c_or_score_eq_c_and_u_lt_gamma
1p3B,facebook/opt-1.3b,50272,inverse,formal_eta_j_over_v_minus_1,released_raw_empirical_null,bayes_shared,"Bayes, shared Delta",bayesian,uniform,0.0,0.1,100,500,0.052,0.00993929470125102,1.226406057383509,1.0,0,26,0.052,score_gt_c_or_score_eq_c_and_u_lt_gamma
1p3B,facebook/opt-1.3b,50272,inverse,formal_eta_j_over_v_minus_1,released_watermarked,bayes_shared,"Bayes, shared Delta",bayesian,uniform,0.0,0.1,100,500,0.254,0.01948659680164342,1.226406057383509,1.0,0,127,0.254,score_gt_c_or_score_eq_c_and_u_lt_gamma
1p3B,facebook/opt-1.3b,50272,inverse,formal_eta_j_over_v_minus_1,calibration_exact_null,bayes_shared,"Bayes, shared Delta",bayesian,uniform,0.0,0.1,200,10000,0.05,0.0021795584524175416,1.150422173012155,1.0,1,500,0.05,score_gt_c_or_score_eq_c_and_u_lt_gamma
1p3B,facebook/opt-1.3b,50272,inverse,formal_eta_j_over_v_minus_1,released_raw_empirical_null,bayes_shared,"Bayes, shared Delta",bayesian,uniform,0.0,0.1,200,500,0.054,0.010117941761592718,1.150422173012155,1.0,0,27,0.054,score_gt_c_or_score_eq_c_and_u_lt_gamma
1p3B,facebook/opt-1.3b,50272,inverse,formal_eta_j_over_v_minus_1,released_watermarked,bayes_shared,"Bayes, shared Delta",bayesian,uniform,0.0,0.1,200,500,0.386,0.021793529219281196,1.150422173012155,1.0,0,193,0.386,score_gt_c_or_score_eq_c_and_u_lt_gamma
1p3B,facebook/opt-1.3b,50272,inverse,upstream_shifted_eta_j_minus_1_over_v_minus_1,calibration_exact_null,h_neg,h_neg,reference_score,not_applicable,,,50,10000,0.05,0.0021795584524175416,-13.94884456213813,1.0,1,500,0.05,score_gt_c_or_score_eq_c_and_u_lt_gamma
1p3B,facebook/opt-1.3b,50272,inverse,upstream_shifted_eta_j_minus_1_over_v_minus_1,released_raw_empirical_null,h_neg,h_neg,reference_score,not_applicable,,,50,500,0.054,0.010117941761592718,-13.94884456213813,1.0,0,27,0.054,score_gt_c_or_score_eq_c_and_u_lt_gamma
1p3B,facebook/opt-1.3b,50272,inverse,upstream_shifted_eta_j_minus_1_over_v_minus_1,released_watermarked,h_neg,h_neg,reference_score,not_applicable,,,50,500,0.142,0.01562563024781025,-13.94884456213813,1.0,0,71,0.142,score_gt_c_or_score_eq_c_and_u_lt_gamma
1p3B,facebook/opt-1.3b,50272,inverse,upstream_shifted_eta_j_minus_1_over_v_minus_1,calibration_exact_null,h_neg,h_neg,reference_score,not_applicable,,,100,10000,0.05,0.0021795584524175416,-29.431698092114555,1.0,1,500,0.05,score_gt_c_or_score_eq_c_and_u_lt_gamma
1p3B,facebook/opt-1.3b,50272,inverse,upstream_shifted_eta_j_minus_1_over_v_minus_1,released_raw_empirical_null,h_neg,h_neg,reference_score,not_applicable,,,100,500,0.056,0.01029271002989587,-29.431698092114555,1.0,0,28,0.056,score_gt_c_or_score_eq_c_and_u_lt_gamma
1p3B,facebook/opt-1.3b,50272,inverse,upstream_shifted_eta_j_minus_1_over_v_minus_1,released_watermarked,h_neg,h_neg,reference_score,not_applicable,,,100,500,0.226,0.01872295644913999,-29.431698092114555,1.0,0,113,0.226,score_gt_c_or_score_eq_c_and_u_lt_gamma
1p3B,facebook/opt-1.3b,50272,inverse,upstream_shifted_eta_j_minus_1_over_v_minus_1,calibration_exact_null,h_neg,h_neg,reference_score,not_applicable,,,200,10000,0.05,0.002179558452417541,-61.18441395832982,1.0,1,500,0.05,score_gt_c_or_score_eq_c_and_u_lt_gamma
1p3B,facebook/opt-1.3b,50272,inverse,upstream_shifted_eta_j_minus_1_over_v_minus_1,released_raw_empirical_null,h_neg,h_neg,reference_score,not_applicable,,,200,500,0.05,0.009756555783754993,-61.18441395832982,1.0,0,25,0.05,score_gt_c_or_score_eq_c_and_u_lt_gamma
1p3B,facebook/opt-1.3b,50272,inverse,upstream_shifted_eta_j_minus_1_over_v_minus_1,released_watermarked,h_neg,h_neg,reference_score,not_applicable,,,200,500,0.356,0.02143471235607269,-61.18441395832982,1.0,0,178,0.356,score_gt_c_or_score_eq_c_and_u_lt_gamma
1p3B,facebook/opt-1.3b,50272,inverse,upstream_shifted_eta_j_minus_1_over_v_minus_1,calibration_exact_null,h_dif_star_0.1,"h*_dif,.1",reference_score,not_applicable,,,50,10000,0.05,0.0021795584524175416,1.5408281216105768,1.0,1,500,0.05,score_gt_c_or_score_eq_c_and_u_lt_gamma
1p3B,facebook/opt-1.3b,50272,inverse,upstream_shifted_eta_j_minus_1_over_v_minus_1,released_raw_empirical_null,h_dif_star_0.1,"h*_dif,.1",reference_score,not_applicable,,,50,500,0.054,0.010117941761592718,1.5408281216105768,1.0,0,27,0.054,score_gt_c_or_score_eq_c_and_u_lt_gamma
1p3B,facebook/opt-1.3b,50272,inverse,upstream_shifted_eta_j_minus_1_over_v_minus_1,released_watermarked,h_dif_star_0.1,"h*_dif,.1",reference_score,not_applicable,,,50,500,0.154,0.016158285192455334,1.5408281216105768,1.0,0,77,0.154,score_gt_c_or_score_eq_c_and_u_lt_gamma
1p3B,facebook/opt-1.3b,50272,inverse,upstream_shifted_eta_j_minus_1_over_v_minus_1,calibration_exact_null,h_dif_star_0.1,"h*_dif,.1",reference_score,not_applicable,,,100,10000,0.05,0.0021795584524175416,1.6132424435219979,1.0,1,500,0.05,score_gt_c_or_score_eq_c_and_u_lt_gamma
1p3B,facebook/opt-1.3b,50272,inverse,upstream_shifted_eta_j_minus_1_over_v_minus_1,released_raw_empirical_null,h_dif_star_0.1,"h*_dif,.1",reference_score,not_applicable,,,100,500,0.05,0.009756555783754993,1.6132424435219979,1.0,0,25,0.05,score_gt_c_or_score_eq_c_and_u_lt_gamma
1p3B,facebook/opt-1.3b,50272,inverse,upstream_shifted_eta_j_minus_1_over_v_minus_1,released_watermarked,h_dif_star_0.1,"h*_dif,.1",reference_score,not_applicable,,,100,500,0.248,0.01933234282123912,1.6132424435219979,1.0,0,124,0.248,score_gt_c_or_score_eq_c_and_u_lt_gamma
1p3B,facebook/opt-1.3b,50272,inverse,upstream_shifted_eta_j_minus_1_over_v_minus_1,calibration_exact_null,h_dif_star_0.1,"h*_dif,.1",reference_score,not_applicable,,,200,10000,0.05,0.0021795584524175416,-0.3452373374232835,1.0,1,500,0.05,score_gt_c_or_score_eq_c_and_u_lt_gamma
1p3B,facebook/opt-1.3b,50272,inverse,upstream_shifted_eta_j_minus_1_over_v_minus_1,released_raw_empirical_null,h_dif_star_0.1,"h*_dif,.1",reference_score,not_applicable,,,200,500,0.054,0.010117941761592716,-0.3452373374232835,1.0,0,27,0.054,score_gt_c_or_score_eq_c_and_u_lt_gamma
1p3B,facebook/opt-1.3b,50272,inverse,upstream_shifted_eta_j_minus_1_over_v_minus_1,released_watermarked,h_dif_star_0.1,"h*_dif,.1",reference_score,not_applicable,,,200,500,0.374,0.021660710347204473,-0.3452373374232835,1.0,0,187,0.374,score_gt_c_or_score_eq_c_and_u_lt_gamma
1p3B,facebook/opt-1.3b,50272,inverse,upstream_shifted_eta_j_minus_1_over_v_minus_1,calibration_exact_null,h_dif_star_0.01,"h*_dif,.01",reference_score,not_applicable,,,50,10000,0.05,0.0021795584524175416,0.19580741817426683,1.0,1,500,0.05,score_gt_c_or_score_eq_c_and_u_lt_gamma
1p3B,facebook/opt-1.3b,50272,inverse,upstream_shifted_eta_j_minus_1_over_v_minus_1,released_raw_empirical_null,h_dif_star_0.01,"h*_dif,.01",reference_score,not_applicable,,,50,500,0.052,0.00993929470125102,0.19580741817426683,1.0,0,26,0.052,score_gt_c_or_score_eq_c_and_u_lt_gamma
1p3B,facebook/opt-1.3b,50272,inverse,upstream_shifted_eta_j_minus_1_over_v_minus_1,released_watermarked,h_dif_star_0.01,"h*_dif,.01",reference_score,not_applicable,,,50,500,0.164,0.016575811142446696,0.19580741817426683,1.0,0,82,0.164,score_gt_c_or_score_eq_c_and_u_lt_gamma
1p3B,facebook/opt-1.3b,50272,inverse,upstream_shifted_eta_j_minus_1_over_v_minus_1,calibration_exact_null,h_dif_star_0.01,"h*_dif,.01",reference_score,not_applicable,,,100,10000,0.05,0.0021795584524175416,0.30202820450845214,1.0,1,500,0.05,score_gt_c_or_score_eq_c_and_u_lt_gamma
1p3B,facebook/opt-1.3b,50272,inverse,upstream_shifted_eta_j_minus_1_over_v_minus_1,released_raw_empirical_null,h_dif_star_0.01,"h*_dif,.01",reference_score,not_applicable,,,100,500,0.052,0.00993929470125102,0.30202820450845214,1.0,0,26,0.052,score_gt_c_or_score_eq_c_and_u_lt_gamma
1p3B,facebook/opt-1.3b,50272,inverse,upstream_shifted_eta_j_minus_1_over_v_minus_1,released_watermarked,h_dif_star_0.01,"h*_dif,.01",reference_score,not_applicable,,,100,500,0.258,0.01958671178521587,0.30202820450845214,1.0,0,129,0.258,score_gt_c_or_score_eq_c_and_u_lt_gamma
1p3B,facebook/opt-1.3b,50272,inverse,upstream_shifted_eta_j_minus_1_over_v_minus_1,calibration_exact_null,h_dif_star_0.01,"h*_dif,.01",reference_score,not_applicable,,,200,10000,0.05,0.0021795584524175416,0.45730063467145166,1.0,1,500,0.05,score_gt_c_or_score_eq_c_and_u_lt_gamma
1p3B,facebook/opt-1.3b,50272,inverse,upstream_shifted_eta_j_minus_1_over_v_minus_1,released_raw_empirical_null,h_dif_star_0.01,"h*_dif,.01",reference_score,not_applicable,,,200,500,0.052,0.00993929470125102,0.45730063467145166,1.0,0,26,0.052,score_gt_c_or_score_eq_c_and_u_lt_gamma
1p3B,facebook/opt-1.3b,50272,inverse,upstream_shifted_eta_j_minus_1_over_v_minus_1,released_watermarked,h_dif_star_0.01,"h*_dif,.01",reference_score,not_applicable,,,200,500,0.4,0.02193084412072858,0.45730063467145166,1.0,0,200,0.4,score_gt_c_or_score_eq_c_and_u_lt_gamma
1p3B,facebook/opt-1.3b,50272,inverse,upstream_shifted_eta_j_minus_1_over_v_minus_1,calibration_exact_null,h_dif_star_0.001,"h*_dif,.001",reference_score,not_applicable,,,50,10000,0.05,0.002179558452417541,0.01984782038335159,1.0,1,500,0.05,score_gt_c_or_score_eq_c_and_u_lt_gamma
1p3B,facebook/opt-1.3b,50272,inverse,upstream_shifted_eta_j_minus_1_over_v_minus_1,released_raw_empirical_null,h_dif_star_0.001,"h*_dif,.001",reference_score,not_applicable,,,50,500,0.052,0.00993929470125102,0.01984782038335159,1.0,0,26,0.052,score_gt_c_or_score_eq_c_and_u_lt_gamma
1p3B,facebook/opt-1.3b,50272,inverse,upstream_shifted_eta_j_minus_1_over_v_minus_1,released_watermarked,h_dif_star_0.001,"h*_dif,.001",reference_score,not_applicable,,,50,500,0.162,0.016494123566423557,0.01984782038335159,1.0,0,81,0.162,score_gt_c_or_score_eq_c_and_u_lt_gamma
1p3B,facebook/opt-1.3b,50272,inverse,upstream_shifted_eta_j_minus_1_over_v_minus_1,calibration_exact_null,h_dif_star_0.001,"h*_dif,.001",reference_score,not_applicable,,,100,10000,0.05,0.0021795584524175416,0.03105937066806052,1.0,1,500,0.05,score_gt_c_or_score_eq_c_and_u_lt_gamma
1p3B,facebook/opt-1.3b,50272,inverse,upstream_shifted_eta_j_minus_1_over_v_minus_1,released_raw_empirical_null,h_dif_star_0.001,"h*_dif,.001",reference_score,not_applicable,,,100,500,0.052,0.00993929470125102,0.03105937066806052,1.0,0,26,0.052,score_gt_c_or_score_eq_c_and_u_lt_gamma
1p3B,facebook/opt-1.3b,50272,inverse,upstream_shifted_eta_j_minus_1_over_v_minus_1,released_watermarked,h_dif_star_0.001,"h*_dif,.001",reference_score,not_applicable,,,100,500,0.258,0.01958671178521587,0.03105937066806052,1.0,0,129,0.258,score_gt_c_or_score_eq_c_and_u_lt_gamma
1p3B,facebook/opt-1.3b,50272,inverse,upstream_shifted_eta_j_minus_1_over_v_minus_1,calibration_exact_null,h_dif_star_0.001,"h*_dif,.001",reference_score,not_applicable,,,200,10000,0.05,0.0021795584524175416,0.048213232831871004,1.0,1,500,0.05,score_gt_c_or_score_eq_c_and_u_lt_gamma
1p3B,facebook/opt-1.3b,50272,inverse,upstream_shifted_eta_j_minus_1_over_v_minus_1,released_raw_empirical_null,h_dif_star_0.001,"h*_dif,.001",reference_score,not_applicable,,,200,500,0.054,0.010117941761592718,0.048213232831871004,1.0,0,27,0.054,score_gt_c_or_score_eq_c_and_u_lt_gamma
1p3B,facebook/opt-1.3b,50272,inverse,upstream_shifted_eta_j_minus_1_over_v_minus_1,released_watermarked,h_dif_star_0.001,"h*_dif,.001",reference_score,not_applicable,,,200,500,0.398,0.021912377885779953,0.048213232831871004,1.0,0,199,0.398,score_gt_c_or_score_eq_c_and_u_lt_gamma
1p3B,facebook/opt-1.3b,50272,inverse,upstream_shifted_eta_j_minus_1_over_v_minus_1,calibration_exact_null,bayes_tokenwise,"Bayes, tokenwise Delta",bayesian,uniform,0.0,0.1,50,10000,0.05,0.0021795584524175416,0.885093340657723,1.0,1,500,0.05,score_gt_c_or_score_eq_c_and_u_lt_gamma
1p3B,facebook/opt-1.3b,50272,inverse,upstream_shifted_eta_j_minus_1_over_v_minus_1,released_raw_empirical_null,bayes_tokenwise,"Bayes, tokenwise Delta",bayesian,uniform,0.0,0.1,50,500,0.054,0.010117941761592718,0.885093340657723,1.0,0,27,0.054,score_gt_c_or_score_eq_c_and_u_lt_gamma
1p3B,facebook/opt-1.3b,50272,inverse,upstream_shifted_eta_j_minus_1_over_v_minus_1,released_watermarked,bayes_tokenwise,"Bayes, tokenwise Delta",bayesian,uniform,0.0,0.1,50,500,0.162,0.016494123566423557,0.885093340657723,1.0,0,81,0.162,score_gt_c_or_score_eq_c_and_u_lt_gamma
1p3B,facebook/opt-1.3b,50272,inverse,upstream_shifted_eta_j_minus_1_over_v_minus_1,calibration_exact_null,bayes_tokenwise,"Bayes, tokenwise Delta",bayesian,uniform,0.0,0.1,100,10000,0.05,0.0021795584524175416,1.2179651368057915,1.0,1,500,0.05,score_gt_c_or_score_eq_c_and_u_lt_gamma
1p3B,facebook/opt-1.3b,50272,inverse,upstream_shifted_eta_j_minus_1_over_v_minus_1,released_raw_empirical_null,bayes_tokenwise,"Bayes, tokenwise Delta",bayesian,uniform,0.0,0.1,100,500,0.05,0.009756555783754993,1.2179651368057915,1.0,0,25,0.05,score_gt_c_or_score_eq_c_and_u_lt_gamma
1p3B,facebook/opt-1.3b,50272,inverse,upstream_shifted_eta_j_minus_1_over_v_minus_1,released_watermarked,bayes_tokenwise,"Bayes, tokenwise Delta",bayesian,uniform,0.0,0.1,100,500,0.254,0.01948659680164342,1.2179651368057915,1.0,0,127,0.254,score_gt_c_or_score_eq_c_and_u_lt_gamma
1p3B,facebook/opt-1.3b,50272,inverse,upstream_shifted_eta_j_minus_1_over_v_minus_1,calibration_exact_null,bayes_tokenwise,"Bayes, tokenwise Delta",bayesian,uniform,0.0,0.1,200,10000,0.05,0.002179558452417541,1.4973587704080025,1.0,1,500,0.05,score_gt_c_or_score_eq_c_and_u_lt_gamma
1p3B,facebook/opt-1.3b,50272,inverse,upstream_shifted_eta_j_minus_1_over_v_minus_1,released_raw_empirical_null,bayes_tokenwise,"Bayes, tokenwise Delta",bayesian,uniform,0.0,0.1,200,500,0.05,0.009756555783754993,1.4973587704080025,1.0,0,25,0.05,score_gt_c_or_score_eq_c_and_u_lt_gamma
1p3B,facebook/opt-1.3b,50272,inverse,upstream_shifted_eta_j_minus_1_over_v_minus_1,released_watermarked,bayes_tokenwise,"Bayes, tokenwise Delta",bayesian,uniform,0.0,0.1,200,500,0.392,0.02185468495561119,1.4973587704080025,1.0,0,196,0.392,score_gt_c_or_score_eq_c_and_u_lt_gamma
1p3B,facebook/opt-1.3b,50272,inverse,upstream_shifted_eta_j_minus_1_over_v_minus_1,calibration_exact_null,bayes_shared,"Bayes, shared Delta",bayesian,uniform,0.0,0.1,50,10000,0.05,0.0021795584524175416,0.9548257383283674,1.0,1,500,0.05,score_gt_c_or_score_eq_c_and_u_lt_gamma
1p3B,facebook/opt-1.3b,50272,inverse,upstream_shifted_eta_j_minus_1_over_v_minus_1,released_raw_empirical_null,bayes_shared,"Bayes, shared Delta",bayesian,uniform,0.0,0.1,50,500,0.054,0.010117941761592718,0.9548257383283674,1.0,0,27,0.054,score_gt_c_or_score_eq_c_and_u_lt_gamma
1p3B,facebook/opt-1.3b,50272,inverse,upstream_shifted_eta_j_minus_1_over_v_minus_1,released_watermarked,bayes_shared,"Bayes, shared Delta",bayesian,uniform,0.0,0.1,50,500,0.164,0.016575811142446696,0.9548257383283674,1.0,0,82,0.164,score_gt_c_or_score_eq_c_and_u_lt_gamma
1p3B,facebook/opt-1.3b,50272,inverse,upstream_shifted_eta_j_minus_1_over_v_minus_1,calibration_exact_null,bayes_shared,"Bayes, shared Delta",bayesian,uniform,0.0,0.1,100,10000,0.05,0.0021795584524175416,1.226408464917356,1.0,1,500,0.05,score_gt_c_or_score_eq_c_and_u_lt_gamma
1p3B,facebook/opt-1.3b,50272,inverse,upstream_shifted_eta_j_minus_1_over_v_minus_1,released_raw_empirical_null,bayes_shared,"Bayes, shared Delta",bayesian,uniform,0.0,0.1,100,500,0.052,0.00993929470125102,1.226408464917356,1.0,0,26,0.052,score_gt_c_or_score_eq_c_and_u_lt_gamma
1p3B,facebook/opt-1.3b,50272,inverse,upstream_shifted_eta_j_minus_1_over_v_minus_1,released_watermarked,bayes_shared,"Bayes, shared Delta",bayesian,uniform,0.0,0.1,100,500,0.254,0.01948659680164342,1.226408464917356,1.0,0,127,0.254,score_gt_c_or_score_eq_c_and_u_lt_gamma
1p3B,facebook/opt-1.3b,50272,inverse,upstream_shifted_eta_j_minus_1_over_v_minus_1,calibration_exact_null,bayes_shared,"Bayes, shared Delta",bayesian,uniform,0.0,0.1,200,10000,0.05,0.0021795584524175416,1.150537634090604,1.0,1,500,0.05,score_gt_c_or_score_eq_c_and_u_lt_gamma
1p3B,facebook/opt-1.3b,50272,inverse,upstream_shifted_eta_j_minus_1_over_v_minus_1,released_raw_empirical_null,bayes_shared,"Bayes, shared Delta",bayesian,uniform,0.0,0.1,200,500,0.054,0.010117941761592718,1.150537634090604,1.0,0,27,0.054,score_gt_c_or_score_eq_c_and_u_lt_gamma
1p3B,facebook/opt-1.3b,50272,inverse,upstream_shifted_eta_j_minus_1_over_v_minus_1,released_watermarked,bayes_shared,"Bayes, shared Delta",bayesian,uniform,0.0,0.1,200,500,0.386,0.021793529219281196,1.150537634090604,1.0,0,193,0.386,score_gt_c_or_score_eq_c_and_u_lt_gamma
2p7B,princeton-nlp/Sheared-LLaMA-2.7B,32000,gumbel,stored_gumbel_pivot,calibration_exact_null,h_ars,h_ars,reference_score,not_applicable,,,50,10000,0.05,0.0021795584524175416,62.367487104308395,1.0,1,500,0.05,score_gt_c_or_score_eq_c_and_u_lt_gamma
2p7B,princeton-nlp/Sheared-LLaMA-2.7B,32000,gumbel,stored_gumbel_pivot,released_raw_empirical_null,h_ars,h_ars,reference_score,not_applicable,,,50,500,0.042,0.008979602804860922,62.367487104308395,1.0,0,21,0.042,score_gt_c_or_score_eq_c_and_u_lt_gamma
2p7B,princeton-nlp/Sheared-LLaMA-2.7B,32000,gumbel,stored_gumbel_pivot,released_watermarked,h_ars,h_ars,reference_score,not_applicable,,,50,500,0.232,0.018896193591952035,62.367487104308395,1.0,0,116,0.232,score_gt_c_or_score_eq_c_and_u_lt_gamma
2p7B,princeton-nlp/Sheared-LLaMA-2.7B,32000,gumbel,stored_gumbel_pivot,calibration_exact_null,h_ars,h_ars,reference_score,not_applicable,,,100,10000,0.05,0.0021795584524175416,116.97727793051928,1.0,1,500,0.05,score_gt_c_or_score_eq_c_and_u_lt_gamma
2p7B,princeton-nlp/Sheared-LLaMA-2.7B,32000,gumbel,stored_gumbel_pivot,released_raw_empirical_null,h_ars,h_ars,reference_score,not_applicable,,,100,500,0.062,0.010795605132662119,116.97727793051928,1.0,0,31,0.062,score_gt_c_or_score_eq_c_and_u_lt_gamma
2p7B,princeton-nlp/Sheared-LLaMA-2.7B,32000,gumbel,stored_gumbel_pivot,released_watermarked,h_ars,h_ars,reference_score,not_applicable,,,100,500,0.34,0.021206117013673084,116.97727793051928,1.0,0,170,0.34,score_gt_c_or_score_eq_c_and_u_lt_gamma
2p7B,princeton-nlp/Sheared-LLaMA-2.7B,32000,gumbel,stored_gumbel_pivot,calibration_exact_null,h_ars,h_ars,reference_score,not_applicable,,,200,10000,0.05,0.0021795584524175416,223.88552390143786,1.0,1,500,0.05,score_gt_c_or_score_eq_c_and_u_lt_gamma
2p7B,princeton-nlp/Sheared-LLaMA-2.7B,32000,gumbel,stored_gumbel_pivot,released_raw_empirical_null,h_ars,h_ars,reference_score,not_applicable,,,200,500,0.04,0.008772337648291433,223.88552390143786,1.0,0,20,0.04,score_gt_c_or_score_eq_c_and_u_lt_gamma
2p7B,princeton-nlp/Sheared-LLaMA-2.7B,32000,gumbel,stored_gumbel_pivot,released_watermarked,h_ars,h_ars,reference_score,not_applicable,,,200,500,0.476,0.022357273881016475,223.88552390143786,1.0,0,238,0.476,score_gt_c_or_score_eq_c_and_u_lt_gamma
2p7B,princeton-nlp/Sheared-LLaMA-2.7B,32000,gumbel,stored_gumbel_pivot,calibration_exact_null,h_log,h_log,reference_score,not_applicable,,,50,10000,0.05,0.0021795584524175416,-38.857839991455975,1.0,1,500,0.05,score_gt_c_or_score_eq_c_and_u_lt_gamma
2p7B,princeton-nlp/Sheared-LLaMA-2.7B,32000,gumbel,stored_gumbel_pivot,released_raw_empirical_null,h_log,h_log,reference_score,not_applicable,,,50,500,0.06,0.010631371130019326,-38.857839991455975,1.0,0,30,0.06,score_gt_c_or_score_eq_c_and_u_lt_gamma
2p7B,princeton-nlp/Sheared-LLaMA-2.7B,32000,gumbel,stored_gumbel_pivot,released_watermarked,h_log,h_log,reference_score,not_applicable,,,50,500,0.154,0.016158285192455334,-38.857839991455975,1.0,0,77,0.154,score_gt_c_or_score_eq_c_and_u_lt_gamma
2p7B,princeton-nlp/Sheared-LLaMA-2.7B,32000,gumbel,stored_gumbel_pivot,calibration_exact_null,h_log,h_log,reference_score,not_applicable,,,100,10000,0.05,0.002179558452417541,-84.30422443725526,1.0,1,500,0.05,score_gt_c_or_score_eq_c_and_u_lt_gamma
2p7B,princeton-nlp/Sheared-LLaMA-2.7B,32000,gumbel,stored_gumbel_pivot,released_raw_empirical_null,h_log,h_log,reference_score,not_applicable,,,100,500,0.048,0.009569490597759172,-84.30422443725526,1.0,0,24,0.048,score_gt_c_or_score_eq_c_and_u_lt_gamma
2p7B,princeton-nlp/Sheared-LLaMA-2.7B,32000,gumbel,stored_gumbel_pivot,released_watermarked,h_log,h_log,reference_score,not_applicable,,,100,500,0.256,0.019536923574747664,-84.30422443725526,1.0,0,128,0.256,score_gt_c_or_score_eq_c_and_u_lt_gamma
2p7B,princeton-nlp/Sheared-LLaMA-2.7B,32000,gumbel,stored_gumbel_pivot,calibration_exact_null,h_log,h_log,reference_score,not_applicable,,,200,10000,0.05,0.002179558452417541,-177.4215365314193,1.0,1,500,0.05,score_gt_c_or_score_eq_c_and_u_lt_gamma
2p7B,princeton-nlp/Sheared-LLaMA-2.7B,32000,gumbel,stored_gumbel_pivot,released_raw_empirical_null,h_log,h_log,reference_score,not_applicable,,,200,500,0.05,0.009756555783754993,-177.4215365314193,1.0,0,25,0.05,score_gt_c_or_score_eq_c_and_u_lt_gamma
2p7B,princeton-nlp/Sheared-LLaMA-2.7B,32000,gumbel,stored_gumbel_pivot,released_watermarked,h_log,h_log,reference_score,not_applicable,,,200,500,0.384,0.02177236946554712,-177.4215365314193,1.0,0,192,0.384,score_gt_c_or_score_eq_c_and_u_lt_gamma
2p7B,princeton-nlp/Sheared-LLaMA-2.7B,32000,gumbel,stored_gumbel_pivot,calibration_exact_null,h_ind_1_over_e,"h_ind,1/e",reference_score,not_applicable,,,50,10000,0.05,0.002004969689701398,37.0,0.31085043988269795,341,507,0.0507,score_gt_c_or_score_eq_c_and_u_lt_gamma
2p7B,princeton-nlp/Sheared-LLaMA-2.7B,32000,gumbel,stored_gumbel_pivot,released_raw_empirical_null,h_ind_1_over_e,"h_ind,1/e",reference_score,not_applicable,,,50,500,0.040082111436950146,0.00812055363006385,37.0,0.31085043988269795,13,20,0.04,score_gt_c_or_score_eq_c_and_u_lt_gamma
2p7B,princeton-nlp/Sheared-LLaMA-2.7B,32000,gumbel,stored_gumbel_pivot,released_watermarked,h_ind_1_over_e,"h_ind,1/e",reference_score,not_applicable,,,50,500,0.14189442815249265,0.014715073658971817,37.0,0.31085043988269795,32,75,0.15,score_gt_c_or_score_eq_c_and_u_lt_gamma
2p7B,princeton-nlp/Sheared-LLaMA-2.7B,32000,gumbel,stored_gumbel_pivot,calibration_exact_null,h_ind_1_over_e,"h_ind,1/e",reference_score,not_applicable,,,100,10000,0.05,0.0020464432325626625,71.0,0.5022222222222222,225,515,0.0515,score_gt_c_or_score_eq_c_and_u_lt_gamma
2p7B,princeton-nlp/Sheared-LLaMA-2.7B,32000,gumbel,stored_gumbel_pivot,released_raw_empirical_null,h_ind_1_over_e,"h_ind,1/e",reference_score,not_applicable,,,100,500,0.04204444444444444,0.008408032220091531,71.0,0.5022222222222222,10,20,0.04,score_gt_c_or_score_eq_c_and_u_lt_gamma
2p7B,princeton-nlp/Sheared-LLaMA-2.7B,32000,gumbel,stored_gumbel_pivot,released_watermarked,h_ind_1_over_e,"h_ind,1/e",reference_score,not_applicable,,,100,500,0.24613333333333334,0.01848749844899268,71.0,0.5022222222222222,30,124,0.248,score_gt_c_or_score_eq_c_and_u_lt_gamma
2p7B,princeton-nlp/Sheared-LLaMA-2.7B,32000,gumbel,stored_gumbel_pivot,calibration_exact_null,h_ind_1_over_e,"h_ind,1/e",reference_score,not_applicable,,,200,10000,0.05,0.0021390319178905613,138.0,0.875,160,498,0.0498,score_gt_c_or_score_eq_c_and_u_lt_gamma
2p7B,princeton-nlp/Sheared-LLaMA-2.7B,32000,gumbel,stored_gumbel_pivot,released_raw_empirical_null,h_ind_1_over_e,"h_ind,1/e",reference_score,not_applicable,,,200,500,0.04225,0.008833086767585121,138.0,0.875,7,22,0.044,score_gt_c_or_score_eq_c_and_u_lt_gamma
2p7B,princeton-nlp/Sheared-LLaMA-2.7B,32000,gumbel,stored_gumbel_pivot,released_watermarked,h_ind_1_over_e,"h_ind,1/e",reference_score,not_applicable,,,200,500,0.3515,0.021270292680200777,138.0,0.875,10,175,0.35,score_gt_c_or_score_eq_c_and_u_lt_gamma
2p7B,princeton-nlp/Sheared-LLaMA-2.7B,32000,gumbel,stored_gumbel_pivot,calibration_exact_null,h_gum_star_0.01,"h*_gum,.01",reference_score,not_applicable,,,50,10000,0.05,0.0021795584524175416,0.6968626012326482,1.0,1,500,0.05,score_gt_c_or_score_eq_c_and_u_lt_gamma
2p7B,princeton-nlp/Sheared-LLaMA-2.7B,32000,gumbel,stored_gumbel_pivot,released_raw_empirical_null,h_gum_star_0.01,"h*_gum,.01",reference_score,not_applicable,,,50,500,0.052,0.00993929470125102,0.6968626012326482,1.0,0,26,0.052,score_gt_c_or_score_eq_c_and_u_lt_gamma
2p7B,princeton-nlp/Sheared-LLaMA-2.7B,32000,gumbel,stored_gumbel_pivot,released_watermarked,h_gum_star_0.01,"h*_gum,.01",reference_score,not_applicable,,,50,500,0.13,0.015055009352810992,0.6968626012326482,1.0,0,65,0.13,score_gt_c_or_score_eq_c_and_u_lt_gamma
2p7B,princeton-nlp/Sheared-LLaMA-2.7B,32000,gumbel,stored_gumbel_pivot,calibration_exact_null,h_gum_star_0.01,"h*_gum,.01",reference_score,not_applicable,,,100,10000,0.05,0.0021795584524175416,0.8538807567014436,1.0,1,500,0.05,score_gt_c_or_score_eq_c_and_u_lt_gamma
2p7B,princeton-nlp/Sheared-LLaMA-2.7B,32000,gumbel,stored_gumbel_pivot,released_raw_empirical_null,h_gum_star_0.01,"h*_gum,.01",reference_score,not_applicable,,,100,500,0.05,0.009756555783754993,0.8538807567014436,1.0,0,25,0.05,score_gt_c_or_score_eq_c_and_u_lt_gamma
2p7B,princeton-nlp/Sheared-LLaMA-2.7B,32000,gumbel,stored_gumbel_pivot,released_watermarked,h_gum_star_0.01,"h*_gum,.01",reference_score,not_applicable,,,100,500,0.23,0.018839050391123182,0.8538807567014436,1.0,0,115,0.23,score_gt_c_or_score_eq_c_and_u_lt_gamma
2p7B,princeton-nlp/Sheared-LLaMA-2.7B,32000,gumbel,stored_gumbel_pivot,calibration_exact_null,h_gum_star_0.01,"h*_gum,.01",reference_score,not_applicable,,,200,10000,0.05,0.002179558452417541,1.067545282929384,1.0,1,500,0.05,score_gt_c_or_score_eq_c_and_u_lt_gamma
2p7B,princeton-nlp/Sheared-LLaMA-2.7B,32000,gumbel,stored_gumbel_pivot,released_raw_empirical_null,h_gum_star_0.01,"h*_gum,.01",reference_score,not_applicable,,,200,500,0.06,0.010631371130019326,1.067545282929384,1.0,0,30,0.06,score_gt_c_or_score_eq_c_and_u_lt_gamma
2p7B,princeton-nlp/Sheared-LLaMA-2.7B,32000,gumbel,stored_gumbel_pivot,released_watermarked,h_gum_star_0.01,"h*_gum,.01",reference_score,not_applicable,,,200,500,0.288,0.020271503835075255,1.067545282929384,1.0,0,144,0.288,score_gt_c_or_score_eq_c_and_u_lt_gamma
2p7B,princeton-nlp/Sheared-LLaMA-2.7B,32000,gumbel,stored_gumbel_pivot,calibration_exact_null,h_gum_star_0.005,"h*_gum,.005",reference_score,not_applicable,,,50,10000,0.05,0.0021795584524175416,0.5142301657082899,1.0,1,500,0.05,score_gt_c_or_score_eq_c_and_u_lt_gamma
2p7B,princeton-nlp/Sheared-LLaMA-2.7B,32000,gumbel,stored_gumbel_pivot,released_raw_empirical_null,h_gum_star_0.005,"h*_gum,.005",reference_score,not_applicable,,,50,500,0.042,0.008979602804860922,0.5142301657082899,1.0,0,21,0.042,score_gt_c_or_score_eq_c_and_u_lt_gamma
2p7B,princeton-nlp/Sheared-LLaMA-2.7B,32000,gumbel,stored_gumbel_pivot,released_watermarked,h_gum_star_0.005,"h*_gum,.005",reference_score,not_applicable,,,50,500,0.098,0.013309631572104852,0.5142301657082899,1.0,0,49,0.098,score_gt_c_or_score_eq_c_and_u_lt_gamma
2p7B,princeton-nlp/Sheared-LLaMA-2.7B,32000,gumbel,stored_gumbel_pivot,calibration_exact_null,h_gum_star_0.005,"h*_gum,.005",reference_score,not_applicable,,,100,10000,0.05,0.0021795584524175416,0.6701914722734259,1.0,1,500,0.05,score_gt_c_or_score_eq_c_and_u_lt_gamma
2p7B,princeton-nlp/Sheared-LLaMA-2.7B,32000,gumbel,stored_gumbel_pivot,released_raw_empirical_null,h_gum_star_0.005,"h*_gum,.005",reference_score,not_applicable,,,100,500,0.046,0.009377840251121315,0.6701914722734259,1.0,0,23,0.046,score_gt_c_or_score_eq_c_and_u_lt_gamma
2p7B,princeton-nlp/Sheared-LLaMA-2.7B,32000,gumbel,stored_gumbel_pivot,released_watermarked,h_gum_star_0.005,"h*_gum,.005",reference_score,not_applicable,,,100,500,0.182,0.017272773297730436,0.6701914722734259,1.0,0,91,0.182,score_gt_c_or_score_eq_c_and_u_lt_gamma
2p7B,princeton-nlp/Sheared-LLaMA-2.7B,32000,gumbel,stored_gumbel_pivot,calibration_exact_null,h_gum_star_0.005,"h*_gum,.005",reference_score,not_applicable,,,200,10000,0.05,0.002179558452417541,0.8704059299688546,1.0,1,500,0.05,score_gt_c_or_score_eq_c_and_u_lt_gamma
2p7B,princeton-nlp/Sheared-LLaMA-2.7B,32000,gumbel,stored_gumbel_pivot,released_raw_empirical_null,h_gum_star_0.005,"h*_gum,.005",reference_score,not_applicable,,,200,500,0.048,0.00956949059775917,0.8704059299688546,1.0,0,24,0.048,score_gt_c_or_score_eq_c_and_u_lt_gamma
2p7B,princeton-nlp/Sheared-LLaMA-2.7B,32000,gumbel,stored_gumbel_pivot,released_watermarked,h_gum_star_0.005,"h*_gum,.005",reference_score,not_applicable,,,200,500,0.226,0.01872295644913999,0.8704059299688546,1.0,0,113,0.226,score_gt_c_or_score_eq_c_and_u_lt_gamma
2p7B,princeton-nlp/Sheared-LLaMA-2.7B,32000,gumbel,stored_gumbel_pivot,calibration_exact_null,h_spike_0.01,h^sp_.01,diagnostic_fixed_spike_likelihood,not_applicable,,,50,10000,0.05,0.0021795584524175416,-0.3924037873530034,1.0,1,500,0.05,score_gt_c_or_score_eq_c_and_u_lt_gamma
2p7B,princeton-nlp/Sheared-LLaMA-2.7B,32000,gumbel,stored_gumbel_pivot,released_raw_empirical_null,h_spike_0.01,h^sp_.01,diagnostic_fixed_spike_likelihood,not_applicable,,,50,500,0.058,0.010463793860924815,-0.3924037873530034,1.0,0,29,0.058,score_gt_c_or_score_eq_c_and_u_lt_gamma
2p7B,princeton-nlp/Sheared-LLaMA-2.7B,32000,gumbel,stored_gumbel_pivot,released_watermarked,h_spike_0.01,h^sp_.01,diagnostic_fixed_spike_likelihood,not_applicable,,,50,500,0.154,0.016158285192455334,-0.3924037873530034,1.0,0,77,0.154,score_gt_c_or_score_eq_c_and_u_lt_gamma
2p7B,princeton-nlp/Sheared-LLaMA-2.7B,32000,gumbel,stored_gumbel_pivot,calibration_exact_null,h_spike_0.01,h^sp_.01,diagnostic_fixed_spike_likelihood,not_applicable,,,100,10000,0.05,0.0021795584524175416,-0.8512988222560236,1.0,1,500,0.05,score_gt_c_or_score_eq_c_and_u_lt_gamma
2p7B,princeton-nlp/Sheared-LLaMA-2.7B,32000,gumbel,stored_gumbel_pivot,released_raw_empirical_null,h_spike_0.01,h^sp_.01,diagnostic_fixed_spike_likelihood,not_applicable,,,100,500,0.048,0.009569490597759172,-0.8512988222560236,1.0,0,24,0.048,score_gt_c_or_score_eq_c_and_u_lt_gamma
2p7B,princeton-nlp/Sheared-LLaMA-2.7B,32000,gumbel,stored_gumbel_pivot,released_watermarked,h_spike_0.01,h^sp_.01,diagnostic_fixed_spike_likelihood,not_applicable,,,100,500,0.254,0.01948659680164342,-0.8512988222560236,1.0,0,127,0.254,score_gt_c_or_score_eq_c_and_u_lt_gamma
2p7B,princeton-nlp/Sheared-LLaMA-2.7B,32000,gumbel,stored_gumbel_pivot,calibration_exact_null,h_spike_0.01,h^sp_.01,diagnostic_fixed_spike_likelihood,not_applicable,,,200,10000,0.05,0.0021795584524175416,-1.791385219950612,1.0,1,500,0.05,score_gt_c_or_score_eq_c_and_u_lt_gamma
2p7B,princeton-nlp/Sheared-LLaMA-2.7B,32000,gumbel,stored_gumbel_pivot,released_raw_empirical_null,h_spike_0.01,h^sp_.01,diagnostic_fixed_spike_likelihood,not_applicable,,,200,500,0.048,0.009569490597759172,-1.791385219950612,1.0,0,24,0.048,score_gt_c_or_score_eq_c_and_u_lt_gamma
2p7B,princeton-nlp/Sheared-LLaMA-2.7B,32000,gumbel,stored_gumbel_pivot,released_watermarked,h_spike_0.01,h^sp_.01,diagnostic_fixed_spike_likelihood,not_applicable,,,200,500,0.384,0.02177236946554712,-1.791385219950612,1.0,0,192,0.384,score_gt_c_or_score_eq_c_and_u_lt_gamma
2p7B,princeton-nlp/Sheared-LLaMA-2.7B,32000,gumbel,stored_gumbel_pivot,calibration_exact_null,h_spike_0.05,h^sp_.05,diagnostic_fixed_spike_likelihood,not_applicable,,,50,10000,0.05,0.0021795584524175416,-2.0430531581996316,1.0,1,500,0.05,score_gt_c_or_score_eq_c_and_u_lt_gamma
2p7B,princeton-nlp/Sheared-LLaMA-2.7B,32000,gumbel,stored_gumbel_pivot,released_raw_empirical_null,h_spike_0.05,h^sp_.05,diagnostic_fixed_spike_likelihood,not_applicable,,,50,500,0.058,0.010463793860924815,-2.0430531581996316,1.0,0,29,0.058,score_gt_c_or_score_eq_c_and_u_lt_gamma
2p7B,princeton-nlp/Sheared-LLaMA-2.7B,32000,gumbel,stored_gumbel_pivot,released_watermarked,h_spike_0.05,h^sp_.05,diagnostic_fixed_spike_likelihood,not_applicable,,,50,500,0.154,0.016158285192455334,-2.0430531581996316,1.0,0,77,0.154,score_gt_c_or_score_eq_c_and_u_lt_gamma
2p7B,princeton-nlp/Sheared-LLaMA-2.7B,32000,gumbel,stored_gumbel_pivot,calibration_exact_null,h_spike_0.05,h^sp_.05,diagnostic_fixed_spike_likelihood,not_applicable,,,100,10000,0.05,0.0021795584524175416,-4.431258241441369,1.0,1,500,0.05,score_gt_c_or_score_eq_c_and_u_lt_gamma
2p7B,princeton-nlp/Sheared-LLaMA-2.7B,32000,gumbel,stored_gumbel_pivot,released_raw_empirical_null,h_spike_0.05,h^sp_.05,diagnostic_fixed_spike_likelihood,not_applicable,,,100,500,0.046,0.009377840251121315,-4.431258241441369,1.0,0,23,0.046,score_gt_c_or_score_eq_c_and_u_lt_gamma
2p7B,princeton-nlp/Sheared-LLaMA-2.7B,32000,gumbel,stored_gumbel_pivot,released_watermarked,h_spike_0.05,h^sp_.05,diagnostic_fixed_spike_likelihood,not_applicable,,,100,500,0.25,0.019384310743640384,-4.431258241441369,1.0,0,125,0.25,score_gt_c_or_score_eq_c_and_u_lt_gamma
2p7B,princeton-nlp/Sheared-LLaMA-2.7B,32000,gumbel,stored_gumbel_pivot,calibration_exact_null,h_spike_0.05,h^sp_.05,diagnostic_fixed_spike_likelihood,not_applicable,,,200,10000,0.05,0.0021795584524175416,-9.315561328160692,1.0,1,500,0.05,score_gt_c_or_score_eq_c_and_u_lt_gamma
2p7B,princeton-nlp/Sheared-LLaMA-2.7B,32000,gumbel,stored_gumbel_pivot,released_raw_empirical_null,h_spike_0.05,h^sp_.05,diagnostic_fixed_spike_likelihood,not_applicable,,,200,500,0.046,0.009377840251121315,-9.315561328160692,1.0,0,23,0.046,score_gt_c_or_score_eq_c_and_u_lt_gamma
2p7B,princeton-nlp/Sheared-LLaMA-2.7B,32000,gumbel,stored_gumbel_pivot,released_watermarked,h_spike_0.05,h^sp_.05,diagnostic_fixed_spike_likelihood,not_applicable,,,200,500,0.384,0.02177236946554712,-9.315561328160692,1.0,0,192,0.384,score_gt_c_or_score_eq_c_and_u_lt_gamma
2p7B,princeton-nlp/Sheared-LLaMA-2.7B,32000,gumbel,stored_gumbel_pivot,calibration_exact_null,bayes_tokenwise,"Bayes, tokenwise Delta",bayesian,uniform,0.0,0.1,50,10000,0.05,0.0021795584524175416,-2.0496937171832816,1.0,1,500,0.05,score_gt_c_or_score_eq_c_and_u_lt_gamma
2p7B,princeton-nlp/Sheared-LLaMA-2.7B,32000,gumbel,stored_gumbel_pivot,released_raw_empirical_null,bayes_tokenwise,"Bayes, tokenwise Delta",bayesian,uniform,0.0,0.1,50,500,0.062,0.010795605132662119,-2.0496937171832816,1.0,0,31,0.062,score_gt_c_or_score_eq_c_and_u_lt_gamma
2p7B,princeton-nlp/Sheared-LLaMA-2.7B,32000,gumbel,stored_gumbel_pivot,released_watermarked,bayes_tokenwise,"Bayes, tokenwise Delta",bayesian,uniform,0.0,0.1,50,500,0.154,0.016158285192455334,-2.0496937171832816,1.0,0,77,0.154,score_gt_c_or_score_eq_c_and_u_lt_gamma
2p7B,princeton-nlp/Sheared-LLaMA-2.7B,32000,gumbel,stored_gumbel_pivot,calibration_exact_null,bayes_tokenwise,"Bayes, tokenwise Delta",bayesian,uniform,0.0,0.1,100,10000,0.05,0.0021795584524175416,-4.436711855080819,1.0,1,500,0.05,score_gt_c_or_score_eq_c_and_u_lt_gamma
2p7B,princeton-nlp/Sheared-LLaMA-2.7B,32000,gumbel,stored_gumbel_pivot,released_raw_empirical_null,bayes_tokenwise,"Bayes, tokenwise Delta",bayesian,uniform,0.0,0.1,100,500,0.048,0.009569490597759172,-4.436711855080819,1.0,0,24,0.048,score_gt_c_or_score_eq_c_and_u_lt_gamma
2p7B,princeton-nlp/Sheared-LLaMA-2.7B,32000,gumbel,stored_gumbel_pivot,released_watermarked,bayes_tokenwise,"Bayes, tokenwise Delta",bayesian,uniform,0.0,0.1,100,500,0.258,0.019586711785215868,-4.436711855080819,1.0,0,129,0.258,score_gt_c_or_score_eq_c_and_u_lt_gamma
2p7B,princeton-nlp/Sheared-LLaMA-2.7B,32000,gumbel,stored_gumbel_pivot,calibration_exact_null,bayes_tokenwise,"Bayes, tokenwise Delta",bayesian,uniform,0.0,0.1,200,10000,0.05,0.0021795584524175416,-9.31051884414306,1.0,1,500,0.05,score_gt_c_or_score_eq_c_and_u_lt_gamma
2p7B,princeton-nlp/Sheared-LLaMA-2.7B,32000,gumbel,stored_gumbel_pivot,released_raw_empirical_null,bayes_tokenwise,"Bayes, tokenwise Delta",bayesian,uniform,0.0,0.1,200,500,0.044,0.009181317617116443,-9.31051884414306,1.0,0,22,0.044,score_gt_c_or_score_eq_c_and_u_lt_gamma
2p7B,princeton-nlp/Sheared-LLaMA-2.7B,32000,gumbel,stored_gumbel_pivot,released_watermarked,bayes_tokenwise,"Bayes, tokenwise Delta",bayesian,uniform,0.0,0.1,200,500,0.382,0.021750820591250927,-9.31051884414306,1.0,0,191,0.382,score_gt_c_or_score_eq_c_and_u_lt_gamma
2p7B,princeton-nlp/Sheared-LLaMA-2.7B,32000,gumbel,stored_gumbel_pivot,calibration_exact_null,bayes_tokenwise_dirichlet,"Bayes, tokenwise Delta + Dirichlet alpha",bayesian_dirichlet_tail,uniform,0.0,0.1,50,10000,0.05,0.002179558452417541,-2.0166717290363843,1.0,1,500,0.05,score_gt_c_or_score_eq_c_and_u_lt_gamma
2p7B,princeton-nlp/Sheared-LLaMA-2.7B,32000,gumbel,stored_gumbel_pivot,released_raw_empirical_null,bayes_tokenwise_dirichlet,"Bayes, tokenwise Delta + Dirichlet alpha",bayesian_dirichlet_tail,uniform,0.0,0.1,50,500,0.056,0.01029271002989587,-2.0166717290363843,1.0,0,28,0.056,score_gt_c_or_score_eq_c_and_u_lt_gamma
2p7B,princeton-nlp/Sheared-LLaMA-2.7B,32000,gumbel,stored_gumbel_pivot,released_watermarked,bayes_tokenwise_dirichlet,"Bayes, tokenwise Delta + Dirichlet alpha",bayesian_dirichlet_tail,uniform,0.0,0.1,50,500,0.144,0.015716934945725784,-2.0166717290363843,1.0,0,72,0.144,score_gt_c_or_score_eq_c_and_u_lt_gamma
2p7B,princeton-nlp/Sheared-LLaMA-2.7B,32000,gumbel,stored_gumbel_pivot,calibration_exact_null,bayes_tokenwise_dirichlet,"Bayes, tokenwise Delta + Dirichlet alpha",bayesian_dirichlet_tail,uniform,0.0,0.1,100,10000,0.05,0.002179558452417541,-4.349004456172377,1.0,1,500,0.05,score_gt_c_or_score_eq_c_and_u_lt_gamma
2p7B,princeton-nlp/Sheared-LLaMA-2.7B,32000,gumbel,stored_gumbel_pivot,released_raw_empirical_null,bayes_tokenwise_dirichlet,"Bayes, tokenwise Delta + Dirichlet alpha",bayesian_dirichlet_tail,uniform,0.0,0.1,100,500,0.05,0.009756555783754993,-4.349004456172377,1.0,0,25,0.05,score_gt_c_or_score_eq_c_and_u_lt_gamma
2p7B,princeton-nlp/Sheared-LLaMA-2.7B,32000,gumbel,stored_gumbel_pivot,released_watermarked,bayes_tokenwise_dirichlet,"Bayes, tokenwise Delta + Dirichlet alpha",bayesian_dirichlet_tail,uniform,0.0,0.1,100,500,0.24,0.019118866653759798,-4.349004456172377,1.0,0,120,0.24,score_gt_c_or_score_eq_c_and_u_lt_gamma
2p7B,princeton-nlp/Sheared-LLaMA-2.7B,32000,gumbel,stored_gumbel_pivot,calibration_exact_null,bayes_tokenwise_dirichlet,"Bayes, tokenwise Delta + Dirichlet alpha",bayesian_dirichlet_tail,uniform,0.0,0.1,200,10000,0.05,0.0021795584524175416,-9.093340941732091,1.0,1,500,0.05,score_gt_c_or_score_eq_c_and_u_lt_gamma
2p7B,princeton-nlp/Sheared-LLaMA-2.7B,32000,gumbel,stored_gumbel_pivot,released_raw_empirical_null,bayes_tokenwise_dirichlet,"Bayes, tokenwise Delta + Dirichlet alpha",bayesian_dirichlet_tail,uniform,0.0,0.1,200,500,0.046,0.009377840251121315,-9.093340941732091,1.0,0,23,0.046,score_gt_c_or_score_eq_c_and_u_lt_gamma
2p7B,princeton-nlp/Sheared-LLaMA-2.7B,32000,gumbel,stored_gumbel_pivot,released_watermarked,bayes_tokenwise_dirichlet,"Bayes, tokenwise Delta + Dirichlet alpha",bayesian_dirichlet_tail,uniform,0.0,0.1,200,500,0.346,0.021294951277234693,-9.093340941732091,1.0,0,173,0.346,score_gt_c_or_score_eq_c_and_u_lt_gamma
2p7B,princeton-nlp/Sheared-LLaMA-2.7B,32000,gumbel,stored_gumbel_pivot,calibration_exact_null,h_gum_star_0.1,"h*_gum,.1",reference_score,not_applicable,,,50,10000,0.05,0.0021795584524175416,1.3251478199694908,1.0,1,500,0.05,score_gt_c_or_score_eq_c_and_u_lt_gamma
2p7B,princeton-nlp/Sheared-LLaMA-2.7B,32000,gumbel,stored_gumbel_pivot,released_raw_empirical_null,h_gum_star_0.1,"h*_gum,.1",reference_score,not_applicable,,,50,500,0.042,0.008979602804860922,1.3251478199694908,1.0,0,21,0.042,score_gt_c_or_score_eq_c_and_u_lt_gamma
2p7B,princeton-nlp/Sheared-LLaMA-2.7B,32000,gumbel,stored_gumbel_pivot,released_watermarked,h_gum_star_0.1,"h*_gum,.1",reference_score,not_applicable,,,50,500,0.242,0.019173085678337164,1.3251478199694908,1.0,0,121,0.242,score_gt_c_or_score_eq_c_and_u_lt_gamma
2p7B,princeton-nlp/Sheared-LLaMA-2.7B,32000,gumbel,stored_gumbel_pivot,calibration_exact_null,h_gum_star_0.1,"h*_gum,.1",reference_score,not_applicable,,,100,10000,0.05,0.0021795584524175416,0.929106577525636,1.0,1,500,0.05,score_gt_c_or_score_eq_c_and_u_lt_gamma
2p7B,princeton-nlp/Sheared-LLaMA-2.7B,32000,gumbel,stored_gumbel_pivot,released_raw_empirical_null,h_gum_star_0.1,"h*_gum,.1",reference_score,not_applicable,,,100,500,0.064,0.01095664621097098,0.929106577525636,1.0,0,32,0.064,score_gt_c_or_score_eq_c_and_u_lt_gamma
2p7B,princeton-nlp/Sheared-LLaMA-2.7B,32000,gumbel,stored_gumbel_pivot,released_watermarked,h_gum_star_0.1,"h*_gum,.1",reference_score,not_applicable,,,100,500,0.33,0.021049612166134782,0.929106577525636,1.0,0,165,0.33,score_gt_c_or_score_eq_c_and_u_lt_gamma
2p7B,princeton-nlp/Sheared-LLaMA-2.7B,32000,gumbel,stored_gumbel_pivot,calibration_exact_null,h_gum_star_0.1,"h*_gum,.1",reference_score,not_applicable,,,200,10000,0.05,0.0021795584524175416,-0.2985494214508161,1.0,1,500,0.05,score_gt_c_or_score_eq_c_and_u_lt_gamma
2p7B,princeton-nlp/Sheared-LLaMA-2.7B,32000,gumbel,stored_gumbel_pivot,released_raw_empirical_null,h_gum_star_0.1,"h*_gum,.1",reference_score,not_applicable,,,200,500,0.04,0.008772337648291433,-0.2985494214508161,1.0,0,20,0.04,score_gt_c_or_score_eq_c_and_u_lt_gamma
2p7B,princeton-nlp/Sheared-LLaMA-2.7B,32000,gumbel,stored_gumbel_pivot,released_watermarked,h_gum_star_0.1,"h*_gum,.1",reference_score,not_applicable,,,200,500,0.468,0.022337186479044296,-0.2985494214508161,1.0,0,234,0.468,score_gt_c_or_score_eq_c_and_u_lt_gamma
2p7B,princeton-nlp/Sheared-LLaMA-2.7B,32000,gumbel,stored_gumbel_pivot,calibration_exact_null,bayes_shared,"Bayes, shared Delta",bayesian,uniform,0.0,0.1,50,10000,0.05,0.0021795584524175416,-1.4162937098911632,1.0,1,500,0.05,score_gt_c_or_score_eq_c_and_u_lt_gamma
2p7B,princeton-nlp/Sheared-LLaMA-2.7B,32000,gumbel,stored_gumbel_pivot,released_raw_empirical_null,bayes_shared,"Bayes, shared Delta",bayesian,uniform,0.0,0.1,50,500,0.058,0.010463793860924815,-1.4162937098911632,1.0,0,29,0.058,score_gt_c_or_score_eq_c_and_u_lt_gamma
2p7B,princeton-nlp/Sheared-LLaMA-2.7B,32000,gumbel,stored_gumbel_pivot,released_watermarked,bayes_shared,"Bayes, shared Delta",bayesian,uniform,0.0,0.1,50,500,0.154,0.016158285192455334,-1.4162937098911632,1.0,0,77,0.154,score_gt_c_or_score_eq_c_and_u_lt_gamma
2p7B,princeton-nlp/Sheared-LLaMA-2.7B,32000,gumbel,stored_gumbel_pivot,calibration_exact_null,bayes_shared,"Bayes, shared Delta",bayesian,uniform,0.0,0.1,100,10000,0.05,0.0021795584524175416,-2.1538958791241716,1.0,1,500,0.05,score_gt_c_or_score_eq_c_and_u_lt_gamma
2p7B,princeton-nlp/Sheared-LLaMA-2.7B,32000,gumbel,stored_gumbel_pivot,released_raw_empirical_null,bayes_shared,"Bayes, shared Delta",bayesian,uniform,0.0,0.1,100,500,0.046,0.009377840251121315,-2.1538958791241716,1.0,0,23,0.046,score_gt_c_or_score_eq_c_and_u_lt_gamma
2p7B,princeton-nlp/Sheared-LLaMA-2.7B,32000,gumbel,stored_gumbel_pivot,released_watermarked,bayes_shared,"Bayes, shared Delta",bayesian,uniform,0.0,0.1,100,500,0.25,0.019384310743640384,-2.1538958791241716,1.0,0,125,0.25,score_gt_c_or_score_eq_c_and_u_lt_gamma
2p7B,princeton-nlp/Sheared-LLaMA-2.7B,32000,gumbel,stored_gumbel_pivot,calibration_exact_null,bayes_shared,"Bayes, shared Delta",bayesian,uniform,0.0,0.1,200,10000,0.05,0.0021795584524175416,-2.885886810733687,1.0,1,500,0.05,score_gt_c_or_score_eq_c_and_u_lt_gamma
2p7B,princeton-nlp/Sheared-LLaMA-2.7B,32000,gumbel,stored_gumbel_pivot,released_raw_empirical_null,bayes_shared,"Bayes, shared Delta",bayesian,uniform,0.0,0.1,200,500,0.048,0.009569490597759172,-2.885886810733687,1.0,0,24,0.048,score_gt_c_or_score_eq_c_and_u_lt_gamma
2p7B,princeton-nlp/Sheared-LLaMA-2.7B,32000,gumbel,stored_gumbel_pivot,released_watermarked,bayes_shared,"Bayes, shared Delta",bayesian,uniform,0.0,0.1,200,500,0.384,0.02177236946554712,-2.885886810733687,1.0,0,192,0.384,score_gt_c_or_score_eq_c_and_u_lt_gamma
2p7B,princeton-nlp/Sheared-LLaMA-2.7B,32000,gumbel,stored_gumbel_pivot,calibration_exact_null,bayes_shared_dirichlet,"Bayes, shared Delta + Dirichlet alpha",bayesian_dirichlet_tail,uniform,0.0,0.1,50,10000,0.05,0.0021795584524175416,-1.4054040513709856,1.0,1,500,0.05,score_gt_c_or_score_eq_c_and_u_lt_gamma
2p7B,princeton-nlp/Sheared-LLaMA-2.7B,32000,gumbel,stored_gumbel_pivot,released_raw_empirical_null,bayes_shared_dirichlet,"Bayes, shared Delta + Dirichlet alpha",bayesian_dirichlet_tail,uniform,0.0,0.1,50,500,0.054,0.010117941761592716,-1.4054040513709856,1.0,0,27,0.054,score_gt_c_or_score_eq_c_and_u_lt_gamma
2p7B,princeton-nlp/Sheared-LLaMA-2.7B,32000,gumbel,stored_gumbel_pivot,released_watermarked,bayes_shared_dirichlet,"Bayes, shared Delta + Dirichlet alpha",bayesian_dirichlet_tail,uniform,0.0,0.1,50,500,0.14,0.015533272840269705,-1.4054040513709856,1.0,0,70,0.14,score_gt_c_or_score_eq_c_and_u_lt_gamma
2p7B,princeton-nlp/Sheared-LLaMA-2.7B,32000,gumbel,stored_gumbel_pivot,calibration_exact_null,bayes_shared_dirichlet,"Bayes, shared Delta + Dirichlet alpha",bayesian_dirichlet_tail,uniform,0.0,0.1,100,10000,0.05,0.0021795584524175416,-2.14572925866449,1.0,1,500,0.05,score_gt_c_or_score_eq_c_and_u_lt_gamma
2p7B,princeton-nlp/Sheared-LLaMA-2.7B,32000,gumbel,stored_gumbel_pivot,released_raw_empirical_null,bayes_shared_dirichlet,"Bayes, shared Delta + Dirichlet alpha",bayesian_dirichlet_tail,uniform,0.0,0.1,100,500,0.05,0.009756555783754993,-2.14572925866449,1.0,0,25,0.05,score_gt_c_or_score_eq_c_and_u_lt_gamma
2p7B,princeton-nlp/Sheared-LLaMA-2.7B,32000,gumbel,stored_gumbel_pivot,released_watermarked,bayes_shared_dirichlet,"Bayes, shared Delta + Dirichlet alpha",bayesian_dirichlet_tail,uniform,0.0,0.1,100,500,0.26,0.01963596552972553,-2.14572925866449,1.0,0,130,0.26,score_gt_c_or_score_eq_c_and_u_lt_gamma
2p7B,princeton-nlp/Sheared-LLaMA-2.7B,32000,gumbel,stored_gumbel_pivot,calibration_exact_null,bayes_shared_dirichlet,"Bayes, shared Delta + Dirichlet alpha",bayesian_dirichlet_tail,uniform,0.0,0.1,200,10000,0.05,0.0021795584524175416,-2.877750353464216,1.0,1,500,0.05,score_gt_c_or_score_eq_c_and_u_lt_gamma
2p7B,princeton-nlp/Sheared-LLaMA-2.7B,32000,gumbel,stored_gumbel_pivot,released_raw_empirical_null,bayes_shared_dirichlet,"Bayes, shared Delta + Dirichlet alpha",bayesian_dirichlet_tail,uniform,0.0,0.1,200,500,0.036,0.008339490043664344,-2.877750353464216,1.0,0,18,0.036,score_gt_c_or_score_eq_c_and_u_lt_gamma
2p7B,princeton-nlp/Sheared-LLaMA-2.7B,32000,gumbel,stored_gumbel_pivot,released_watermarked,bayes_shared_dirichlet,"Bayes, shared Delta + Dirichlet alpha",bayesian_dirichlet_tail,uniform,0.0,0.1,200,500,0.376,0.02168382753928621,-2.877750353464216,1.0,0,188,0.376,score_gt_c_or_score_eq_c_and_u_lt_gamma
2p7B,princeton-nlp/Sheared-LLaMA-2.7B,32000,inverse,formal_eta_j_over_v_minus_1,calibration_exact_null,h_neg,h_neg,reference_score,not_applicable,,,50,10000,0.05,0.0021795584524175416,-13.933908014522588,1.0,1,500,0.05,score_gt_c_or_score_eq_c_and_u_lt_gamma
2p7B,princeton-nlp/Sheared-LLaMA-2.7B,32000,inverse,formal_eta_j_over_v_minus_1,released_raw_empirical_null,h_neg,h_neg,reference_score,not_applicable,,,50,500,0.048,0.00956949059775917,-13.933908014522588,1.0,0,24,0.048,score_gt_c_or_score_eq_c_and_u_lt_gamma
2p7B,princeton-nlp/Sheared-LLaMA-2.7B,32000,inverse,formal_eta_j_over_v_minus_1,released_watermarked,h_neg,h_neg,reference_score,not_applicable,,,50,500,0.16,0.016411540980502393,-13.933908014522588,1.0,0,80,0.16,score_gt_c_or_score_eq_c_and_u_lt_gamma
2p7B,princeton-nlp/Sheared-LLaMA-2.7B,32000,inverse,formal_eta_j_over_v_minus_1,calibration_exact_null,h_neg,h_neg,reference_score,not_applicable,,,100,10000,0.05,0.0021795584524175416,-29.46679056545899,1.0,1,500,0.05,score_gt_c_or_score_eq_c_and_u_lt_gamma
2p7B,princeton-nlp/Sheared-LLaMA-2.7B,32000,inverse,formal_eta_j_over_v_minus_1,released_raw_empirical_null,h_neg,h_neg,reference_score,not_applicable,,,100,500,0.026,0.007123868260853508,-29.46679056545899,1.0,0,13,0.026,score_gt_c_or_score_eq_c_and_u_lt_gamma
2p7B,princeton-nlp/Sheared-LLaMA-2.7B,32000,inverse,formal_eta_j_over_v_minus_1,released_watermarked,h_neg,h_neg,reference_score,not_applicable,,,100,500,0.27,0.019874354831287473,-29.46679056545899,1.0,0,135,0.27,score_gt_c_or_score_eq_c_and_u_lt_gamma
2p7B,princeton-nlp/Sheared-LLaMA-2.7B,32000,inverse,formal_eta_j_over_v_minus_1,calibration_exact_null,h_neg,h_neg,reference_score,not_applicable,,,200,10000,0.05,0.0021795584524175416,-61.23762126399025,1.0,1,500,0.05,score_gt_c_or_score_eq_c_and_u_lt_gamma
2p7B,princeton-nlp/Sheared-LLaMA-2.7B,32000,inverse,formal_eta_j_over_v_minus_1,released_raw_empirical_null,h_neg,h_neg,reference_score,not_applicable,,,200,500,0.042,0.008979602804860922,-61.23762126399025,1.0,0,21,0.042,score_gt_c_or_score_eq_c_and_u_lt_gamma
2p7B,princeton-nlp/Sheared-LLaMA-2.7B,32000,inverse,formal_eta_j_over_v_minus_1,released_watermarked,h_neg,h_neg,reference_score,not_applicable,,,200,500,0.394,0.02187429930168918,-61.23762126399025,1.0,0,197,0.394,score_gt_c_or_score_eq_c_and_u_lt_gamma
2p7B,princeton-nlp/Sheared-LLaMA-2.7B,32000,inverse,formal_eta_j_over_v_minus_1,calibration_exact_null,h_dif_star_0.1,"h*_dif,.1",reference_score,not_applicable,,,50,10000,0.05,0.002179558452417541,1.5608442030358662,1.0,1,500,0.05,score_gt_c_or_score_eq_c_and_u_lt_gamma
2p7B,princeton-nlp/Sheared-LLaMA-2.7B,32000,inverse,formal_eta_j_over_v_minus_1,released_raw_empirical_null,h_dif_star_0.1,"h*_dif,.1",reference_score,not_applicable,,,50,500,0.04,0.008772337648291433,1.5608442030358662,1.0,0,20,0.04,score_gt_c_or_score_eq_c_and_u_lt_gamma
2p7B,princeton-nlp/Sheared-LLaMA-2.7B,32000,inverse,formal_eta_j_over_v_minus_1,released_watermarked,h_dif_star_0.1,"h*_dif,.1",reference_score,not_applicable,,,50,500,0.108,0.013894535480989097,1.5608442030358662,1.0,0,54,0.108,score_gt_c_or_score_eq_c_and_u_lt_gamma
2p7B,princeton-nlp/Sheared-LLaMA-2.7B,32000,inverse,formal_eta_j_over_v_minus_1,calibration_exact_null,h_dif_star_0.1,"h*_dif,.1",reference_score,not_applicable,,,100,10000,0.05,0.0021795584524175416,1.6326704967926258,1.0,1,500,0.05,score_gt_c_or_score_eq_c_and_u_lt_gamma
2p7B,princeton-nlp/Sheared-LLaMA-2.7B,32000,inverse,formal_eta_j_over_v_minus_1,released_raw_empirical_null,h_dif_star_0.1,"h*_dif,.1",reference_score,not_applicable,,,100,500,0.038,0.008559118940292168,1.6326704967926258,1.0,0,19,0.038,score_gt_c_or_score_eq_c_and_u_lt_gamma
2p7B,princeton-nlp/Sheared-LLaMA-2.7B,32000,inverse,formal_eta_j_over_v_minus_1,released_watermarked,h_dif_star_0.1,"h*_dif,.1",reference_score,not_applicable,,,100,500,0.232,0.018896193591952035,1.6326704967926258,1.0,0,116,0.232,score_gt_c_or_score_eq_c_and_u_lt_gamma
2p7B,princeton-nlp/Sheared-LLaMA-2.7B,32000,inverse,formal_eta_j_over_v_minus_1,calibration_exact_null,h_dif_star_0.1,"h*_dif,.1",reference_score,not_applicable,,,200,10000,0.05,0.0021795584524175416,-0.21009759196472577,1.0,1,500,0.05,score_gt_c_or_score_eq_c_and_u_lt_gamma
2p7B,princeton-nlp/Sheared-LLaMA-2.7B,32000,inverse,formal_eta_j_over_v_minus_1,released_raw_empirical_null,h_dif_star_0.1,"h*_dif,.1",reference_score,not_applicable,,,200,500,0.03,0.007636532803997706,-0.21009759196472577,1.0,0,15,0.03,score_gt_c_or_score_eq_c_and_u_lt_gamma
2p7B,princeton-nlp/Sheared-LLaMA-2.7B,32000,inverse,formal_eta_j_over_v_minus_1,released_watermarked,h_dif_star_0.1,"h*_dif,.1",reference_score,not_applicable,,,200,500,0.296,0.020435342091896225,-0.21009759196472577,1.0,0,148,0.296,score_gt_c_or_score_eq_c_and_u_lt_gamma
2p7B,princeton-nlp/Sheared-LLaMA-2.7B,32000,inverse,formal_eta_j_over_v_minus_1,calibration_exact_null,h_dif_star_0.01,"h*_dif,.01",reference_score,not_applicable,,,50,10000,0.05,0.0021795584524175416,0.19544029805096177,1.0,1,500,0.05,score_gt_c_or_score_eq_c_and_u_lt_gamma
2p7B,princeton-nlp/Sheared-LLaMA-2.7B,32000,inverse,formal_eta_j_over_v_minus_1,released_raw_empirical_null,h_dif_star_0.01,"h*_dif,.01",reference_score,not_applicable,,,50,500,0.04,0.008772337648291433,0.19544029805096177,1.0,0,20,0.04,score_gt_c_or_score_eq_c_and_u_lt_gamma
2p7B,princeton-nlp/Sheared-LLaMA-2.7B,32000,inverse,formal_eta_j_over_v_minus_1,released_watermarked,h_dif_star_0.01,"h*_dif,.01",reference_score,not_applicable,,,50,500,0.118,0.014441922942480794,0.19544029805096177,1.0,0,59,0.118,score_gt_c_or_score_eq_c_and_u_lt_gamma
2p7B,princeton-nlp/Sheared-LLaMA-2.7B,32000,inverse,formal_eta_j_over_v_minus_1,calibration_exact_null,h_dif_star_0.01,"h*_dif,.01",reference_score,not_applicable,,,100,10000,0.05,0.0021795584524175416,0.2991196266587171,1.0,1,500,0.05,score_gt_c_or_score_eq_c_and_u_lt_gamma
2p7B,princeton-nlp/Sheared-LLaMA-2.7B,32000,inverse,formal_eta_j_over_v_minus_1,released_raw_empirical_null,h_dif_star_0.01,"h*_dif,.01",reference_score,not_applicable,,,100,500,0.048,0.009569490597759172,0.2991196266587171,1.0,0,24,0.048,score_gt_c_or_score_eq_c_and_u_lt_gamma
2p7B,princeton-nlp/Sheared-LLaMA-2.7B,32000,inverse,formal_eta_j_over_v_minus_1,released_watermarked,h_dif_star_0.01,"h*_dif,.01",reference_score,not_applicable,,,100,500,0.262,0.019684688820194637,0.2991196266587171,1.0,0,131,0.262,score_gt_c_or_score_eq_c_and_u_lt_gamma
2p7B,princeton-nlp/Sheared-LLaMA-2.7B,32000,inverse,formal_eta_j_over_v_minus_1,calibration_exact_null,h_dif_star_0.01,"h*_dif,.01",reference_score,not_applicable,,,200,10000,0.05,0.002179558452417541,0.45854094647683846,1.0,1,500,0.05,score_gt_c_or_score_eq_c_and_u_lt_gamma
2p7B,princeton-nlp/Sheared-LLaMA-2.7B,32000,inverse,formal_eta_j_over_v_minus_1,released_raw_empirical_null,h_dif_star_0.01,"h*_dif,.01",reference_score,not_applicable,,,200,500,0.032,0.007878842066230875,0.45854094647683846,1.0,0,16,0.032,score_gt_c_or_score_eq_c_and_u_lt_gamma
2p7B,princeton-nlp/Sheared-LLaMA-2.7B,32000,inverse,formal_eta_j_over_v_minus_1,released_watermarked,h_dif_star_0.01,"h*_dif,.01",reference_score,not_applicable,,,200,500,0.346,0.021294951277234693,0.45854094647683846,1.0,0,173,0.346,score_gt_c_or_score_eq_c_and_u_lt_gamma
2p7B,princeton-nlp/Sheared-LLaMA-2.7B,32000,inverse,formal_eta_j_over_v_minus_1,calibration_exact_null,h_dif_star_0.001,"h*_dif,.001",reference_score,not_applicable,,,50,10000,0.05,0.002179558452417541,0.019803126064645803,1.0,1,500,0.05,score_gt_c_or_score_eq_c_and_u_lt_gamma
2p7B,princeton-nlp/Sheared-LLaMA-2.7B,32000,inverse,formal_eta_j_over_v_minus_1,released_raw_empirical_null,h_dif_star_0.001,"h*_dif,.001",reference_score,not_applicable,,,50,500,0.04,0.008772337648291433,0.019803126064645803,1.0,0,20,0.04,score_gt_c_or_score_eq_c_and_u_lt_gamma
2p7B,princeton-nlp/Sheared-LLaMA-2.7B,32000,inverse,formal_eta_j_over_v_minus_1,released_watermarked,h_dif_star_0.001,"h*_dif,.001",reference_score,not_applicable,,,50,500,0.118,0.014441922942480794,0.019803126064645803,1.0,0,59,0.118,score_gt_c_or_score_eq_c_and_u_lt_gamma
2p7B,princeton-nlp/Sheared-LLaMA-2.7B,32000,inverse,formal_eta_j_over_v_minus_1,calibration_exact_null,h_dif_star_0.001,"h*_dif,.001",reference_score,not_applicable,,,100,10000,0.05,0.0021795584524175416,0.03075845011838073,1.0,1,500,0.05,score_gt_c_or_score_eq_c_and_u_lt_gamma
2p7B,princeton-nlp/Sheared-LLaMA-2.7B,32000,inverse,formal_eta_j_over_v_minus_1,released_raw_empirical_null,h_dif_star_0.001,"h*_dif,.001",reference_score,not_applicable,,,100,500,0.044,0.009181317617116443,0.03075845011838073,1.0,0,22,0.044,score_gt_c_or_score_eq_c_and_u_lt_gamma
2p7B,princeton-nlp/Sheared-LLaMA-2.7B,32000,inverse,formal_eta_j_over_v_minus_1,released_watermarked,h_dif_star_0.001,"h*_dif,.001",reference_score,not_applicable,,,100,500,0.262,0.019684688820194637,0.03075845011838073,1.0,0,131,0.262,score_gt_c_or_score_eq_c_and_u_lt_gamma
2p7B,princeton-nlp/Sheared-LLaMA-2.7B,32000,inverse,formal_eta_j_over_v_minus_1,calibration_exact_null,h_dif_star_0.001,"h*_dif,.001",reference_score,not_applicable,,,200,10000,0.05,0.0021795584524175416,0.04820762665079014,1.0,1,500,0.05,score_gt_c_or_score_eq_c_and_u_lt_gamma
2p7B,princeton-nlp/Sheared-LLaMA-2.7B,32000,inverse,formal_eta_j_over_v_minus_1,released_raw_empirical_null,h_dif_star_0.001,"h*_dif,.001",reference_score,not_applicable,,,200,500,0.028,0.0073851934412260765,0.04820762665079014,1.0,0,14,0.028,score_gt_c_or_score_eq_c_and_u_lt_gamma
2p7B,princeton-nlp/Sheared-LLaMA-2.7B,32000,inverse,formal_eta_j_over_v_minus_1,released_watermarked,h_dif_star_0.001,"h*_dif,.001",reference_score,not_applicable,,,200,500,0.352,0.021380042385946048,0.04820762665079014,1.0,0,176,0.352,score_gt_c_or_score_eq_c_and_u_lt_gamma
2p7B,princeton-nlp/Sheared-LLaMA-2.7B,32000,inverse,formal_eta_j_over_v_minus_1,calibration_exact_null,bayes_tokenwise,"Bayes, tokenwise Delta",bayesian,uniform,0.0,0.1,50,10000,0.05,0.0021795584524175416,0.8848637046940647,1.0,1,500,0.05,score_gt_c_or_score_eq_c_and_u_lt_gamma
2p7B,princeton-nlp/Sheared-LLaMA-2.7B,32000,inverse,formal_eta_j_over_v_minus_1,released_raw_empirical_null,bayes_tokenwise,"Bayes, tokenwise Delta",bayesian,uniform,0.0,0.1,50,500,0.04,0.008772337648291433,0.8848637046940647,1.0,0,20,0.04,score_gt_c_or_score_eq_c_and_u_lt_gamma
2p7B,princeton-nlp/Sheared-LLaMA-2.7B,32000,inverse,formal_eta_j_over_v_minus_1,released_watermarked,bayes_tokenwise,"Bayes, tokenwise Delta",bayesian,uniform,0.0,0.1,50,500,0.118,0.014441922942480794,0.8848637046940647,1.0,0,59,0.118,score_gt_c_or_score_eq_c_and_u_lt_gamma
2p7B,princeton-nlp/Sheared-LLaMA-2.7B,32000,inverse,formal_eta_j_over_v_minus_1,calibration_exact_null,bayes_tokenwise,"Bayes, tokenwise Delta",bayesian,uniform,0.0,0.1,100,10000,0.05,0.0021795584524175416,1.2054362578560016,1.0,1,500,0.05,score_gt_c_or_score_eq_c_and_u_lt_gamma
2p7B,princeton-nlp/Sheared-LLaMA-2.7B,32000,inverse,formal_eta_j_over_v_minus_1,released_raw_empirical_null,bayes_tokenwise,"Bayes, tokenwise Delta",bayesian,uniform,0.0,0.1,100,500,0.046,0.009377840251121315,1.2054362578560016,1.0,0,23,0.046,score_gt_c_or_score_eq_c_and_u_lt_gamma
2p7B,princeton-nlp/Sheared-LLaMA-2.7B,32000,inverse,formal_eta_j_over_v_minus_1,released_watermarked,bayes_tokenwise,"Bayes, tokenwise Delta",bayesian,uniform,0.0,0.1,100,500,0.252,0.01943572728224956,1.2054362578560016,1.0,0,126,0.252,score_gt_c_or_score_eq_c_and_u_lt_gamma
2p7B,princeton-nlp/Sheared-LLaMA-2.7B,32000,inverse,formal_eta_j_over_v_minus_1,calibration_exact_null,bayes_tokenwise,"Bayes, tokenwise Delta",bayesian,uniform,0.0,0.1,200,10000,0.05,0.0021795584524175416,1.5119994797514242,1.0,1,500,0.05,score_gt_c_or_score_eq_c_and_u_lt_gamma
2p7B,princeton-nlp/Sheared-LLaMA-2.7B,32000,inverse,formal_eta_j_over_v_minus_1,released_raw_empirical_null,bayes_tokenwise,"Bayes, tokenwise Delta",bayesian,uniform,0.0,0.1,200,500,0.028,0.0073851934412260765,1.5119994797514242,1.0,0,14,0.028,score_gt_c_or_score_eq_c_and_u_lt_gamma
2p7B,princeton-nlp/Sheared-LLaMA-2.7B,32000,inverse,formal_eta_j_over_v_minus_1,released_watermarked,bayes_tokenwise,"Bayes, tokenwise Delta",bayesian,uniform,0.0,0.1,200,500,0.348,0.02132372863280742,1.5119994797514242,1.0,0,174,0.348,score_gt_c_or_score_eq_c_and_u_lt_gamma
2p7B,princeton-nlp/Sheared-LLaMA-2.7B,32000,inverse,formal_eta_j_over_v_minus_1,calibration_exact_null,bayes_shared,"Bayes, shared Delta",bayesian,uniform,0.0,0.1,50,10000,0.05,0.0021795584524175416,0.9603509850545371,1.0,1,500,0.05,score_gt_c_or_score_eq_c_and_u_lt_gamma
2p7B,princeton-nlp/Sheared-LLaMA-2.7B,32000,inverse,formal_eta_j_over_v_minus_1,released_raw_empirical_null,bayes_shared,"Bayes, shared Delta",bayesian,uniform,0.0,0.1,50,500,0.04,0.008772337648291433,0.9603509850545371,1.0,0,20,0.04,score_gt_c_or_score_eq_c_and_u_lt_gamma
2p7B,princeton-nlp/Sheared-LLaMA-2.7B,32000,inverse,formal_eta_j_over_v_minus_1,released_watermarked,bayes_shared,"Bayes, shared Delta",bayesian,uniform,0.0,0.1,50,500,0.118,0.014441922942480794,0.9603509850545371,1.0,0,59,0.118,score_gt_c_or_score_eq_c_and_u_lt_gamma
2p7B,princeton-nlp/Sheared-LLaMA-2.7B,32000,inverse,formal_eta_j_over_v_minus_1,calibration_exact_null,bayes_shared,"Bayes, shared Delta",bayesian,uniform,0.0,0.1,100,10000,0.05,0.0021795584524175416,1.2376414046826785,1.0,1,500,0.05,score_gt_c_or_score_eq_c_and_u_lt_gamma
2p7B,princeton-nlp/Sheared-LLaMA-2.7B,32000,inverse,formal_eta_j_over_v_minus_1,released_raw_empirical_null,bayes_shared,"Bayes, shared Delta",bayesian,uniform,0.0,0.1,100,500,0.042,0.008979602804860922,1.2376414046826785,1.0,0,21,0.042,score_gt_c_or_score_eq_c_and_u_lt_gamma
2p7B,princeton-nlp/Sheared-LLaMA-2.7B,32000,inverse,formal_eta_j_over_v_minus_1,released_watermarked,bayes_shared,"Bayes, shared Delta",bayesian,uniform,0.0,0.1,100,500,0.244,0.01922673489361464,1.2376414046826785,1.0,0,122,0.244,score_gt_c_or_score_eq_c_and_u_lt_gamma
2p7B,princeton-nlp/Sheared-LLaMA-2.7B,32000,inverse,formal_eta_j_over_v_minus_1,calibration_exact_null,bayes_shared,"Bayes, shared Delta",bayesian,uniform,0.0,0.1,200,10000,0.05,0.002179558452417541,1.232859575534134,1.0,1,500,0.05,score_gt_c_or_score_eq_c_and_u_lt_gamma
2p7B,princeton-nlp/Sheared-LLaMA-2.7B,32000,inverse,formal_eta_j_over_v_minus_1,released_raw_empirical_null,bayes_shared,"Bayes, shared Delta",bayesian,uniform,0.0,0.1,200,500,0.03,0.007636532803997706,1.232859575534134,1.0,0,15,0.03,score_gt_c_or_score_eq_c_and_u_lt_gamma
2p7B,princeton-nlp/Sheared-LLaMA-2.7B,32000,inverse,formal_eta_j_over_v_minus_1,released_watermarked,bayes_shared,"Bayes, shared Delta",bayesian,uniform,0.0,0.1,200,500,0.336,0.021144791425048808,1.232859575534134,1.0,0,168,0.336,score_gt_c_or_score_eq_c_and_u_lt_gamma
2p7B,princeton-nlp/Sheared-LLaMA-2.7B,32000,inverse,upstream_shifted_eta_j_minus_1_over_v_minus_1,calibration_exact_null,h_neg,h_neg,reference_score,not_applicable,,,50,10000,0.05,0.0021795584524175416,-13.93409552038214,1.0,1,500,0.05,score_gt_c_or_score_eq_c_and_u_lt_gamma
2p7B,princeton-nlp/Sheared-LLaMA-2.7B,32000,inverse,upstream_shifted_eta_j_minus_1_over_v_minus_1,released_raw_empirical_null,h_neg,h_neg,reference_score,not_applicable,,,50,500,0.048,0.00956949059775917,-13.93409552038214,1.0,0,24,0.048,score_gt_c_or_score_eq_c_and_u_lt_gamma
2p7B,princeton-nlp/Sheared-LLaMA-2.7B,32000,inverse,upstream_shifted_eta_j_minus_1_over_v_minus_1,released_watermarked,h_neg,h_neg,reference_score,not_applicable,,,50,500,0.16,0.016411540980502393,-13.93409552038214,1.0,0,80,0.16,score_gt_c_or_score_eq_c_and_u_lt_gamma
2p7B,princeton-nlp/Sheared-LLaMA-2.7B,32000,inverse,upstream_shifted_eta_j_minus_1_over_v_minus_1,calibration_exact_null,h_neg,h_neg,reference_score,not_applicable,,,100,10000,0.05,0.0021795584524175416,-29.467165577178108,1.0,1,500,0.05,score_gt_c_or_score_eq_c_and_u_lt_gamma
2p7B,princeton-nlp/Sheared-LLaMA-2.7B,32000,inverse,upstream_shifted_eta_j_minus_1_over_v_minus_1,released_raw_empirical_null,h_neg,h_neg,reference_score,not_applicable,,,100,500,0.026,0.007123868260853508,-29.467165577178108,1.0,0,13,0.026,score_gt_c_or_score_eq_c_and_u_lt_gamma
2p7B,princeton-nlp/Sheared-LLaMA-2.7B,32000,inverse,upstream_shifted_eta_j_minus_1_over_v_minus_1,released_watermarked,h_neg,h_neg,reference_score,not_applicable,,,100,500,0.27,0.019874354831287473,-29.467165577178108,1.0,0,135,0.27,score_gt_c_or_score_eq_c_and_u_lt_gamma
2p7B,princeton-nlp/Sheared-LLaMA-2.7B,32000,inverse,upstream_shifted_eta_j_minus_1_over_v_minus_1,calibration_exact_null,h_neg,h_neg,reference_score,not_applicable,,,200,10000,0.05,0.0021795584524175416,-61.23787127180294,1.0,1,500,0.05,score_gt_c_or_score_eq_c_and_u_lt_gamma
2p7B,princeton-nlp/Sheared-LLaMA-2.7B,32000,inverse,upstream_shifted_eta_j_minus_1_over_v_minus_1,released_raw_empirical_null,h_neg,h_neg,reference_score,not_applicable,,,200,500,0.042,0.008979602804860922,-61.23787127180294,1.0,0,21,0.042,score_gt_c_or_score_eq_c_and_u_lt_gamma
2p7B,princeton-nlp/Sheared-LLaMA-2.7B,32000,inverse,upstream_shifted_eta_j_minus_1_over_v_minus_1,released_watermarked,h_neg,h_neg,reference_score,not_applicable,,,200,500,0.394,0.02187429930168918,-61.23787127180294,1.0,0,197,0.394,score_gt_c_or_score_eq_c_and_u_lt_gamma
2p7B,princeton-nlp/Sheared-LLaMA-2.7B,32000,inverse,upstream_shifted_eta_j_minus_1_over_v_minus_1,calibration_exact_null,h_dif_star_0.1,"h*_dif,.1",reference_score,not_applicable,,,50,10000,0.05,0.002179558452417541,1.5607563796129944,1.0,1,500,0.05,score_gt_c_or_score_eq_c_and_u_lt_gamma
2p7B,princeton-nlp/Sheared-LLaMA-2.7B,32000,inverse,upstream_shifted_eta_j_minus_1_over_v_minus_1,released_raw_empirical_null,h_dif_star_0.1,"h*_dif,.1",reference_score,not_applicable,,,50,500,0.04,0.008772337648291433,1.5607563796129944,1.0,0,20,0.04,score_gt_c_or_score_eq_c_and_u_lt_gamma
2p7B,princeton-nlp/Sheared-LLaMA-2.7B,32000,inverse,upstream_shifted_eta_j_minus_1_over_v_minus_1,released_watermarked,h_dif_star_0.1,"h*_dif,.1",reference_score,not_applicable,,,50,500,0.108,0.013894535480989097,1.5607563796129944,1.0,0,54,0.108,score_gt_c_or_score_eq_c_and_u_lt_gamma
2p7B,princeton-nlp/Sheared-LLaMA-2.7B,32000,inverse,upstream_shifted_eta_j_minus_1_over_v_minus_1,calibration_exact_null,h_dif_star_0.1,"h*_dif,.1",reference_score,not_applicable,,,100,10000,0.05,0.0021795584524175416,1.6330317592666066,1.0,1,500,0.05,score_gt_c_or_score_eq_c_and_u_lt_gamma
2p7B,princeton-nlp/Sheared-LLaMA-2.7B,32000,inverse,upstream_shifted_eta_j_minus_1_over_v_minus_1,released_raw_empirical_null,h_dif_star_0.1,"h*_dif,.1",reference_score,not_applicable,,,100,500,0.038,0.008559118940292168,1.6330317592666066,1.0,0,19,0.038,score_gt_c_or_score_eq_c_and_u_lt_gamma
2p7B,princeton-nlp/Sheared-LLaMA-2.7B,32000,inverse,upstream_shifted_eta_j_minus_1_over_v_minus_1,released_watermarked,h_dif_star_0.1,"h*_dif,.1",reference_score,not_applicable,,,100,500,0.232,0.018896193591952035,1.6330317592666066,1.0,0,116,0.232,score_gt_c_or_score_eq_c_and_u_lt_gamma
2p7B,princeton-nlp/Sheared-LLaMA-2.7B,32000,inverse,upstream_shifted_eta_j_minus_1_over_v_minus_1,calibration_exact_null,h_dif_star_0.1,"h*_dif,.1",reference_score,not_applicable,,,200,10000,0.05,0.0021795584524175416,-0.21296214457127705,1.0,1,500,0.05,score_gt_c_or_score_eq_c_and_u_lt_gamma
2p7B,princeton-nlp/Sheared-LLaMA-2.7B,32000,inverse,upstream_shifted_eta_j_minus_1_over_v_minus_1,released_raw_empirical_null,h_dif_star_0.1,"h*_dif,.1",reference_score,not_applicable,,,200,500,0.03,0.007636532803997706,-0.21296214457127705,1.0,0,15,0.03,score_gt_c_or_score_eq_c_and_u_lt_gamma
2p7B,princeton-nlp/Sheared-LLaMA-2.7B,32000,inverse,upstream_shifted_eta_j_minus_1_over_v_minus_1,released_watermarked,h_dif_star_0.1,"h*_dif,.1",reference_score,not_applicable,,,200,500,0.296,0.020435342091896225,-0.21296214457127705,1.0,0,148,0.296,score_gt_c_or_score_eq_c_and_u_lt_gamma
2p7B,princeton-nlp/Sheared-LLaMA-2.7B,32000,inverse,upstream_shifted_eta_j_minus_1_over_v_minus_1,calibration_exact_null,h_dif_star_0.01,"h*_dif,.01",reference_score,not_applicable,,,50,10000,0.05,0.0021795584524175416,0.1954385698595573,1.0,1,500,0.05,score_gt_c_or_score_eq_c_and_u_lt_gamma
2p7B,princeton-nlp/Sheared-LLaMA-2.7B,32000,inverse,upstream_shifted_eta_j_minus_1_over_v_minus_1,released_raw_empirical_null,h_dif_star_0.01,"h*_dif,.01",reference_score,not_applicable,,,50,500,0.04,0.008772337648291433,0.1954385698595573,1.0,0,20,0.04,score_gt_c_or_score_eq_c_and_u_lt_gamma
2p7B,princeton-nlp/Sheared-LLaMA-2.7B,32000,inverse,upstream_shifted_eta_j_minus_1_over_v_minus_1,released_watermarked,h_dif_star_0.01,"h*_dif,.01",reference_score,not_applicable,,,50,500,0.118,0.014441922942480794,0.1954385698595573,1.0,0,59,0.118,score_gt_c_or_score_eq_c_and_u_lt_gamma
2p7B,princeton-nlp/Sheared-LLaMA-2.7B,32000,inverse,upstream_shifted_eta_j_minus_1_over_v_minus_1,calibration_exact_null,h_dif_star_0.01,"h*_dif,.01",reference_score,not_applicable,,,100,10000,0.05,0.0021795584524175416,0.29912825024689893,1.0,1,500,0.05,score_gt_c_or_score_eq_c_and_u_lt_gamma
2p7B,princeton-nlp/Sheared-LLaMA-2.7B,32000,inverse,upstream_shifted_eta_j_minus_1_over_v_minus_1,released_raw_empirical_null,h_dif_star_0.01,"h*_dif,.01",reference_score,not_applicable,,,100,500,0.048,0.009569490597759172,0.29912825024689893,1.0,0,24,0.048,score_gt_c_or_score_eq_c_and_u_lt_gamma
2p7B,princeton-nlp/Sheared-LLaMA-2.7B,32000,inverse,upstream_shifted_eta_j_minus_1_over_v_minus_1,released_watermarked,h_dif_star_0.01,"h*_dif,.01",reference_score,not_applicable,,,100,500,0.262,0.019684688820194637,0.29912825024689893,1.0,0,131,0.262,score_gt_c_or_score_eq_c_and_u_lt_gamma
2p7B,princeton-nlp/Sheared-LLaMA-2.7B,32000,inverse,upstream_shifted_eta_j_minus_1_over_v_minus_1,calibration_exact_null,h_dif_star_0.01,"h*_dif,.01",reference_score,not_applicable,,,200,10000,0.05,0.002179558452417541,0.45886636465062475,1.0,1,500,0.05,score_gt_c_or_score_eq_c_and_u_lt_gamma
2p7B,princeton-nlp/Sheared-LLaMA-2.7B,32000,inverse,upstream_shifted_eta_j_minus_1_over_v_minus_1,released_raw_empirical_null,h_dif_star_0.01,"h*_dif,.01",reference_score,not_applicable,,,200,500,0.032,0.007878842066230875,0.45886636465062475,1.0,0,16,0.032,score_gt_c_or_score_eq_c_and_u_lt_gamma
2p7B,princeton-nlp/Sheared-LLaMA-2.7B,32000,inverse,upstream_shifted_eta_j_minus_1_over_v_minus_1,released_watermarked,h_dif_star_0.01,"h*_dif,.01",reference_score,not_applicable,,,200,500,0.346,0.021294951277234693,0.45886636465062475,1.0,0,173,0.346,score_gt_c_or_score_eq_c_and_u_lt_gamma
2p7B,princeton-nlp/Sheared-LLaMA-2.7B,32000,inverse,upstream_shifted_eta_j_minus_1_over_v_minus_1,calibration_exact_null,h_dif_star_0.001,"h*_dif,.001",reference_score,not_applicable,,,50,10000,0.05,0.002179558452417541,0.019805293101579885,1.0,1,500,0.05,score_gt_c_or_score_eq_c_and_u_lt_gamma
2p7B,princeton-nlp/Sheared-LLaMA-2.7B,32000,inverse,upstream_shifted_eta_j_minus_1_over_v_minus_1,released_raw_empirical_null,h_dif_star_0.001,"h*_dif,.001",reference_score,not_applicable,,,50,500,0.04,0.008772337648291433,0.019805293101579885,1.0,0,20,0.04,score_gt_c_or_score_eq_c_and_u_lt_gamma
2p7B,princeton-nlp/Sheared-LLaMA-2.7B,32000,inverse,upstream_shifted_eta_j_minus_1_over_v_minus_1,released_watermarked,h_dif_star_0.001,"h*_dif,.001",reference_score,not_applicable,,,50,500,0.118,0.014441922942480794,0.019805293101579885,1.0,0,59,0.118,score_gt_c_or_score_eq_c_and_u_lt_gamma
2p7B,princeton-nlp/Sheared-LLaMA-2.7B,32000,inverse,upstream_shifted_eta_j_minus_1_over_v_minus_1,calibration_exact_null,h_dif_star_0.001,"h*_dif,.001",reference_score,not_applicable,,,100,10000,0.05,0.0021795584524175416,0.030755884299906375,1.0,1,500,0.05,score_gt_c_or_score_eq_c_and_u_lt_gamma
2p7B,princeton-nlp/Sheared-LLaMA-2.7B,32000,inverse,upstream_shifted_eta_j_minus_1_over_v_minus_1,released_raw_empirical_null,h_dif_star_0.001,"h*_dif,.001",reference_score,not_applicable,,,100,500,0.044,0.009181317617116443,0.030755884299906375,1.0,0,22,0.044,score_gt_c_or_score_eq_c_and_u_lt_gamma
2p7B,princeton-nlp/Sheared-LLaMA-2.7B,32000,inverse,upstream_shifted_eta_j_minus_1_over_v_minus_1,released_watermarked,h_dif_star_0.001,"h*_dif,.001",reference_score,not_applicable,,,100,500,0.262,0.019684688820194637,0.030755884299906375,1.0,0,131,0.262,score_gt_c_or_score_eq_c_and_u_lt_gamma
2p7B,princeton-nlp/Sheared-LLaMA-2.7B,32000,inverse,upstream_shifted_eta_j_minus_1_over_v_minus_1,calibration_exact_null,h_dif_star_0.001,"h*_dif,.001",reference_score,not_applicable,,,200,10000,0.05,0.0021795584524175416,0.04821465631915826,1.0,1,500,0.05,score_gt_c_or_score_eq_c_and_u_lt_gamma
2p7B,princeton-nlp/Sheared-LLaMA-2.7B,32000,inverse,upstream_shifted_eta_j_minus_1_over_v_minus_1,released_raw_empirical_null,h_dif_star_0.001,"h*_dif,.001",reference_score,not_applicable,,,200,500,0.028,0.0073851934412260765,0.04821465631915826,1.0,0,14,0.028,score_gt_c_or_score_eq_c_and_u_lt_gamma
2p7B,princeton-nlp/Sheared-LLaMA-2.7B,32000,inverse,upstream_shifted_eta_j_minus_1_over_v_minus_1,released_watermarked,h_dif_star_0.001,"h*_dif,.001",reference_score,not_applicable,,,200,500,0.352,0.021380042385946048,0.04821465631915826,1.0,0,176,0.352,score_gt_c_or_score_eq_c_and_u_lt_gamma
2p7B,princeton-nlp/Sheared-LLaMA-2.7B,32000,inverse,upstream_shifted_eta_j_minus_1_over_v_minus_1,calibration_exact_null,bayes_tokenwise,"Bayes, tokenwise Delta",bayesian,uniform,0.0,0.1,50,10000,0.05,0.0021795584524175416,0.8848399000030369,1.0,1,500,0.05,score_gt_c_or_score_eq_c_and_u_lt_gamma
2p7B,princeton-nlp/Sheared-LLaMA-2.7B,32000,inverse,upstream_shifted_eta_j_minus_1_over_v_minus_1,released_raw_empirical_null,bayes_tokenwise,"Bayes, tokenwise Delta",bayesian,uniform,0.0,0.1,50,500,0.04,0.008772337648291433,0.8848399000030369,1.0,0,20,0.04,score_gt_c_or_score_eq_c_and_u_lt_gamma
2p7B,princeton-nlp/Sheared-LLaMA-2.7B,32000,inverse,upstream_shifted_eta_j_minus_1_over_v_minus_1,released_watermarked,bayes_tokenwise,"Bayes, tokenwise Delta",bayesian,uniform,0.0,0.1,50,500,0.118,0.014441922942480794,0.8848399000030369,1.0,0,59,0.118,score_gt_c_or_score_eq_c_and_u_lt_gamma
2p7B,princeton-nlp/Sheared-LLaMA-2.7B,32000,inverse,upstream_shifted_eta_j_minus_1_over_v_minus_1,calibration_exact_null,bayes_tokenwise,"Bayes, tokenwise Delta",bayesian,uniform,0.0,0.1,100,10000,0.05,0.0021795584524175416,1.205401079038866,1.0,1,500,0.05,score_gt_c_or_score_eq_c_and_u_lt_gamma
2p7B,princeton-nlp/Sheared-LLaMA-2.7B,32000,inverse,upstream_shifted_eta_j_minus_1_over_v_minus_1,released_raw_empirical_null,bayes_tokenwise,"Bayes, tokenwise Delta",bayesian,uniform,0.0,0.1,100,500,0.046,0.009377840251121315,1.205401079038866,1.0,0,23,0.046,score_gt_c_or_score_eq_c_and_u_lt_gamma
2p7B,princeton-nlp/Sheared-LLaMA-2.7B,32000,inverse,upstream_shifted_eta_j_minus_1_over_v_minus_1,released_watermarked,bayes_tokenwise,"Bayes, tokenwise Delta",bayesian,uniform,0.0,0.1,100,500,0.252,0.01943572728224956,1.205401079038866,1.0,0,126,0.252,score_gt_c_or_score_eq_c_and_u_lt_gamma
2p7B,princeton-nlp/Sheared-LLaMA-2.7B,32000,inverse,upstream_shifted_eta_j_minus_1_over_v_minus_1,calibration_exact_null,bayes_tokenwise,"Bayes, tokenwise Delta",bayesian,uniform,0.0,0.1,200,10000,0.05,0.0021795584524175416,1.512029840962478,1.0,1,500,0.05,score_gt_c_or_score_eq_c_and_u_lt_gamma
2p7B,princeton-nlp/Sheared-LLaMA-2.7B,32000,inverse,upstream_shifted_eta_j_minus_1_over_v_minus_1,released_raw_empirical_null,bayes_tokenwise,"Bayes, tokenwise Delta",bayesian,uniform,0.0,0.1,200,500,0.028,0.0073851934412260765,1.512029840962478,1.0,0,14,0.028,score_gt_c_or_score_eq_c_and_u_lt_gamma
2p7B,princeton-nlp/Sheared-LLaMA-2.7B,32000,inverse,upstream_shifted_eta_j_minus_1_over_v_minus_1,released_watermarked,bayes_tokenwise,"Bayes, tokenwise Delta",bayesian,uniform,0.0,0.1,200,500,0.348,0.02132372863280742,1.512029840962478,1.0,0,174,0.348,score_gt_c_or_score_eq_c_and_u_lt_gamma
2p7B,princeton-nlp/Sheared-LLaMA-2.7B,32000,inverse,upstream_shifted_eta_j_minus_1_over_v_minus_1,calibration_exact_null,bayes_shared,"Bayes, shared Delta",bayesian,uniform,0.0,0.1,50,10000,0.05,0.0021795584524175416,0.9603306953190232,1.0,1,500,0.05,score_gt_c_or_score_eq_c_and_u_lt_gamma
2p7B,princeton-nlp/Sheared-LLaMA-2.7B,32000,inverse,upstream_shifted_eta_j_minus_1_over_v_minus_1,released_raw_empirical_null,bayes_shared,"Bayes, shared Delta",bayesian,uniform,0.0,0.1,50,500,0.04,0.008772337648291433,0.9603306953190232,1.0,0,20,0.04,score_gt_c_or_score_eq_c_and_u_lt_gamma
2p7B,princeton-nlp/Sheared-LLaMA-2.7B,32000,inverse,upstream_shifted_eta_j_minus_1_over_v_minus_1,released_watermarked,bayes_shared,"Bayes, shared Delta",bayesian,uniform,0.0,0.1,50,500,0.118,0.014441922942480794,0.9603306953190232,1.0,0,59,0.118,score_gt_c_or_score_eq_c_and_u_lt_gamma
2p7B,princeton-nlp/Sheared-LLaMA-2.7B,32000,inverse,upstream_shifted_eta_j_minus_1_over_v_minus_1,calibration_exact_null,bayes_shared,"Bayes, shared Delta",bayesian,uniform,0.0,0.1,100,10000,0.05,0.0021795584524175416,1.2376717688576742,1.0,1,500,0.05,score_gt_c_or_score_eq_c_and_u_lt_gamma
2p7B,princeton-nlp/Sheared-LLaMA-2.7B,32000,inverse,upstream_shifted_eta_j_minus_1_over_v_minus_1,released_raw_empirical_null,bayes_shared,"Bayes, shared Delta",bayesian,uniform,0.0,0.1,100,500,0.04,0.008772337648291433,1.2376717688576742,1.0,0,20,0.04,score_gt_c_or_score_eq_c_and_u_lt_gamma
2p7B,princeton-nlp/Sheared-LLaMA-2.7B,32000,inverse,upstream_shifted_eta_j_minus_1_over_v_minus_1,released_watermarked,bayes_shared,"Bayes, shared Delta",bayesian,uniform,0.0,0.1,100,500,0.244,0.01922673489361464,1.2376717688576742,1.0,0,122,0.244,score_gt_c_or_score_eq_c_and_u_lt_gamma
2p7B,princeton-nlp/Sheared-LLaMA-2.7B,32000,inverse,upstream_shifted_eta_j_minus_1_over_v_minus_1,calibration_exact_null,bayes_shared,"Bayes, shared Delta",bayesian,uniform,0.0,0.1,200,10000,0.05,0.002179558452417541,1.2322905326777982,1.0,1,500,0.05,score_gt_c_or_score_eq_c_and_u_lt_gamma
2p7B,princeton-nlp/Sheared-LLaMA-2.7B,32000,inverse,upstream_shifted_eta_j_minus_1_over_v_minus_1,released_raw_empirical_null,bayes_shared,"Bayes, shared Delta",bayesian,uniform,0.0,0.1,200,500,0.03,0.007636532803997706,1.2322905326777982,1.0,0,15,0.03,score_gt_c_or_score_eq_c_and_u_lt_gamma
2p7B,princeton-nlp/Sheared-LLaMA-2.7B,32000,inverse,upstream_shifted_eta_j_minus_1_over_v_minus_1,released_watermarked,bayes_shared,"Bayes, shared Delta",bayesian,uniform,0.0,0.1,200,500,0.336,0.021144791425048808,1.2322905326777982,1.0,0,168,0.336,score_gt_c_or_score_eq_c_and_u_lt_gamma
