model,model_id,vocabulary_size,scheme,pivot_convention,sample,method,method_label,method_origin,bayesian_delta_prior,bayesian_delta_prior_low,bayesian_delta_prior_high,horizon,n_documents,rejection_rate,mcse,cutoff,boundary_probability,n_at_boundary,n_rejected_randomized_realization,rejection_rate_randomized_realization,decision_rule
1p3B,facebook/opt-1.3b,50272,gumbel,stored_gumbel_pivot,calibration_exact_null,h_ars,h_ars,reference_score,not_applicable,,,50,10000,0.05,0.0021795584524175416,62.177029081295956,1.0,1,500,0.05,score_gt_c_or_score_eq_c_and_u_lt_gamma
1p3B,facebook/opt-1.3b,50272,gumbel,stored_gumbel_pivot,released_raw_empirical_null,h_ars,h_ars,reference_score,not_applicable,,,50,500,0.06,0.010631371130019326,62.177029081295956,1.0,0,30,0.06,score_gt_c_or_score_eq_c_and_u_lt_gamma
1p3B,facebook/opt-1.3b,50272,gumbel,stored_gumbel_pivot,released_watermarked,h_ars,h_ars,reference_score,not_applicable,,,50,500,0.266,0.019780559675655392,62.177029081295956,1.0,0,133,0.266,score_gt_c_or_score_eq_c_and_u_lt_gamma
1p3B,facebook/opt-1.3b,50272,gumbel,stored_gumbel_pivot,calibration_exact_null,h_ars,h_ars,reference_score,not_applicable,,,100,10000,0.05,0.0021795584524175416,117.37812767316937,1.0,1,500,0.05,score_gt_c_or_score_eq_c_and_u_lt_gamma
1p3B,facebook/opt-1.3b,50272,gumbel,stored_gumbel_pivot,released_raw_empirical_null,h_ars,h_ars,reference_score,not_applicable,,,100,500,0.048,0.009569490597759172,117.37812767316937,1.0,0,24,0.048,score_gt_c_or_score_eq_c_and_u_lt_gamma
1p3B,facebook/opt-1.3b,50272,gumbel,stored_gumbel_pivot,released_watermarked,h_ars,h_ars,reference_score,not_applicable,,,100,500,0.366,0.021564276850201687,117.37812767316937,1.0,0,183,0.366,score_gt_c_or_score_eq_c_and_u_lt_gamma
1p3B,facebook/opt-1.3b,50272,gumbel,stored_gumbel_pivot,calibration_exact_null,h_ars,h_ars,reference_score,not_applicable,,,200,10000,0.05,0.0021795584524175416,224.16244301528596,1.0,1,500,0.05,score_gt_c_or_score_eq_c_and_u_lt_gamma
1p3B,facebook/opt-1.3b,50272,gumbel,stored_gumbel_pivot,released_raw_empirical_null,h_ars,h_ars,reference_score,not_applicable,,,200,500,0.052,0.00993929470125102,224.16244301528596,1.0,0,26,0.052,score_gt_c_or_score_eq_c_and_u_lt_gamma
1p3B,facebook/opt-1.3b,50272,gumbel,stored_gumbel_pivot,released_watermarked,h_ars,h_ars,reference_score,not_applicable,,,200,500,0.48,0.022365160424231326,224.16244301528596,1.0,0,240,0.48,score_gt_c_or_score_eq_c_and_u_lt_gamma
1p3B,facebook/opt-1.3b,50272,gumbel,stored_gumbel_pivot,calibration_exact_null,h_log,h_log,reference_score,not_applicable,,,50,10000,0.05,0.0021795584524175416,-38.80315993229276,1.0,1,500,0.05,score_gt_c_or_score_eq_c_and_u_lt_gamma
1p3B,facebook/opt-1.3b,50272,gumbel,stored_gumbel_pivot,released_raw_empirical_null,h_log,h_log,reference_score,not_applicable,,,50,500,0.054,0.010117941761592718,-38.80315993229276,1.0,0,27,0.054,score_gt_c_or_score_eq_c_and_u_lt_gamma
1p3B,facebook/opt-1.3b,50272,gumbel,stored_gumbel_pivot,released_watermarked,h_log,h_log,reference_score,not_applicable,,,50,500,0.204,0.01803936910413861,-38.80315993229276,1.0,0,102,0.204,score_gt_c_or_score_eq_c_and_u_lt_gamma
1p3B,facebook/opt-1.3b,50272,gumbel,stored_gumbel_pivot,calibration_exact_null,h_log,h_log,reference_score,not_applicable,,,100,10000,0.05,0.0021795584524175416,-84.08887005565292,1.0,1,500,0.05,score_gt_c_or_score_eq_c_and_u_lt_gamma
1p3B,facebook/opt-1.3b,50272,gumbel,stored_gumbel_pivot,released_raw_empirical_null,h_log,h_log,reference_score,not_applicable,,,100,500,0.048,0.009569490597759172,-84.08887005565292,1.0,0,24,0.048,score_gt_c_or_score_eq_c_and_u_lt_gamma
1p3B,facebook/opt-1.3b,50272,gumbel,stored_gumbel_pivot,released_watermarked,h_log,h_log,reference_score,not_applicable,,,100,500,0.304,0.02059164957122494,-84.08887005565292,1.0,0,152,0.304,score_gt_c_or_score_eq_c_and_u_lt_gamma
1p3B,facebook/opt-1.3b,50272,gumbel,stored_gumbel_pivot,calibration_exact_null,h_log,h_log,reference_score,not_applicable,,,200,10000,0.05,0.002179558452417541,-177.45712897308832,1.0,1,500,0.05,score_gt_c_or_score_eq_c_and_u_lt_gamma
1p3B,facebook/opt-1.3b,50272,gumbel,stored_gumbel_pivot,released_raw_empirical_null,h_log,h_log,reference_score,not_applicable,,,200,500,0.042,0.008979602804860922,-177.45712897308832,1.0,0,21,0.042,score_gt_c_or_score_eq_c_and_u_lt_gamma
1p3B,facebook/opt-1.3b,50272,gumbel,stored_gumbel_pivot,released_watermarked,h_log,h_log,reference_score,not_applicable,,,200,500,0.432,0.022175109265613186,-177.45712897308832,1.0,0,216,0.432,score_gt_c_or_score_eq_c_and_u_lt_gamma
1p3B,facebook/opt-1.3b,50272,gumbel,stored_gumbel_pivot,calibration_exact_null,h_ind_1_over_e,"h_ind,1/e",reference_score,not_applicable,,,50,10000,0.05,0.002008366385264848,37.0,0.29022988505747127,348,503,0.0503,score_gt_c_or_score_eq_c_and_u_lt_gamma
1p3B,facebook/opt-1.3b,50272,gumbel,stored_gumbel_pivot,released_raw_empirical_null,h_ind_1_over_e,"h_ind,1/e",reference_score,not_applicable,,,50,500,0.051867816091954025,0.009193278103732083,37.0,0.29022988505747127,17,25,0.05,score_gt_c_or_score_eq_c_and_u_lt_gamma
1p3B,facebook/opt-1.3b,50272,gumbel,stored_gumbel_pivot,released_watermarked,h_ind_1_over_e,"h_ind,1/e",reference_score,not_applicable,,,50,500,0.17231609195402298,0.01602875056459409,37.0,0.29022988505747127,35,85,0.17,score_gt_c_or_score_eq_c_and_u_lt_gamma
1p3B,facebook/opt-1.3b,50272,gumbel,stored_gumbel_pivot,calibration_exact_null,h_ind_1_over_e,"h_ind,1/e",reference_score,not_applicable,,,100,10000,0.05,0.002041220204509658,71.0,0.39183673469387753,245,489,0.0489,score_gt_c_or_score_eq_c_and_u_lt_gamma
1p3B,facebook/opt-1.3b,50272,gumbel,stored_gumbel_pivot,released_raw_empirical_null,h_ind_1_over_e,"h_ind,1/e",reference_score,not_applicable,,,100,500,0.05853877551020408,0.009755155321170855,71.0,0.39183673469387753,16,30,0.06,score_gt_c_or_score_eq_c_and_u_lt_gamma
1p3B,facebook/opt-1.3b,50272,gumbel,stored_gumbel_pivot,released_watermarked,h_ind_1_over_e,"h_ind,1/e",reference_score,not_applicable,,,100,500,0.2562938775510204,0.018771523757366137,71.0,0.39183673469387753,31,128,0.256,score_gt_c_or_score_eq_c_and_u_lt_gamma
1p3B,facebook/opt-1.3b,50272,gumbel,stored_gumbel_pivot,calibration_exact_null,h_ind_1_over_e,"h_ind,1/e",reference_score,not_applicable,,,200,10000,0.05,0.002175029830971843,138.0,0.9859154929577465,142,499,0.0499,score_gt_c_or_score_eq_c_and_u_lt_gamma
1p3B,facebook/opt-1.3b,50272,gumbel,stored_gumbel_pivot,released_raw_empirical_null,h_ind_1_over_e,"h_ind,1/e",reference_score,not_applicable,,,200,500,0.05185915492957746,0.009912535498300757,138.0,0.9859154929577465,5,25,0.05,score_gt_c_or_score_eq_c_and_u_lt_gamma
1p3B,facebook/opt-1.3b,50272,gumbel,stored_gumbel_pivot,released_watermarked,h_ind_1_over_e,"h_ind,1/e",reference_score,not_applicable,,,200,500,0.38752112676056333,0.02178766057575837,138.0,0.9859154929577465,17,194,0.388,score_gt_c_or_score_eq_c_and_u_lt_gamma
1p3B,facebook/opt-1.3b,50272,gumbel,stored_gumbel_pivot,calibration_exact_null,h_gum_star_0.01,"h*_gum,.01",reference_score,not_applicable,,,50,10000,0.05,0.0021795584524175416,0.6683490220180616,1.0,1,500,0.05,score_gt_c_or_score_eq_c_and_u_lt_gamma
1p3B,facebook/opt-1.3b,50272,gumbel,stored_gumbel_pivot,released_raw_empirical_null,h_gum_star_0.01,"h*_gum,.01",reference_score,not_applicable,,,50,500,0.04,0.008772337648291433,0.6683490220180616,1.0,0,20,0.04,score_gt_c_or_score_eq_c_and_u_lt_gamma
1p3B,facebook/opt-1.3b,50272,gumbel,stored_gumbel_pivot,released_watermarked,h_gum_star_0.01,"h*_gum,.01",reference_score,not_applicable,,,50,500,0.168,0.01673655354154187,0.6683490220180616,1.0,0,84,0.168,score_gt_c_or_score_eq_c_and_u_lt_gamma
1p3B,facebook/opt-1.3b,50272,gumbel,stored_gumbel_pivot,calibration_exact_null,h_gum_star_0.01,"h*_gum,.01",reference_score,not_applicable,,,100,10000,0.05,0.0021795584524175416,0.8633057924176256,1.0,1,500,0.05,score_gt_c_or_score_eq_c_and_u_lt_gamma
1p3B,facebook/opt-1.3b,50272,gumbel,stored_gumbel_pivot,released_raw_empirical_null,h_gum_star_0.01,"h*_gum,.01",reference_score,not_applicable,,,100,500,0.04,0.008772337648291433,0.8633057924176256,1.0,0,20,0.04,score_gt_c_or_score_eq_c_and_u_lt_gamma
1p3B,facebook/opt-1.3b,50272,gumbel,stored_gumbel_pivot,released_watermarked,h_gum_star_0.01,"h*_gum,.01",reference_score,not_applicable,,,100,500,0.234,0.018952741564893755,0.8633057924176256,1.0,0,117,0.234,score_gt_c_or_score_eq_c_and_u_lt_gamma
1p3B,facebook/opt-1.3b,50272,gumbel,stored_gumbel_pivot,calibration_exact_null,h_gum_star_0.01,"h*_gum,.01",reference_score,not_applicable,,,200,10000,0.05,0.0021795584524175416,1.0921495317724281,1.0,1,500,0.05,score_gt_c_or_score_eq_c_and_u_lt_gamma
1p3B,facebook/opt-1.3b,50272,gumbel,stored_gumbel_pivot,released_raw_empirical_null,h_gum_star_0.01,"h*_gum,.01",reference_score,not_applicable,,,200,500,0.042,0.008979602804860922,1.0921495317724281,1.0,0,21,0.042,score_gt_c_or_score_eq_c_and_u_lt_gamma
1p3B,facebook/opt-1.3b,50272,gumbel,stored_gumbel_pivot,released_watermarked,h_gum_star_0.01,"h*_gum,.01",reference_score,not_applicable,,,200,500,0.308,0.020667032987466052,1.0921495317724281,1.0,0,154,0.308,score_gt_c_or_score_eq_c_and_u_lt_gamma
1p3B,facebook/opt-1.3b,50272,gumbel,stored_gumbel_pivot,calibration_exact_null,h_gum_star_0.005,"h*_gum,.005",reference_score,not_applicable,,,50,10000,0.05,0.0021795584524175416,0.49545969309017374,1.0,1,500,0.05,score_gt_c_or_score_eq_c_and_u_lt_gamma
1p3B,facebook/opt-1.3b,50272,gumbel,stored_gumbel_pivot,released_raw_empirical_null,h_gum_star_0.005,"h*_gum,.005",reference_score,not_applicable,,,50,500,0.032,0.007878842066230875,0.49545969309017374,1.0,0,16,0.032,score_gt_c_or_score_eq_c_and_u_lt_gamma
1p3B,facebook/opt-1.3b,50272,gumbel,stored_gumbel_pivot,released_watermarked,h_gum_star_0.005,"h*_gum,.005",reference_score,not_applicable,,,50,500,0.13,0.015055009352810992,0.49545969309017374,1.0,0,65,0.13,score_gt_c_or_score_eq_c_and_u_lt_gamma
1p3B,facebook/opt-1.3b,50272,gumbel,stored_gumbel_pivot,calibration_exact_null,h_gum_star_0.005,"h*_gum,.005",reference_score,not_applicable,,,100,10000,0.05,0.0021795584524175416,0.6801207224054556,1.0,1,500,0.05,score_gt_c_or_score_eq_c_and_u_lt_gamma
1p3B,facebook/opt-1.3b,50272,gumbel,stored_gumbel_pivot,released_raw_empirical_null,h_gum_star_0.005,"h*_gum,.005",reference_score,not_applicable,,,100,500,0.038,0.008559118940292168,0.6801207224054556,1.0,0,19,0.038,score_gt_c_or_score_eq_c_and_u_lt_gamma
1p3B,facebook/opt-1.3b,50272,gumbel,stored_gumbel_pivot,released_watermarked,h_gum_star_0.005,"h*_gum,.005",reference_score,not_applicable,,,100,500,0.178,0.01712362218906232,0.6801207224054556,1.0,0,89,0.178,score_gt_c_or_score_eq_c_and_u_lt_gamma
1p3B,facebook/opt-1.3b,50272,gumbel,stored_gumbel_pivot,calibration_exact_null,h_gum_star_0.005,"h*_gum,.005",reference_score,not_applicable,,,200,10000,0.05,0.0021795584524175416,0.8772603218950673,1.0,1,500,0.05,score_gt_c_or_score_eq_c_and_u_lt_gamma
1p3B,facebook/opt-1.3b,50272,gumbel,stored_gumbel_pivot,released_raw_empirical_null,h_gum_star_0.005,"h*_gum,.005",reference_score,not_applicable,,,200,500,0.034,0.008112930375552174,0.8772603218950673,1.0,0,17,0.034,score_gt_c_or_score_eq_c_and_u_lt_gamma
1p3B,facebook/opt-1.3b,50272,gumbel,stored_gumbel_pivot,released_watermarked,h_gum_star_0.005,"h*_gum,.005",reference_score,not_applicable,,,200,500,0.242,0.019173085678337167,0.8772603218950673,1.0,0,121,0.242,score_gt_c_or_score_eq_c_and_u_lt_gamma
1p3B,facebook/opt-1.3b,50272,gumbel,stored_gumbel_pivot,calibration_exact_null,h_spike_0.01,h^sp_.01,diagnostic_fixed_spike_likelihood,not_applicable,,,50,10000,0.05,0.0021795584524175416,-0.3918690492874743,1.0,1,500,0.05,score_gt_c_or_score_eq_c_and_u_lt_gamma
1p3B,facebook/opt-1.3b,50272,gumbel,stored_gumbel_pivot,released_raw_empirical_null,h_spike_0.01,h^sp_.01,diagnostic_fixed_spike_likelihood,not_applicable,,,50,500,0.054,0.010117941761592718,-0.3918690492874743,1.0,0,27,0.054,score_gt_c_or_score_eq_c_and_u_lt_gamma
1p3B,facebook/opt-1.3b,50272,gumbel,stored_gumbel_pivot,released_watermarked,h_spike_0.01,h^sp_.01,diagnostic_fixed_spike_likelihood,not_applicable,,,50,500,0.206,0.018104794037333553,-0.3918690492874743,1.0,0,103,0.206,score_gt_c_or_score_eq_c_and_u_lt_gamma
1p3B,facebook/opt-1.3b,50272,gumbel,stored_gumbel_pivot,calibration_exact_null,h_spike_0.01,h^sp_.01,diagnostic_fixed_spike_likelihood,not_applicable,,,100,10000,0.05,0.0021795584524175416,-0.8492010483170476,1.0,1,500,0.05,score_gt_c_or_score_eq_c_and_u_lt_gamma
1p3B,facebook/opt-1.3b,50272,gumbel,stored_gumbel_pivot,released_raw_empirical_null,h_spike_0.01,h^sp_.01,diagnostic_fixed_spike_likelihood,not_applicable,,,100,500,0.046,0.009377840251121315,-0.8492010483170476,1.0,0,23,0.046,score_gt_c_or_score_eq_c_and_u_lt_gamma
1p3B,facebook/opt-1.3b,50272,gumbel,stored_gumbel_pivot,released_watermarked,h_spike_0.01,h^sp_.01,diagnostic_fixed_spike_likelihood,not_applicable,,,100,500,0.306,0.020629569998345417,-0.8492010483170476,1.0,0,153,0.306,score_gt_c_or_score_eq_c_and_u_lt_gamma
1p3B,facebook/opt-1.3b,50272,gumbel,stored_gumbel_pivot,calibration_exact_null,h_spike_0.01,h^sp_.01,diagnostic_fixed_spike_likelihood,not_applicable,,,200,10000,0.05,0.002179558452417541,-1.7921698514147417,1.0,1,500,0.05,score_gt_c_or_score_eq_c_and_u_lt_gamma
1p3B,facebook/opt-1.3b,50272,gumbel,stored_gumbel_pivot,released_raw_empirical_null,h_spike_0.01,h^sp_.01,diagnostic_fixed_spike_likelihood,not_applicable,,,200,500,0.042,0.008979602804860922,-1.7921698514147417,1.0,0,21,0.042,score_gt_c_or_score_eq_c_and_u_lt_gamma
1p3B,facebook/opt-1.3b,50272,gumbel,stored_gumbel_pivot,released_watermarked,h_spike_0.01,h^sp_.01,diagnostic_fixed_spike_likelihood,not_applicable,,,200,500,0.434,0.022187215803029015,-1.7921698514147417,1.0,0,217,0.434,score_gt_c_or_score_eq_c_and_u_lt_gamma
1p3B,facebook/opt-1.3b,50272,gumbel,stored_gumbel_pivot,calibration_exact_null,h_spike_0.05,h^sp_.05,diagnostic_fixed_spike_likelihood,not_applicable,,,50,10000,0.05,0.0021795584524175416,-2.0412470869298525,1.0,1,500,0.05,score_gt_c_or_score_eq_c_and_u_lt_gamma
1p3B,facebook/opt-1.3b,50272,gumbel,stored_gumbel_pivot,released_raw_empirical_null,h_spike_0.05,h^sp_.05,diagnostic_fixed_spike_likelihood,not_applicable,,,50,500,0.054,0.010117941761592718,-2.0412470869298525,1.0,0,27,0.054,score_gt_c_or_score_eq_c_and_u_lt_gamma
1p3B,facebook/opt-1.3b,50272,gumbel,stored_gumbel_pivot,released_watermarked,h_spike_0.05,h^sp_.05,diagnostic_fixed_spike_likelihood,not_applicable,,,50,500,0.206,0.018104794037333553,-2.0412470869298525,1.0,0,103,0.206,score_gt_c_or_score_eq_c_and_u_lt_gamma
1p3B,facebook/opt-1.3b,50272,gumbel,stored_gumbel_pivot,calibration_exact_null,h_spike_0.05,h^sp_.05,diagnostic_fixed_spike_likelihood,not_applicable,,,100,10000,0.05,0.0021795584524175416,-4.423665916676003,1.0,1,500,0.05,score_gt_c_or_score_eq_c_and_u_lt_gamma
1p3B,facebook/opt-1.3b,50272,gumbel,stored_gumbel_pivot,released_raw_empirical_null,h_spike_0.05,h^sp_.05,diagnostic_fixed_spike_likelihood,not_applicable,,,100,500,0.048,0.009569490597759172,-4.423665916676003,1.0,0,24,0.048,score_gt_c_or_score_eq_c_and_u_lt_gamma
1p3B,facebook/opt-1.3b,50272,gumbel,stored_gumbel_pivot,released_watermarked,h_spike_0.05,h^sp_.05,diagnostic_fixed_spike_likelihood,not_applicable,,,100,500,0.306,0.020629569998345417,-4.423665916676003,1.0,0,153,0.306,score_gt_c_or_score_eq_c_and_u_lt_gamma
1p3B,facebook/opt-1.3b,50272,gumbel,stored_gumbel_pivot,calibration_exact_null,h_spike_0.05,h^sp_.05,diagnostic_fixed_spike_likelihood,not_applicable,,,200,10000,0.05,0.0021795584524175416,-9.329061164263518,1.0,1,500,0.05,score_gt_c_or_score_eq_c_and_u_lt_gamma
1p3B,facebook/opt-1.3b,50272,gumbel,stored_gumbel_pivot,released_raw_empirical_null,h_spike_0.05,h^sp_.05,diagnostic_fixed_spike_likelihood,not_applicable,,,200,500,0.04,0.008772337648291433,-9.329061164263518,1.0,0,20,0.04,score_gt_c_or_score_eq_c_and_u_lt_gamma
1p3B,facebook/opt-1.3b,50272,gumbel,stored_gumbel_pivot,released_watermarked,h_spike_0.05,h^sp_.05,diagnostic_fixed_spike_likelihood,not_applicable,,,200,500,0.434,0.022187215803029015,-9.329061164263518,1.0,0,217,0.434,score_gt_c_or_score_eq_c_and_u_lt_gamma
1p3B,facebook/opt-1.3b,50272,gumbel,stored_gumbel_pivot,calibration_exact_null,bayes_tokenwise,"Bayes, tokenwise Delta",bayesian,uniform,0.001,0.5,50,10000,0.05,0.0021795584524175416,-12.94927843421316,1.0,1,500,0.05,score_gt_c_or_score_eq_c_and_u_lt_gamma
1p3B,facebook/opt-1.3b,50272,gumbel,stored_gumbel_pivot,released_raw_empirical_null,bayes_tokenwise,"Bayes, tokenwise Delta",bayesian,uniform,0.001,0.5,50,500,0.062,0.010795605132662119,-12.94927843421316,1.0,0,31,0.062,score_gt_c_or_score_eq_c_and_u_lt_gamma
1p3B,facebook/opt-1.3b,50272,gumbel,stored_gumbel_pivot,released_watermarked,bayes_tokenwise,"Bayes, tokenwise Delta",bayesian,uniform,0.001,0.5,50,500,0.22,0.01854421137582028,-12.94927843421316,1.0,0,110,0.22,score_gt_c_or_score_eq_c_and_u_lt_gamma
1p3B,facebook/opt-1.3b,50272,gumbel,stored_gumbel_pivot,calibration_exact_null,bayes_tokenwise,"Bayes, tokenwise Delta",bayesian,uniform,0.001,0.5,100,10000,0.05,0.0021795584524175416,-27.712264364459866,1.0,1,500,0.05,score_gt_c_or_score_eq_c_and_u_lt_gamma
1p3B,facebook/opt-1.3b,50272,gumbel,stored_gumbel_pivot,released_raw_empirical_null,bayes_tokenwise,"Bayes, tokenwise Delta",bayesian,uniform,0.001,0.5,100,500,0.048,0.009569490597759172,-27.712264364459866,1.0,0,24,0.048,score_gt_c_or_score_eq_c_and_u_lt_gamma
1p3B,facebook/opt-1.3b,50272,gumbel,stored_gumbel_pivot,released_watermarked,bayes_tokenwise,"Bayes, tokenwise Delta",bayesian,uniform,0.001,0.5,100,500,0.31,0.020704041021724684,-27.712264364459866,1.0,0,155,0.31,score_gt_c_or_score_eq_c_and_u_lt_gamma
1p3B,facebook/opt-1.3b,50272,gumbel,stored_gumbel_pivot,calibration_exact_null,bayes_tokenwise,"Bayes, tokenwise Delta",bayesian,uniform,0.001,0.5,200,10000,0.05,0.0021795584524175416,-57.95582479095751,1.0,1,500,0.05,score_gt_c_or_score_eq_c_and_u_lt_gamma
1p3B,facebook/opt-1.3b,50272,gumbel,stored_gumbel_pivot,released_raw_empirical_null,bayes_tokenwise,"Bayes, tokenwise Delta",bayesian,uniform,0.001,0.5,200,500,0.046,0.009377840251121315,-57.95582479095751,1.0,0,23,0.046,score_gt_c_or_score_eq_c_and_u_lt_gamma
1p3B,facebook/opt-1.3b,50272,gumbel,stored_gumbel_pivot,released_watermarked,bayes_tokenwise,"Bayes, tokenwise Delta",bayesian,uniform,0.001,0.5,200,500,0.448,0.022261697292270087,-57.95582479095751,1.0,0,224,0.448,score_gt_c_or_score_eq_c_and_u_lt_gamma
1p3B,facebook/opt-1.3b,50272,gumbel,stored_gumbel_pivot,calibration_exact_null,bayes_tokenwise_dirichlet,"Bayes, tokenwise Delta + Dirichlet alpha",bayesian_dirichlet_tail,uniform,0.001,0.5,50,10000,0.05,0.0021795584524175416,-12.73773945150803,1.0,1,500,0.05,score_gt_c_or_score_eq_c_and_u_lt_gamma
1p3B,facebook/opt-1.3b,50272,gumbel,stored_gumbel_pivot,released_raw_empirical_null,bayes_tokenwise_dirichlet,"Bayes, tokenwise Delta + Dirichlet alpha",bayesian_dirichlet_tail,uniform,0.001,0.5,50,500,0.06,0.01063137113001933,-12.73773945150803,1.0,0,30,0.06,score_gt_c_or_score_eq_c_and_u_lt_gamma
1p3B,facebook/opt-1.3b,50272,gumbel,stored_gumbel_pivot,released_watermarked,bayes_tokenwise_dirichlet,"Bayes, tokenwise Delta + Dirichlet alpha",bayesian_dirichlet_tail,uniform,0.001,0.5,50,500,0.228,0.018781306529363172,-12.73773945150803,1.0,0,114,0.228,score_gt_c_or_score_eq_c_and_u_lt_gamma
1p3B,facebook/opt-1.3b,50272,gumbel,stored_gumbel_pivot,calibration_exact_null,bayes_tokenwise_dirichlet,"Bayes, tokenwise Delta + Dirichlet alpha",bayesian_dirichlet_tail,uniform,0.001,0.5,100,10000,0.05,0.0021795584524175416,-27.293825592568442,1.0,1,500,0.05,score_gt_c_or_score_eq_c_and_u_lt_gamma
1p3B,facebook/opt-1.3b,50272,gumbel,stored_gumbel_pivot,released_raw_empirical_null,bayes_tokenwise_dirichlet,"Bayes, tokenwise Delta + Dirichlet alpha",bayesian_dirichlet_tail,uniform,0.001,0.5,100,500,0.056,0.01029271002989587,-27.293825592568442,1.0,0,28,0.056,score_gt_c_or_score_eq_c_and_u_lt_gamma
1p3B,facebook/opt-1.3b,50272,gumbel,stored_gumbel_pivot,released_watermarked,bayes_tokenwise_dirichlet,"Bayes, tokenwise Delta + Dirichlet alpha",bayesian_dirichlet_tail,uniform,0.001,0.5,100,500,0.3,0.020514426225627984,-27.293825592568442,1.0,0,150,0.3,score_gt_c_or_score_eq_c_and_u_lt_gamma
1p3B,facebook/opt-1.3b,50272,gumbel,stored_gumbel_pivot,calibration_exact_null,bayes_tokenwise_dirichlet,"Bayes, tokenwise Delta + Dirichlet alpha",bayesian_dirichlet_tail,uniform,0.001,0.5,200,10000,0.05,0.0021795584524175416,-57.41701221340231,1.0,1,500,0.05,score_gt_c_or_score_eq_c_and_u_lt_gamma
1p3B,facebook/opt-1.3b,50272,gumbel,stored_gumbel_pivot,released_raw_empirical_null,bayes_tokenwise_dirichlet,"Bayes, tokenwise Delta + Dirichlet alpha",bayesian_dirichlet_tail,uniform,0.001,0.5,200,500,0.06,0.010631371130019326,-57.41701221340231,1.0,0,30,0.06,score_gt_c_or_score_eq_c_and_u_lt_gamma
1p3B,facebook/opt-1.3b,50272,gumbel,stored_gumbel_pivot,released_watermarked,bayes_tokenwise_dirichlet,"Bayes, tokenwise Delta + Dirichlet alpha",bayesian_dirichlet_tail,uniform,0.001,0.5,200,500,0.426,0.022136577335085575,-57.41701221340231,1.0,0,213,0.426,score_gt_c_or_score_eq_c_and_u_lt_gamma
1p3B,facebook/opt-1.3b,50272,gumbel,stored_gumbel_pivot,calibration_exact_null,h_gum_star_0.1,"h*_gum,.1",reference_score,not_applicable,,,50,10000,0.05,0.0021795584524175416,1.3094133851200938,1.0,1,500,0.05,score_gt_c_or_score_eq_c_and_u_lt_gamma
1p3B,facebook/opt-1.3b,50272,gumbel,stored_gumbel_pivot,released_raw_empirical_null,h_gum_star_0.1,"h*_gum,.1",reference_score,not_applicable,,,50,500,0.05,0.009756555783754993,1.3094133851200938,1.0,0,25,0.05,score_gt_c_or_score_eq_c_and_u_lt_gamma
1p3B,facebook/opt-1.3b,50272,gumbel,stored_gumbel_pivot,released_watermarked,h_gum_star_0.1,"h*_gum,.1",reference_score,not_applicable,,,50,500,0.266,0.019780559675655392,1.3094133851200938,1.0,0,133,0.266,score_gt_c_or_score_eq_c_and_u_lt_gamma
1p3B,facebook/opt-1.3b,50272,gumbel,stored_gumbel_pivot,calibration_exact_null,h_gum_star_0.1,"h*_gum,.1",reference_score,not_applicable,,,100,10000,0.05,0.002179558452417541,0.987995529137549,1.0,1,500,0.05,score_gt_c_or_score_eq_c_and_u_lt_gamma
1p3B,facebook/opt-1.3b,50272,gumbel,stored_gumbel_pivot,released_raw_empirical_null,h_gum_star_0.1,"h*_gum,.1",reference_score,not_applicable,,,100,500,0.058,0.010463793860924815,0.987995529137549,1.0,0,29,0.058,score_gt_c_or_score_eq_c_and_u_lt_gamma
1p3B,facebook/opt-1.3b,50272,gumbel,stored_gumbel_pivot,released_watermarked,h_gum_star_0.1,"h*_gum,.1",reference_score,not_applicable,,,100,500,0.368,0.021588982568353548,0.987995529137549,1.0,0,184,0.368,score_gt_c_or_score_eq_c_and_u_lt_gamma
1p3B,facebook/opt-1.3b,50272,gumbel,stored_gumbel_pivot,calibration_exact_null,h_gum_star_0.1,"h*_gum,.1",reference_score,not_applicable,,,200,10000,0.05,0.0021795584524175416,-0.2563411887192485,1.0,1,500,0.05,score_gt_c_or_score_eq_c_and_u_lt_gamma
1p3B,facebook/opt-1.3b,50272,gumbel,stored_gumbel_pivot,released_raw_empirical_null,h_gum_star_0.1,"h*_gum,.1",reference_score,not_applicable,,,200,500,0.058,0.010463793860924815,-0.2563411887192485,1.0,0,29,0.058,score_gt_c_or_score_eq_c_and_u_lt_gamma
1p3B,facebook/opt-1.3b,50272,gumbel,stored_gumbel_pivot,released_watermarked,h_gum_star_0.1,"h*_gum,.1",reference_score,not_applicable,,,200,500,0.49,0.022378596989230864,-0.2563411887192485,1.0,0,245,0.49,score_gt_c_or_score_eq_c_and_u_lt_gamma
1p3B,facebook/opt-1.3b,50272,gumbel,stored_gumbel_pivot,calibration_exact_null,bayes_shared,"Bayes, shared Delta",bayesian,uniform,0.001,0.5,50,10000,0.05,0.0021795584524175416,-3.0527593029890205,1.0,1,500,0.05,score_gt_c_or_score_eq_c_and_u_lt_gamma
1p3B,facebook/opt-1.3b,50272,gumbel,stored_gumbel_pivot,released_raw_empirical_null,bayes_shared,"Bayes, shared Delta",bayesian,uniform,0.001,0.5,50,500,0.054,0.010117941761592718,-3.0527593029890205,1.0,0,27,0.054,score_gt_c_or_score_eq_c_and_u_lt_gamma
1p3B,facebook/opt-1.3b,50272,gumbel,stored_gumbel_pivot,released_watermarked,bayes_shared,"Bayes, shared Delta",bayesian,uniform,0.001,0.5,50,500,0.206,0.018104794037333553,-3.0527593029890205,1.0,0,103,0.206,score_gt_c_or_score_eq_c_and_u_lt_gamma
1p3B,facebook/opt-1.3b,50272,gumbel,stored_gumbel_pivot,calibration_exact_null,bayes_shared,"Bayes, shared Delta",bayesian,uniform,0.001,0.5,100,10000,0.05,0.0021795584524175416,-3.845623150511217,1.0,1,500,0.05,score_gt_c_or_score_eq_c_and_u_lt_gamma
1p3B,facebook/opt-1.3b,50272,gumbel,stored_gumbel_pivot,released_raw_empirical_null,bayes_shared,"Bayes, shared Delta",bayesian,uniform,0.001,0.5,100,500,0.048,0.009569490597759172,-3.845623150511217,1.0,0,24,0.048,score_gt_c_or_score_eq_c_and_u_lt_gamma
1p3B,facebook/opt-1.3b,50272,gumbel,stored_gumbel_pivot,released_watermarked,bayes_shared,"Bayes, shared Delta",bayesian,uniform,0.001,0.5,100,500,0.306,0.020629569998345417,-3.845623150511217,1.0,0,153,0.306,score_gt_c_or_score_eq_c_and_u_lt_gamma
1p3B,facebook/opt-1.3b,50272,gumbel,stored_gumbel_pivot,calibration_exact_null,bayes_shared,"Bayes, shared Delta",bayesian,uniform,0.001,0.5,200,10000,0.05,0.0021795584524175416,-4.6737231226418325,1.0,1,500,0.05,score_gt_c_or_score_eq_c_and_u_lt_gamma
1p3B,facebook/opt-1.3b,50272,gumbel,stored_gumbel_pivot,released_raw_empirical_null,bayes_shared,"Bayes, shared Delta",bayesian,uniform,0.001,0.5,200,500,0.042,0.008979602804860922,-4.6737231226418325,1.0,0,21,0.042,score_gt_c_or_score_eq_c_and_u_lt_gamma
1p3B,facebook/opt-1.3b,50272,gumbel,stored_gumbel_pivot,released_watermarked,bayes_shared,"Bayes, shared Delta",bayesian,uniform,0.001,0.5,200,500,0.434,0.022187215803029015,-4.6737231226418325,1.0,0,217,0.434,score_gt_c_or_score_eq_c_and_u_lt_gamma
1p3B,facebook/opt-1.3b,50272,gumbel,stored_gumbel_pivot,calibration_exact_null,bayes_shared_dirichlet,"Bayes, shared Delta + Dirichlet alpha",bayesian_dirichlet_tail,uniform,0.001,0.5,50,10000,0.05,0.0021795584524175416,-3.0432117786114192,1.0,1,500,0.05,score_gt_c_or_score_eq_c_and_u_lt_gamma
1p3B,facebook/opt-1.3b,50272,gumbel,stored_gumbel_pivot,released_raw_empirical_null,bayes_shared_dirichlet,"Bayes, shared Delta + Dirichlet alpha",bayesian_dirichlet_tail,uniform,0.001,0.5,50,500,0.06,0.01063137113001933,-3.0432117786114192,1.0,0,30,0.06,score_gt_c_or_score_eq_c_and_u_lt_gamma
1p3B,facebook/opt-1.3b,50272,gumbel,stored_gumbel_pivot,released_watermarked,bayes_shared_dirichlet,"Bayes, shared Delta + Dirichlet alpha",bayesian_dirichlet_tail,uniform,0.001,0.5,50,500,0.21,0.01823362086530592,-3.0432117786114192,1.0,0,105,0.21,score_gt_c_or_score_eq_c_and_u_lt_gamma
1p3B,facebook/opt-1.3b,50272,gumbel,stored_gumbel_pivot,calibration_exact_null,bayes_shared_dirichlet,"Bayes, shared Delta + Dirichlet alpha",bayesian_dirichlet_tail,uniform,0.001,0.5,100,10000,0.05,0.002179558452417541,-3.839175207562727,1.0,1,500,0.05,score_gt_c_or_score_eq_c_and_u_lt_gamma
1p3B,facebook/opt-1.3b,50272,gumbel,stored_gumbel_pivot,released_raw_empirical_null,bayes_shared_dirichlet,"Bayes, shared Delta + Dirichlet alpha",bayesian_dirichlet_tail,uniform,0.001,0.5,100,500,0.048,0.009569490597759172,-3.839175207562727,1.0,0,24,0.048,score_gt_c_or_score_eq_c_and_u_lt_gamma
1p3B,facebook/opt-1.3b,50272,gumbel,stored_gumbel_pivot,released_watermarked,bayes_shared_dirichlet,"Bayes, shared Delta + Dirichlet alpha",bayesian_dirichlet_tail,uniform,0.001,0.5,100,500,0.304,0.02059164957122494,-3.839175207562727,1.0,0,152,0.304,score_gt_c_or_score_eq_c_and_u_lt_gamma
1p3B,facebook/opt-1.3b,50272,gumbel,stored_gumbel_pivot,calibration_exact_null,bayes_shared_dirichlet,"Bayes, shared Delta + Dirichlet alpha",bayesian_dirichlet_tail,uniform,0.001,0.5,200,10000,0.05,0.0021795584524175416,-4.669480097991968,1.0,1,500,0.05,score_gt_c_or_score_eq_c_and_u_lt_gamma
1p3B,facebook/opt-1.3b,50272,gumbel,stored_gumbel_pivot,released_raw_empirical_null,bayes_shared_dirichlet,"Bayes, shared Delta + Dirichlet alpha",bayesian_dirichlet_tail,uniform,0.001,0.5,200,500,0.044,0.009181317617116443,-4.669480097991968,1.0,0,22,0.044,score_gt_c_or_score_eq_c_and_u_lt_gamma
1p3B,facebook/opt-1.3b,50272,gumbel,stored_gumbel_pivot,released_watermarked,bayes_shared_dirichlet,"Bayes, shared Delta + Dirichlet alpha",bayesian_dirichlet_tail,uniform,0.001,0.5,200,500,0.432,0.022175109265613186,-4.669480097991968,1.0,0,216,0.432,score_gt_c_or_score_eq_c_and_u_lt_gamma
1p3B,facebook/opt-1.3b,50272,gumbel,stored_gumbel_pivot,calibration_exact_null,bayes_shared_uniontail,"Bayes, shared Delta + union tail",bayesian_union_tail,uniform,0.001,0.5,50,10000,0.05,0.0021795584524175416,-1.3305919205198897,1.0,1,500,0.05,score_gt_c_or_score_eq_c_and_u_lt_gamma
1p3B,facebook/opt-1.3b,50272,gumbel,stored_gumbel_pivot,released_raw_empirical_null,bayes_shared_uniontail,"Bayes, shared Delta + union tail",bayesian_union_tail,uniform,0.001,0.5,50,500,0.058,0.010463793860924815,-1.3305919205198897,1.0,0,29,0.058,score_gt_c_or_score_eq_c_and_u_lt_gamma
1p3B,facebook/opt-1.3b,50272,gumbel,stored_gumbel_pivot,released_watermarked,bayes_shared_uniontail,"Bayes, shared Delta + union tail",bayesian_union_tail,uniform,0.001,0.5,50,500,0.264,0.01973288558592215,-1.3305919205198897,1.0,0,132,0.264,score_gt_c_or_score_eq_c_and_u_lt_gamma
1p3B,facebook/opt-1.3b,50272,gumbel,stored_gumbel_pivot,calibration_exact_null,bayes_shared_uniontail,"Bayes, shared Delta + union tail",bayesian_union_tail,uniform,0.001,0.5,100,10000,0.05,0.0021795584524175416,-1.8509863215244917,1.0,1,500,0.05,score_gt_c_or_score_eq_c_and_u_lt_gamma
1p3B,facebook/opt-1.3b,50272,gumbel,stored_gumbel_pivot,released_raw_empirical_null,bayes_shared_uniontail,"Bayes, shared Delta + union tail",bayesian_union_tail,uniform,0.001,0.5,100,500,0.046,0.009377840251121315,-1.8509863215244917,1.0,0,23,0.046,score_gt_c_or_score_eq_c_and_u_lt_gamma
1p3B,facebook/opt-1.3b,50272,gumbel,stored_gumbel_pivot,released_watermarked,bayes_shared_uniontail,"Bayes, shared Delta + union tail",bayesian_union_tail,uniform,0.001,0.5,100,500,0.368,0.021588982568353548,-1.8509863215244917,1.0,0,184,0.368,score_gt_c_or_score_eq_c_and_u_lt_gamma
1p3B,facebook/opt-1.3b,50272,gumbel,stored_gumbel_pivot,calibration_exact_null,bayes_shared_uniontail,"Bayes, shared Delta + union tail",bayesian_union_tail,uniform,0.001,0.5,200,10000,0.05,0.0021795584524175416,-2.4948719396374326,1.0,1,500,0.05,score_gt_c_or_score_eq_c_and_u_lt_gamma
1p3B,facebook/opt-1.3b,50272,gumbel,stored_gumbel_pivot,released_raw_empirical_null,bayes_shared_uniontail,"Bayes, shared Delta + union tail",bayesian_union_tail,uniform,0.001,0.5,200,500,0.048,0.009569490597759172,-2.4948719396374326,1.0,0,24,0.048,score_gt_c_or_score_eq_c_and_u_lt_gamma
1p3B,facebook/opt-1.3b,50272,gumbel,stored_gumbel_pivot,released_watermarked,bayes_shared_uniontail,"Bayes, shared Delta + union tail",bayesian_union_tail,uniform,0.001,0.5,200,500,0.502,0.02238289498648358,-2.4948719396374326,1.0,0,251,0.502,score_gt_c_or_score_eq_c_and_u_lt_gamma
1p3B,facebook/opt-1.3b,50272,gumbel,stored_gumbel_pivot,calibration_exact_null,trgof_s2,"Tr-GoF, s=2 (HC)",reference_score_trgof,not_applicable,,,50,10000,0.05,0.0021795584524175416,4.36861159359203,1.0,1,500,0.05,score_gt_c_or_score_eq_c_and_u_lt_gamma
1p3B,facebook/opt-1.3b,50272,gumbel,stored_gumbel_pivot,released_raw_empirical_null,trgof_s2,"Tr-GoF, s=2 (HC)",reference_score_trgof,not_applicable,,,50,500,0.074,0.011718474529160406,4.36861159359203,1.0,0,37,0.074,score_gt_c_or_score_eq_c_and_u_lt_gamma
1p3B,facebook/opt-1.3b,50272,gumbel,stored_gumbel_pivot,released_watermarked,trgof_s2,"Tr-GoF, s=2 (HC)",reference_score_trgof,not_applicable,,,50,500,0.284,0.020186703693570774,4.36861159359203,1.0,0,142,0.284,score_gt_c_or_score_eq_c_and_u_lt_gamma
1p3B,facebook/opt-1.3b,50272,gumbel,stored_gumbel_pivot,calibration_exact_null,trgof_s2,"Tr-GoF, s=2 (HC)",reference_score_trgof,not_applicable,,,100,10000,0.05,0.0021795584524175416,4.712486525727494,1.0,1,500,0.05,score_gt_c_or_score_eq_c_and_u_lt_gamma
1p3B,facebook/opt-1.3b,50272,gumbel,stored_gumbel_pivot,released_raw_empirical_null,trgof_s2,"Tr-GoF, s=2 (HC)",reference_score_trgof,not_applicable,,,100,500,0.046,0.009377840251121315,4.712486525727494,1.0,0,23,0.046,score_gt_c_or_score_eq_c_and_u_lt_gamma
1p3B,facebook/opt-1.3b,50272,gumbel,stored_gumbel_pivot,released_watermarked,trgof_s2,"Tr-GoF, s=2 (HC)",reference_score_trgof,not_applicable,,,100,500,0.496,0.022382357781962105,4.712486525727494,1.0,0,248,0.496,score_gt_c_or_score_eq_c_and_u_lt_gamma
1p3B,facebook/opt-1.3b,50272,gumbel,stored_gumbel_pivot,calibration_exact_null,trgof_s2,"Tr-GoF, s=2 (HC)",reference_score_trgof,not_applicable,,,200,10000,0.05,0.0021795584524175416,4.9273617251002735,1.0,1,500,0.05,score_gt_c_or_score_eq_c_and_u_lt_gamma
1p3B,facebook/opt-1.3b,50272,gumbel,stored_gumbel_pivot,released_raw_empirical_null,trgof_s2,"Tr-GoF, s=2 (HC)",reference_score_trgof,not_applicable,,,200,500,0.042,0.008979602804860922,4.9273617251002735,1.0,0,21,0.042,score_gt_c_or_score_eq_c_and_u_lt_gamma
1p3B,facebook/opt-1.3b,50272,gumbel,stored_gumbel_pivot,released_watermarked,trgof_s2,"Tr-GoF, s=2 (HC)",reference_score_trgof,not_applicable,,,200,500,0.786,0.01835979750238704,4.9273617251002735,1.0,0,393,0.786,score_gt_c_or_score_eq_c_and_u_lt_gamma
1p3B,facebook/opt-1.3b,50272,inverse,formal_eta_j_over_v_minus_1,calibration_exact_null,h_neg,h_neg,reference_score,not_applicable,,,50,10000,0.05,0.0021795584524175416,-13.94868542466325,1.0,1,500,0.05,score_gt_c_or_score_eq_c_and_u_lt_gamma
1p3B,facebook/opt-1.3b,50272,inverse,formal_eta_j_over_v_minus_1,released_raw_empirical_null,h_neg,h_neg,reference_score,not_applicable,,,50,500,0.054,0.010117941761592718,-13.94868542466325,1.0,0,27,0.054,score_gt_c_or_score_eq_c_and_u_lt_gamma
1p3B,facebook/opt-1.3b,50272,inverse,formal_eta_j_over_v_minus_1,released_watermarked,h_neg,h_neg,reference_score,not_applicable,,,50,500,0.142,0.01562563024781025,-13.94868542466325,1.0,0,71,0.142,score_gt_c_or_score_eq_c_and_u_lt_gamma
1p3B,facebook/opt-1.3b,50272,inverse,formal_eta_j_over_v_minus_1,calibration_exact_null,h_neg,h_neg,reference_score,not_applicable,,,100,10000,0.05,0.0021795584524175416,-29.431658307745817,1.0,1,500,0.05,score_gt_c_or_score_eq_c_and_u_lt_gamma
1p3B,facebook/opt-1.3b,50272,inverse,formal_eta_j_over_v_minus_1,released_raw_empirical_null,h_neg,h_neg,reference_score,not_applicable,,,100,500,0.056,0.01029271002989587,-29.431658307745817,1.0,0,28,0.056,score_gt_c_or_score_eq_c_and_u_lt_gamma
1p3B,facebook/opt-1.3b,50272,inverse,formal_eta_j_over_v_minus_1,released_watermarked,h_neg,h_neg,reference_score,not_applicable,,,100,500,0.226,0.01872295644913999,-29.431658307745817,1.0,0,113,0.226,score_gt_c_or_score_eq_c_and_u_lt_gamma
1p3B,facebook/opt-1.3b,50272,inverse,formal_eta_j_over_v_minus_1,calibration_exact_null,h_neg,h_neg,reference_score,not_applicable,,,200,10000,0.05,0.002179558452417541,-61.183976330273886,1.0,1,500,0.05,score_gt_c_or_score_eq_c_and_u_lt_gamma
1p3B,facebook/opt-1.3b,50272,inverse,formal_eta_j_over_v_minus_1,released_raw_empirical_null,h_neg,h_neg,reference_score,not_applicable,,,200,500,0.05,0.009756555783754993,-61.183976330273886,1.0,0,25,0.05,score_gt_c_or_score_eq_c_and_u_lt_gamma
1p3B,facebook/opt-1.3b,50272,inverse,formal_eta_j_over_v_minus_1,released_watermarked,h_neg,h_neg,reference_score,not_applicable,,,200,500,0.356,0.02143471235607269,-61.183976330273886,1.0,0,178,0.356,score_gt_c_or_score_eq_c_and_u_lt_gamma
1p3B,facebook/opt-1.3b,50272,inverse,formal_eta_j_over_v_minus_1,calibration_exact_null,h_dif_star_0.1,"h*_dif,.1",reference_score,not_applicable,,,50,10000,0.05,0.0021795584524175416,1.5409138561002658,1.0,1,500,0.05,score_gt_c_or_score_eq_c_and_u_lt_gamma
1p3B,facebook/opt-1.3b,50272,inverse,formal_eta_j_over_v_minus_1,released_raw_empirical_null,h_dif_star_0.1,"h*_dif,.1",reference_score,not_applicable,,,50,500,0.054,0.010117941761592718,1.5409138561002658,1.0,0,27,0.054,score_gt_c_or_score_eq_c_and_u_lt_gamma
1p3B,facebook/opt-1.3b,50272,inverse,formal_eta_j_over_v_minus_1,released_watermarked,h_dif_star_0.1,"h*_dif,.1",reference_score,not_applicable,,,50,500,0.154,0.016158285192455334,1.5409138561002658,1.0,0,77,0.154,score_gt_c_or_score_eq_c_and_u_lt_gamma
1p3B,facebook/opt-1.3b,50272,inverse,formal_eta_j_over_v_minus_1,calibration_exact_null,h_dif_star_0.1,"h*_dif,.1",reference_score,not_applicable,,,100,10000,0.05,0.0021795584524175416,1.6129152961720519,1.0,1,500,0.05,score_gt_c_or_score_eq_c_and_u_lt_gamma
1p3B,facebook/opt-1.3b,50272,inverse,formal_eta_j_over_v_minus_1,released_raw_empirical_null,h_dif_star_0.1,"h*_dif,.1",reference_score,not_applicable,,,100,500,0.05,0.009756555783754993,1.6129152961720519,1.0,0,25,0.05,score_gt_c_or_score_eq_c_and_u_lt_gamma
1p3B,facebook/opt-1.3b,50272,inverse,formal_eta_j_over_v_minus_1,released_watermarked,h_dif_star_0.1,"h*_dif,.1",reference_score,not_applicable,,,100,500,0.248,0.01933234282123912,1.6129152961720519,1.0,0,124,0.248,score_gt_c_or_score_eq_c_and_u_lt_gamma
1p3B,facebook/opt-1.3b,50272,inverse,formal_eta_j_over_v_minus_1,calibration_exact_null,h_dif_star_0.1,"h*_dif,.1",reference_score,not_applicable,,,200,10000,0.05,0.0021795584524175416,-0.36181343524178283,1.0,1,500,0.05,score_gt_c_or_score_eq_c_and_u_lt_gamma
1p3B,facebook/opt-1.3b,50272,inverse,formal_eta_j_over_v_minus_1,released_raw_empirical_null,h_dif_star_0.1,"h*_dif,.1",reference_score,not_applicable,,,200,500,0.054,0.010117941761592716,-0.36181343524178283,1.0,0,27,0.054,score_gt_c_or_score_eq_c_and_u_lt_gamma
1p3B,facebook/opt-1.3b,50272,inverse,formal_eta_j_over_v_minus_1,released_watermarked,h_dif_star_0.1,"h*_dif,.1",reference_score,not_applicable,,,200,500,0.374,0.021660710347204473,-0.36181343524178283,1.0,0,187,0.374,score_gt_c_or_score_eq_c_and_u_lt_gamma
1p3B,facebook/opt-1.3b,50272,inverse,formal_eta_j_over_v_minus_1,calibration_exact_null,h_dif_star_0.01,"h*_dif,.01",reference_score,not_applicable,,,50,10000,0.05,0.0021795584524175416,0.19580238153982668,1.0,1,500,0.05,score_gt_c_or_score_eq_c_and_u_lt_gamma
1p3B,facebook/opt-1.3b,50272,inverse,formal_eta_j_over_v_minus_1,released_raw_empirical_null,h_dif_star_0.01,"h*_dif,.01",reference_score,not_applicable,,,50,500,0.052,0.00993929470125102,0.19580238153982668,1.0,0,26,0.052,score_gt_c_or_score_eq_c_and_u_lt_gamma
1p3B,facebook/opt-1.3b,50272,inverse,formal_eta_j_over_v_minus_1,released_watermarked,h_dif_star_0.01,"h*_dif,.01",reference_score,not_applicable,,,50,500,0.164,0.016575811142446696,0.19580238153982668,1.0,0,82,0.164,score_gt_c_or_score_eq_c_and_u_lt_gamma
1p3B,facebook/opt-1.3b,50272,inverse,formal_eta_j_over_v_minus_1,calibration_exact_null,h_dif_star_0.01,"h*_dif,.01",reference_score,not_applicable,,,100,10000,0.05,0.0021795584524175416,0.3020103532116178,1.0,1,500,0.05,score_gt_c_or_score_eq_c_and_u_lt_gamma
1p3B,facebook/opt-1.3b,50272,inverse,formal_eta_j_over_v_minus_1,released_raw_empirical_null,h_dif_star_0.01,"h*_dif,.01",reference_score,not_applicable,,,100,500,0.052,0.00993929470125102,0.3020103532116178,1.0,0,26,0.052,score_gt_c_or_score_eq_c_and_u_lt_gamma
1p3B,facebook/opt-1.3b,50272,inverse,formal_eta_j_over_v_minus_1,released_watermarked,h_dif_star_0.01,"h*_dif,.01",reference_score,not_applicable,,,100,500,0.258,0.01958671178521587,0.3020103532116178,1.0,0,129,0.258,score_gt_c_or_score_eq_c_and_u_lt_gamma
1p3B,facebook/opt-1.3b,50272,inverse,formal_eta_j_over_v_minus_1,calibration_exact_null,h_dif_star_0.01,"h*_dif,.01",reference_score,not_applicable,,,200,10000,0.05,0.0021795584524175416,0.45733221834596327,1.0,1,500,0.05,score_gt_c_or_score_eq_c_and_u_lt_gamma
1p3B,facebook/opt-1.3b,50272,inverse,formal_eta_j_over_v_minus_1,released_raw_empirical_null,h_dif_star_0.01,"h*_dif,.01",reference_score,not_applicable,,,200,500,0.052,0.00993929470125102,0.45733221834596327,1.0,0,26,0.052,score_gt_c_or_score_eq_c_and_u_lt_gamma
1p3B,facebook/opt-1.3b,50272,inverse,formal_eta_j_over_v_minus_1,released_watermarked,h_dif_star_0.01,"h*_dif,.01",reference_score,not_applicable,,,200,500,0.4,0.02193084412072858,0.45733221834596327,1.0,0,200,0.4,score_gt_c_or_score_eq_c_and_u_lt_gamma
1p3B,facebook/opt-1.3b,50272,inverse,formal_eta_j_over_v_minus_1,calibration_exact_null,h_dif_star_0.001,"h*_dif,.001",reference_score,not_applicable,,,50,10000,0.05,0.002179558452417541,0.019847343099401987,1.0,1,500,0.05,score_gt_c_or_score_eq_c_and_u_lt_gamma
1p3B,facebook/opt-1.3b,50272,inverse,formal_eta_j_over_v_minus_1,released_raw_empirical_null,h_dif_star_0.001,"h*_dif,.001",reference_score,not_applicable,,,50,500,0.052,0.00993929470125102,0.019847343099401987,1.0,0,26,0.052,score_gt_c_or_score_eq_c_and_u_lt_gamma
1p3B,facebook/opt-1.3b,50272,inverse,formal_eta_j_over_v_minus_1,released_watermarked,h_dif_star_0.001,"h*_dif,.001",reference_score,not_applicable,,,50,500,0.162,0.016494123566423557,0.019847343099401987,1.0,0,81,0.162,score_gt_c_or_score_eq_c_and_u_lt_gamma
1p3B,facebook/opt-1.3b,50272,inverse,formal_eta_j_over_v_minus_1,calibration_exact_null,h_dif_star_0.001,"h*_dif,.001",reference_score,not_applicable,,,100,10000,0.05,0.0021795584524175416,0.03105920975288354,1.0,1,500,0.05,score_gt_c_or_score_eq_c_and_u_lt_gamma
1p3B,facebook/opt-1.3b,50272,inverse,formal_eta_j_over_v_minus_1,released_raw_empirical_null,h_dif_star_0.001,"h*_dif,.001",reference_score,not_applicable,,,100,500,0.052,0.00993929470125102,0.03105920975288354,1.0,0,26,0.052,score_gt_c_or_score_eq_c_and_u_lt_gamma
1p3B,facebook/opt-1.3b,50272,inverse,formal_eta_j_over_v_minus_1,released_watermarked,h_dif_star_0.001,"h*_dif,.001",reference_score,not_applicable,,,100,500,0.258,0.01958671178521587,0.03105920975288354,1.0,0,129,0.258,score_gt_c_or_score_eq_c_and_u_lt_gamma
1p3B,facebook/opt-1.3b,50272,inverse,formal_eta_j_over_v_minus_1,calibration_exact_null,h_dif_star_0.001,"h*_dif,.001",reference_score,not_applicable,,,200,10000,0.05,0.0021795584524175416,0.04821394229902834,1.0,1,500,0.05,score_gt_c_or_score_eq_c_and_u_lt_gamma
1p3B,facebook/opt-1.3b,50272,inverse,formal_eta_j_over_v_minus_1,released_raw_empirical_null,h_dif_star_0.001,"h*_dif,.001",reference_score,not_applicable,,,200,500,0.054,0.010117941761592718,0.04821394229902834,1.0,0,27,0.054,score_gt_c_or_score_eq_c_and_u_lt_gamma
1p3B,facebook/opt-1.3b,50272,inverse,formal_eta_j_over_v_minus_1,released_watermarked,h_dif_star_0.001,"h*_dif,.001",reference_score,not_applicable,,,200,500,0.398,0.021912377885779953,0.04821394229902834,1.0,0,199,0.398,score_gt_c_or_score_eq_c_and_u_lt_gamma
1p3B,facebook/opt-1.3b,50272,inverse,formal_eta_j_over_v_minus_1,calibration_exact_null,bayes_tokenwise,"Bayes, tokenwise Delta",bayesian,uniform,0.001,0.5,50,10000,0.05,0.0021795584524175416,0.5167574370212641,1.0,1,500,0.05,score_gt_c_or_score_eq_c_and_u_lt_gamma
1p3B,facebook/opt-1.3b,50272,inverse,formal_eta_j_over_v_minus_1,released_raw_empirical_null,bayes_tokenwise,"Bayes, tokenwise Delta",bayesian,uniform,0.001,0.5,50,500,0.052,0.009939294701251022,0.5167574370212641,1.0,0,26,0.052,score_gt_c_or_score_eq_c_and_u_lt_gamma
1p3B,facebook/opt-1.3b,50272,inverse,formal_eta_j_over_v_minus_1,released_watermarked,bayes_tokenwise,"Bayes, tokenwise Delta",bayesian,uniform,0.001,0.5,50,500,0.176,0.01704785202062225,0.5167574370212641,1.0,0,88,0.176,score_gt_c_or_score_eq_c_and_u_lt_gamma
1p3B,facebook/opt-1.3b,50272,inverse,formal_eta_j_over_v_minus_1,calibration_exact_null,bayes_tokenwise,"Bayes, tokenwise Delta",bayesian,uniform,0.001,0.5,100,10000,0.05,0.002179558452417541,-2.264746108168268,1.0,1,500,0.05,score_gt_c_or_score_eq_c_and_u_lt_gamma
1p3B,facebook/opt-1.3b,50272,inverse,formal_eta_j_over_v_minus_1,released_raw_empirical_null,bayes_tokenwise,"Bayes, tokenwise Delta",bayesian,uniform,0.001,0.5,100,500,0.052,0.00993929470125102,-2.264746108168268,1.0,0,26,0.052,score_gt_c_or_score_eq_c_and_u_lt_gamma
1p3B,facebook/opt-1.3b,50272,inverse,formal_eta_j_over_v_minus_1,released_watermarked,bayes_tokenwise,"Bayes, tokenwise Delta",bayesian,uniform,0.001,0.5,100,500,0.25,0.019384310743640384,-2.264746108168268,1.0,0,125,0.25,score_gt_c_or_score_eq_c_and_u_lt_gamma
1p3B,facebook/opt-1.3b,50272,inverse,formal_eta_j_over_v_minus_1,calibration_exact_null,bayes_tokenwise,"Bayes, tokenwise Delta",bayesian,uniform,0.001,0.5,200,10000,0.05,0.0021795584524175416,-9.909153989414428,1.0,1,500,0.05,score_gt_c_or_score_eq_c_and_u_lt_gamma
1p3B,facebook/opt-1.3b,50272,inverse,formal_eta_j_over_v_minus_1,released_raw_empirical_null,bayes_tokenwise,"Bayes, tokenwise Delta",bayesian,uniform,0.001,0.5,200,500,0.064,0.01095664621097098,-9.909153989414428,1.0,0,32,0.064,score_gt_c_or_score_eq_c_and_u_lt_gamma
1p3B,facebook/opt-1.3b,50272,inverse,formal_eta_j_over_v_minus_1,released_watermarked,bayes_tokenwise,"Bayes, tokenwise Delta",bayesian,uniform,0.001,0.5,200,500,0.396,0.021893529941665716,-9.909153989414428,1.0,0,198,0.396,score_gt_c_or_score_eq_c_and_u_lt_gamma
1p3B,facebook/opt-1.3b,50272,inverse,formal_eta_j_over_v_minus_1,calibration_exact_null,bayes_shared,"Bayes, shared Delta",bayesian,uniform,0.001,0.5,50,10000,0.05,0.0021795584524175416,0.3861950624537478,1.0,1,500,0.05,score_gt_c_or_score_eq_c_and_u_lt_gamma
1p3B,facebook/opt-1.3b,50272,inverse,formal_eta_j_over_v_minus_1,released_raw_empirical_null,bayes_shared,"Bayes, shared Delta",bayesian,uniform,0.001,0.5,50,500,0.058,0.010463793860924815,0.3861950624537478,1.0,0,29,0.058,score_gt_c_or_score_eq_c_and_u_lt_gamma
1p3B,facebook/opt-1.3b,50272,inverse,formal_eta_j_over_v_minus_1,released_watermarked,bayes_shared,"Bayes, shared Delta",bayesian,uniform,0.001,0.5,50,500,0.146,0.015807205175834907,0.3861950624537478,1.0,0,73,0.146,score_gt_c_or_score_eq_c_and_u_lt_gamma
1p3B,facebook/opt-1.3b,50272,inverse,formal_eta_j_over_v_minus_1,calibration_exact_null,bayes_shared,"Bayes, shared Delta",bayesian,uniform,0.001,0.5,100,10000,0.05,0.0021795584524175416,-0.024714203139550417,1.0,1,500,0.05,score_gt_c_or_score_eq_c_and_u_lt_gamma
1p3B,facebook/opt-1.3b,50272,inverse,formal_eta_j_over_v_minus_1,released_raw_empirical_null,bayes_shared,"Bayes, shared Delta",bayesian,uniform,0.001,0.5,100,500,0.052,0.00993929470125102,-0.024714203139550417,1.0,0,26,0.052,score_gt_c_or_score_eq_c_and_u_lt_gamma
1p3B,facebook/opt-1.3b,50272,inverse,formal_eta_j_over_v_minus_1,released_watermarked,bayes_shared,"Bayes, shared Delta",bayesian,uniform,0.001,0.5,100,500,0.25,0.019384310743640384,-0.024714203139550417,1.0,0,125,0.25,score_gt_c_or_score_eq_c_and_u_lt_gamma
1p3B,facebook/opt-1.3b,50272,inverse,formal_eta_j_over_v_minus_1,calibration_exact_null,bayes_shared,"Bayes, shared Delta",bayesian,uniform,0.001,0.5,200,10000,0.05,0.0021795584524175416,-0.4273233630502027,1.0,1,500,0.05,score_gt_c_or_score_eq_c_and_u_lt_gamma
1p3B,facebook/opt-1.3b,50272,inverse,formal_eta_j_over_v_minus_1,released_raw_empirical_null,bayes_shared,"Bayes, shared Delta",bayesian,uniform,0.001,0.5,200,500,0.052,0.00993929470125102,-0.4273233630502027,1.0,0,26,0.052,score_gt_c_or_score_eq_c_and_u_lt_gamma
1p3B,facebook/opt-1.3b,50272,inverse,formal_eta_j_over_v_minus_1,released_watermarked,bayes_shared,"Bayes, shared Delta",bayesian,uniform,0.001,0.5,200,500,0.384,0.02177236946554712,-0.4273233630502027,1.0,0,192,0.384,score_gt_c_or_score_eq_c_and_u_lt_gamma
1p3B,facebook/opt-1.3b,50272,inverse,formal_eta_j_over_v_minus_1,calibration_exact_null,trgof_s2,"Tr-GoF, s=2 (HC)",reference_score_trgof,not_applicable,,,50,10000,0.05,0.0021795584524175416,4.4651819348141855,1.0,1,500,0.05,score_gt_c_or_score_eq_c_and_u_lt_gamma
1p3B,facebook/opt-1.3b,50272,inverse,formal_eta_j_over_v_minus_1,released_raw_empirical_null,trgof_s2,"Tr-GoF, s=2 (HC)",reference_score_trgof,not_applicable,,,50,500,0.046,0.009377840251121315,4.4651819348141855,1.0,0,23,0.046,score_gt_c_or_score_eq_c_and_u_lt_gamma
1p3B,facebook/opt-1.3b,50272,inverse,formal_eta_j_over_v_minus_1,released_watermarked,trgof_s2,"Tr-GoF, s=2 (HC)",reference_score_trgof,not_applicable,,,50,500,0.16,0.016411540980502393,4.4651819348141855,1.0,0,80,0.16,score_gt_c_or_score_eq_c_and_u_lt_gamma
1p3B,facebook/opt-1.3b,50272,inverse,formal_eta_j_over_v_minus_1,calibration_exact_null,trgof_s2,"Tr-GoF, s=2 (HC)",reference_score_trgof,not_applicable,,,100,10000,0.05,0.002179558452417541,4.6876884193925,1.0,1,500,0.05,score_gt_c_or_score_eq_c_and_u_lt_gamma
1p3B,facebook/opt-1.3b,50272,inverse,formal_eta_j_over_v_minus_1,released_raw_empirical_null,trgof_s2,"Tr-GoF, s=2 (HC)",reference_score_trgof,not_applicable,,,100,500,0.038,0.008559118940292168,4.6876884193925,1.0,0,19,0.038,score_gt_c_or_score_eq_c_and_u_lt_gamma
1p3B,facebook/opt-1.3b,50272,inverse,formal_eta_j_over_v_minus_1,released_watermarked,trgof_s2,"Tr-GoF, s=2 (HC)",reference_score_trgof,not_applicable,,,100,500,0.328,0.021017027165175464,4.6876884193925,1.0,0,164,0.328,score_gt_c_or_score_eq_c_and_u_lt_gamma
1p3B,facebook/opt-1.3b,50272,inverse,formal_eta_j_over_v_minus_1,calibration_exact_null,trgof_s2,"Tr-GoF, s=2 (HC)",reference_score_trgof,not_applicable,,,200,10000,0.05,0.0021795584524175416,4.911311147187668,1.0,1,500,0.05,score_gt_c_or_score_eq_c_and_u_lt_gamma
1p3B,facebook/opt-1.3b,50272,inverse,formal_eta_j_over_v_minus_1,released_raw_empirical_null,trgof_s2,"Tr-GoF, s=2 (HC)",reference_score_trgof,not_applicable,,,200,500,0.046,0.009377840251121315,4.911311147187668,1.0,0,23,0.046,score_gt_c_or_score_eq_c_and_u_lt_gamma
1p3B,facebook/opt-1.3b,50272,inverse,formal_eta_j_over_v_minus_1,released_watermarked,trgof_s2,"Tr-GoF, s=2 (HC)",reference_score_trgof,not_applicable,,,200,500,0.638,0.02151366252758236,4.911311147187668,1.0,0,319,0.638,score_gt_c_or_score_eq_c_and_u_lt_gamma
1p3B,facebook/opt-1.3b,50272,inverse,upstream_shifted_eta_j_minus_1_over_v_minus_1,calibration_exact_null,h_neg,h_neg,reference_score,not_applicable,,,50,10000,0.05,0.0021795584524175416,-13.94884456213813,1.0,1,500,0.05,score_gt_c_or_score_eq_c_and_u_lt_gamma
1p3B,facebook/opt-1.3b,50272,inverse,upstream_shifted_eta_j_minus_1_over_v_minus_1,released_raw_empirical_null,h_neg,h_neg,reference_score,not_applicable,,,50,500,0.054,0.010117941761592718,-13.94884456213813,1.0,0,27,0.054,score_gt_c_or_score_eq_c_and_u_lt_gamma
1p3B,facebook/opt-1.3b,50272,inverse,upstream_shifted_eta_j_minus_1_over_v_minus_1,released_watermarked,h_neg,h_neg,reference_score,not_applicable,,,50,500,0.142,0.01562563024781025,-13.94884456213813,1.0,0,71,0.142,score_gt_c_or_score_eq_c_and_u_lt_gamma
1p3B,facebook/opt-1.3b,50272,inverse,upstream_shifted_eta_j_minus_1_over_v_minus_1,calibration_exact_null,h_neg,h_neg,reference_score,not_applicable,,,100,10000,0.05,0.0021795584524175416,-29.431698092114555,1.0,1,500,0.05,score_gt_c_or_score_eq_c_and_u_lt_gamma
1p3B,facebook/opt-1.3b,50272,inverse,upstream_shifted_eta_j_minus_1_over_v_minus_1,released_raw_empirical_null,h_neg,h_neg,reference_score,not_applicable,,,100,500,0.056,0.01029271002989587,-29.431698092114555,1.0,0,28,0.056,score_gt_c_or_score_eq_c_and_u_lt_gamma
1p3B,facebook/opt-1.3b,50272,inverse,upstream_shifted_eta_j_minus_1_over_v_minus_1,released_watermarked,h_neg,h_neg,reference_score,not_applicable,,,100,500,0.226,0.01872295644913999,-29.431698092114555,1.0,0,113,0.226,score_gt_c_or_score_eq_c_and_u_lt_gamma
1p3B,facebook/opt-1.3b,50272,inverse,upstream_shifted_eta_j_minus_1_over_v_minus_1,calibration_exact_null,h_neg,h_neg,reference_score,not_applicable,,,200,10000,0.05,0.002179558452417541,-61.18441395832982,1.0,1,500,0.05,score_gt_c_or_score_eq_c_and_u_lt_gamma
1p3B,facebook/opt-1.3b,50272,inverse,upstream_shifted_eta_j_minus_1_over_v_minus_1,released_raw_empirical_null,h_neg,h_neg,reference_score,not_applicable,,,200,500,0.05,0.009756555783754993,-61.18441395832982,1.0,0,25,0.05,score_gt_c_or_score_eq_c_and_u_lt_gamma
1p3B,facebook/opt-1.3b,50272,inverse,upstream_shifted_eta_j_minus_1_over_v_minus_1,released_watermarked,h_neg,h_neg,reference_score,not_applicable,,,200,500,0.356,0.02143471235607269,-61.18441395832982,1.0,0,178,0.356,score_gt_c_or_score_eq_c_and_u_lt_gamma
1p3B,facebook/opt-1.3b,50272,inverse,upstream_shifted_eta_j_minus_1_over_v_minus_1,calibration_exact_null,h_dif_star_0.1,"h*_dif,.1",reference_score,not_applicable,,,50,10000,0.05,0.0021795584524175416,1.5408281216105768,1.0,1,500,0.05,score_gt_c_or_score_eq_c_and_u_lt_gamma
1p3B,facebook/opt-1.3b,50272,inverse,upstream_shifted_eta_j_minus_1_over_v_minus_1,released_raw_empirical_null,h_dif_star_0.1,"h*_dif,.1",reference_score,not_applicable,,,50,500,0.054,0.010117941761592718,1.5408281216105768,1.0,0,27,0.054,score_gt_c_or_score_eq_c_and_u_lt_gamma
1p3B,facebook/opt-1.3b,50272,inverse,upstream_shifted_eta_j_minus_1_over_v_minus_1,released_watermarked,h_dif_star_0.1,"h*_dif,.1",reference_score,not_applicable,,,50,500,0.154,0.016158285192455334,1.5408281216105768,1.0,0,77,0.154,score_gt_c_or_score_eq_c_and_u_lt_gamma
1p3B,facebook/opt-1.3b,50272,inverse,upstream_shifted_eta_j_minus_1_over_v_minus_1,calibration_exact_null,h_dif_star_0.1,"h*_dif,.1",reference_score,not_applicable,,,100,10000,0.05,0.0021795584524175416,1.6132424435219979,1.0,1,500,0.05,score_gt_c_or_score_eq_c_and_u_lt_gamma
1p3B,facebook/opt-1.3b,50272,inverse,upstream_shifted_eta_j_minus_1_over_v_minus_1,released_raw_empirical_null,h_dif_star_0.1,"h*_dif,.1",reference_score,not_applicable,,,100,500,0.05,0.009756555783754993,1.6132424435219979,1.0,0,25,0.05,score_gt_c_or_score_eq_c_and_u_lt_gamma
1p3B,facebook/opt-1.3b,50272,inverse,upstream_shifted_eta_j_minus_1_over_v_minus_1,released_watermarked,h_dif_star_0.1,"h*_dif,.1",reference_score,not_applicable,,,100,500,0.248,0.01933234282123912,1.6132424435219979,1.0,0,124,0.248,score_gt_c_or_score_eq_c_and_u_lt_gamma
1p3B,facebook/opt-1.3b,50272,inverse,upstream_shifted_eta_j_minus_1_over_v_minus_1,calibration_exact_null,h_dif_star_0.1,"h*_dif,.1",reference_score,not_applicable,,,200,10000,0.05,0.0021795584524175416,-0.3452373374232835,1.0,1,500,0.05,score_gt_c_or_score_eq_c_and_u_lt_gamma
1p3B,facebook/opt-1.3b,50272,inverse,upstream_shifted_eta_j_minus_1_over_v_minus_1,released_raw_empirical_null,h_dif_star_0.1,"h*_dif,.1",reference_score,not_applicable,,,200,500,0.054,0.010117941761592716,-0.3452373374232835,1.0,0,27,0.054,score_gt_c_or_score_eq_c_and_u_lt_gamma
1p3B,facebook/opt-1.3b,50272,inverse,upstream_shifted_eta_j_minus_1_over_v_minus_1,released_watermarked,h_dif_star_0.1,"h*_dif,.1",reference_score,not_applicable,,,200,500,0.374,0.021660710347204473,-0.3452373374232835,1.0,0,187,0.374,score_gt_c_or_score_eq_c_and_u_lt_gamma
1p3B,facebook/opt-1.3b,50272,inverse,upstream_shifted_eta_j_minus_1_over_v_minus_1,calibration_exact_null,h_dif_star_0.01,"h*_dif,.01",reference_score,not_applicable,,,50,10000,0.05,0.0021795584524175416,0.19580741817426683,1.0,1,500,0.05,score_gt_c_or_score_eq_c_and_u_lt_gamma
1p3B,facebook/opt-1.3b,50272,inverse,upstream_shifted_eta_j_minus_1_over_v_minus_1,released_raw_empirical_null,h_dif_star_0.01,"h*_dif,.01",reference_score,not_applicable,,,50,500,0.052,0.00993929470125102,0.19580741817426683,1.0,0,26,0.052,score_gt_c_or_score_eq_c_and_u_lt_gamma
1p3B,facebook/opt-1.3b,50272,inverse,upstream_shifted_eta_j_minus_1_over_v_minus_1,released_watermarked,h_dif_star_0.01,"h*_dif,.01",reference_score,not_applicable,,,50,500,0.164,0.016575811142446696,0.19580741817426683,1.0,0,82,0.164,score_gt_c_or_score_eq_c_and_u_lt_gamma
1p3B,facebook/opt-1.3b,50272,inverse,upstream_shifted_eta_j_minus_1_over_v_minus_1,calibration_exact_null,h_dif_star_0.01,"h*_dif,.01",reference_score,not_applicable,,,100,10000,0.05,0.0021795584524175416,0.30202820450845214,1.0,1,500,0.05,score_gt_c_or_score_eq_c_and_u_lt_gamma
1p3B,facebook/opt-1.3b,50272,inverse,upstream_shifted_eta_j_minus_1_over_v_minus_1,released_raw_empirical_null,h_dif_star_0.01,"h*_dif,.01",reference_score,not_applicable,,,100,500,0.052,0.00993929470125102,0.30202820450845214,1.0,0,26,0.052,score_gt_c_or_score_eq_c_and_u_lt_gamma
1p3B,facebook/opt-1.3b,50272,inverse,upstream_shifted_eta_j_minus_1_over_v_minus_1,released_watermarked,h_dif_star_0.01,"h*_dif,.01",reference_score,not_applicable,,,100,500,0.258,0.01958671178521587,0.30202820450845214,1.0,0,129,0.258,score_gt_c_or_score_eq_c_and_u_lt_gamma
1p3B,facebook/opt-1.3b,50272,inverse,upstream_shifted_eta_j_minus_1_over_v_minus_1,calibration_exact_null,h_dif_star_0.01,"h*_dif,.01",reference_score,not_applicable,,,200,10000,0.05,0.0021795584524175416,0.45730063467145166,1.0,1,500,0.05,score_gt_c_or_score_eq_c_and_u_lt_gamma
1p3B,facebook/opt-1.3b,50272,inverse,upstream_shifted_eta_j_minus_1_over_v_minus_1,released_raw_empirical_null,h_dif_star_0.01,"h*_dif,.01",reference_score,not_applicable,,,200,500,0.052,0.00993929470125102,0.45730063467145166,1.0,0,26,0.052,score_gt_c_or_score_eq_c_and_u_lt_gamma
1p3B,facebook/opt-1.3b,50272,inverse,upstream_shifted_eta_j_minus_1_over_v_minus_1,released_watermarked,h_dif_star_0.01,"h*_dif,.01",reference_score,not_applicable,,,200,500,0.4,0.02193084412072858,0.45730063467145166,1.0,0,200,0.4,score_gt_c_or_score_eq_c_and_u_lt_gamma
1p3B,facebook/opt-1.3b,50272,inverse,upstream_shifted_eta_j_minus_1_over_v_minus_1,calibration_exact_null,h_dif_star_0.001,"h*_dif,.001",reference_score,not_applicable,,,50,10000,0.05,0.002179558452417541,0.01984782038335159,1.0,1,500,0.05,score_gt_c_or_score_eq_c_and_u_lt_gamma
1p3B,facebook/opt-1.3b,50272,inverse,upstream_shifted_eta_j_minus_1_over_v_minus_1,released_raw_empirical_null,h_dif_star_0.001,"h*_dif,.001",reference_score,not_applicable,,,50,500,0.052,0.00993929470125102,0.01984782038335159,1.0,0,26,0.052,score_gt_c_or_score_eq_c_and_u_lt_gamma
1p3B,facebook/opt-1.3b,50272,inverse,upstream_shifted_eta_j_minus_1_over_v_minus_1,released_watermarked,h_dif_star_0.001,"h*_dif,.001",reference_score,not_applicable,,,50,500,0.162,0.016494123566423557,0.01984782038335159,1.0,0,81,0.162,score_gt_c_or_score_eq_c_and_u_lt_gamma
1p3B,facebook/opt-1.3b,50272,inverse,upstream_shifted_eta_j_minus_1_over_v_minus_1,calibration_exact_null,h_dif_star_0.001,"h*_dif,.001",reference_score,not_applicable,,,100,10000,0.05,0.0021795584524175416,0.03105937066806052,1.0,1,500,0.05,score_gt_c_or_score_eq_c_and_u_lt_gamma
1p3B,facebook/opt-1.3b,50272,inverse,upstream_shifted_eta_j_minus_1_over_v_minus_1,released_raw_empirical_null,h_dif_star_0.001,"h*_dif,.001",reference_score,not_applicable,,,100,500,0.052,0.00993929470125102,0.03105937066806052,1.0,0,26,0.052,score_gt_c_or_score_eq_c_and_u_lt_gamma
1p3B,facebook/opt-1.3b,50272,inverse,upstream_shifted_eta_j_minus_1_over_v_minus_1,released_watermarked,h_dif_star_0.001,"h*_dif,.001",reference_score,not_applicable,,,100,500,0.258,0.01958671178521587,0.03105937066806052,1.0,0,129,0.258,score_gt_c_or_score_eq_c_and_u_lt_gamma
1p3B,facebook/opt-1.3b,50272,inverse,upstream_shifted_eta_j_minus_1_over_v_minus_1,calibration_exact_null,h_dif_star_0.001,"h*_dif,.001",reference_score,not_applicable,,,200,10000,0.05,0.0021795584524175416,0.048213232831871004,1.0,1,500,0.05,score_gt_c_or_score_eq_c_and_u_lt_gamma
1p3B,facebook/opt-1.3b,50272,inverse,upstream_shifted_eta_j_minus_1_over_v_minus_1,released_raw_empirical_null,h_dif_star_0.001,"h*_dif,.001",reference_score,not_applicable,,,200,500,0.054,0.010117941761592718,0.048213232831871004,1.0,0,27,0.054,score_gt_c_or_score_eq_c_and_u_lt_gamma
1p3B,facebook/opt-1.3b,50272,inverse,upstream_shifted_eta_j_minus_1_over_v_minus_1,released_watermarked,h_dif_star_0.001,"h*_dif,.001",reference_score,not_applicable,,,200,500,0.398,0.021912377885779953,0.048213232831871004,1.0,0,199,0.398,score_gt_c_or_score_eq_c_and_u_lt_gamma
1p3B,facebook/opt-1.3b,50272,inverse,upstream_shifted_eta_j_minus_1_over_v_minus_1,calibration_exact_null,bayes_tokenwise,"Bayes, tokenwise Delta",bayesian,uniform,0.001,0.5,50,10000,0.05,0.0021795584524175416,0.5166825454607581,1.0,1,500,0.05,score_gt_c_or_score_eq_c_and_u_lt_gamma
1p3B,facebook/opt-1.3b,50272,inverse,upstream_shifted_eta_j_minus_1_over_v_minus_1,released_raw_empirical_null,bayes_tokenwise,"Bayes, tokenwise Delta",bayesian,uniform,0.001,0.5,50,500,0.052,0.009939294701251022,0.5166825454607581,1.0,0,26,0.052,score_gt_c_or_score_eq_c_and_u_lt_gamma
1p3B,facebook/opt-1.3b,50272,inverse,upstream_shifted_eta_j_minus_1_over_v_minus_1,released_watermarked,bayes_tokenwise,"Bayes, tokenwise Delta",bayesian,uniform,0.001,0.5,50,500,0.176,0.01704785202062225,0.5166825454607581,1.0,0,88,0.176,score_gt_c_or_score_eq_c_and_u_lt_gamma
1p3B,facebook/opt-1.3b,50272,inverse,upstream_shifted_eta_j_minus_1_over_v_minus_1,calibration_exact_null,bayes_tokenwise,"Bayes, tokenwise Delta",bayesian,uniform,0.001,0.5,100,10000,0.05,0.002179558452417541,-2.2650605874282697,1.0,1,500,0.05,score_gt_c_or_score_eq_c_and_u_lt_gamma
1p3B,facebook/opt-1.3b,50272,inverse,upstream_shifted_eta_j_minus_1_over_v_minus_1,released_raw_empirical_null,bayes_tokenwise,"Bayes, tokenwise Delta",bayesian,uniform,0.001,0.5,100,500,0.052,0.00993929470125102,-2.2650605874282697,1.0,0,26,0.052,score_gt_c_or_score_eq_c_and_u_lt_gamma
1p3B,facebook/opt-1.3b,50272,inverse,upstream_shifted_eta_j_minus_1_over_v_minus_1,released_watermarked,bayes_tokenwise,"Bayes, tokenwise Delta",bayesian,uniform,0.001,0.5,100,500,0.25,0.019384310743640384,-2.2650605874282697,1.0,0,125,0.25,score_gt_c_or_score_eq_c_and_u_lt_gamma
1p3B,facebook/opt-1.3b,50272,inverse,upstream_shifted_eta_j_minus_1_over_v_minus_1,calibration_exact_null,bayes_tokenwise,"Bayes, tokenwise Delta",bayesian,uniform,0.001,0.5,200,10000,0.05,0.0021795584524175416,-9.90850863857745,1.0,1,500,0.05,score_gt_c_or_score_eq_c_and_u_lt_gamma
1p3B,facebook/opt-1.3b,50272,inverse,upstream_shifted_eta_j_minus_1_over_v_minus_1,released_raw_empirical_null,bayes_tokenwise,"Bayes, tokenwise Delta",bayesian,uniform,0.001,0.5,200,500,0.064,0.01095664621097098,-9.90850863857745,1.0,0,32,0.064,score_gt_c_or_score_eq_c_and_u_lt_gamma
1p3B,facebook/opt-1.3b,50272,inverse,upstream_shifted_eta_j_minus_1_over_v_minus_1,released_watermarked,bayes_tokenwise,"Bayes, tokenwise Delta",bayesian,uniform,0.001,0.5,200,500,0.396,0.021893529941665716,-9.90850863857745,1.0,0,198,0.396,score_gt_c_or_score_eq_c_and_u_lt_gamma
1p3B,facebook/opt-1.3b,50272,inverse,upstream_shifted_eta_j_minus_1_over_v_minus_1,calibration_exact_null,bayes_shared,"Bayes, shared Delta",bayesian,uniform,0.001,0.5,50,10000,0.05,0.0021795584524175416,0.3861248236804391,1.0,1,500,0.05,score_gt_c_or_score_eq_c_and_u_lt_gamma
1p3B,facebook/opt-1.3b,50272,inverse,upstream_shifted_eta_j_minus_1_over_v_minus_1,released_raw_empirical_null,bayes_shared,"Bayes, shared Delta",bayesian,uniform,0.001,0.5,50,500,0.058,0.010463793860924815,0.3861248236804391,1.0,0,29,0.058,score_gt_c_or_score_eq_c_and_u_lt_gamma
1p3B,facebook/opt-1.3b,50272,inverse,upstream_shifted_eta_j_minus_1_over_v_minus_1,released_watermarked,bayes_shared,"Bayes, shared Delta",bayesian,uniform,0.001,0.5,50,500,0.146,0.015807205175834907,0.3861248236804391,1.0,0,73,0.146,score_gt_c_or_score_eq_c_and_u_lt_gamma
1p3B,facebook/opt-1.3b,50272,inverse,upstream_shifted_eta_j_minus_1_over_v_minus_1,calibration_exact_null,bayes_shared,"Bayes, shared Delta",bayesian,uniform,0.001,0.5,100,10000,0.05,0.0021795584524175416,-0.02467904044961733,1.0,1,500,0.05,score_gt_c_or_score_eq_c_and_u_lt_gamma
1p3B,facebook/opt-1.3b,50272,inverse,upstream_shifted_eta_j_minus_1_over_v_minus_1,released_raw_empirical_null,bayes_shared,"Bayes, shared Delta",bayesian,uniform,0.001,0.5,100,500,0.052,0.00993929470125102,-0.02467904044961733,1.0,0,26,0.052,score_gt_c_or_score_eq_c_and_u_lt_gamma
1p3B,facebook/opt-1.3b,50272,inverse,upstream_shifted_eta_j_minus_1_over_v_minus_1,released_watermarked,bayes_shared,"Bayes, shared Delta",bayesian,uniform,0.001,0.5,100,500,0.25,0.019384310743640384,-0.02467904044961733,1.0,0,125,0.25,score_gt_c_or_score_eq_c_and_u_lt_gamma
1p3B,facebook/opt-1.3b,50272,inverse,upstream_shifted_eta_j_minus_1_over_v_minus_1,calibration_exact_null,bayes_shared,"Bayes, shared Delta",bayesian,uniform,0.001,0.5,200,10000,0.05,0.0021795584524175416,-0.4278792161689826,1.0,1,500,0.05,score_gt_c_or_score_eq_c_and_u_lt_gamma
1p3B,facebook/opt-1.3b,50272,inverse,upstream_shifted_eta_j_minus_1_over_v_minus_1,released_raw_empirical_null,bayes_shared,"Bayes, shared Delta",bayesian,uniform,0.001,0.5,200,500,0.052,0.00993929470125102,-0.4278792161689826,1.0,0,26,0.052,score_gt_c_or_score_eq_c_and_u_lt_gamma
1p3B,facebook/opt-1.3b,50272,inverse,upstream_shifted_eta_j_minus_1_over_v_minus_1,released_watermarked,bayes_shared,"Bayes, shared Delta",bayesian,uniform,0.001,0.5,200,500,0.384,0.02177236946554712,-0.4278792161689826,1.0,0,192,0.384,score_gt_c_or_score_eq_c_and_u_lt_gamma
1p3B,facebook/opt-1.3b,50272,inverse,upstream_shifted_eta_j_minus_1_over_v_minus_1,calibration_exact_null,trgof_s2,"Tr-GoF, s=2 (HC)",reference_score_trgof,not_applicable,,,50,10000,0.05,0.0021795584524175416,4.4619636755219645,1.0,1,500,0.05,score_gt_c_or_score_eq_c_and_u_lt_gamma
1p3B,facebook/opt-1.3b,50272,inverse,upstream_shifted_eta_j_minus_1_over_v_minus_1,released_raw_empirical_null,trgof_s2,"Tr-GoF, s=2 (HC)",reference_score_trgof,not_applicable,,,50,500,0.048,0.009569490597759172,4.4619636755219645,1.0,0,24,0.048,score_gt_c_or_score_eq_c_and_u_lt_gamma
1p3B,facebook/opt-1.3b,50272,inverse,upstream_shifted_eta_j_minus_1_over_v_minus_1,released_watermarked,trgof_s2,"Tr-GoF, s=2 (HC)",reference_score_trgof,not_applicable,,,50,500,0.16,0.016411540980502393,4.4619636755219645,1.0,0,80,0.16,score_gt_c_or_score_eq_c_and_u_lt_gamma
1p3B,facebook/opt-1.3b,50272,inverse,upstream_shifted_eta_j_minus_1_over_v_minus_1,calibration_exact_null,trgof_s2,"Tr-GoF, s=2 (HC)",reference_score_trgof,not_applicable,,,100,10000,0.05,0.002179558452417541,4.681619146793812,1.0,1,500,0.05,score_gt_c_or_score_eq_c_and_u_lt_gamma
1p3B,facebook/opt-1.3b,50272,inverse,upstream_shifted_eta_j_minus_1_over_v_minus_1,released_raw_empirical_null,trgof_s2,"Tr-GoF, s=2 (HC)",reference_score_trgof,not_applicable,,,100,500,0.038,0.008559118940292168,4.681619146793812,1.0,0,19,0.038,score_gt_c_or_score_eq_c_and_u_lt_gamma
1p3B,facebook/opt-1.3b,50272,inverse,upstream_shifted_eta_j_minus_1_over_v_minus_1,released_watermarked,trgof_s2,"Tr-GoF, s=2 (HC)",reference_score_trgof,not_applicable,,,100,500,0.326,0.02098400956239367,4.681619146793812,1.0,0,163,0.326,score_gt_c_or_score_eq_c_and_u_lt_gamma
1p3B,facebook/opt-1.3b,50272,inverse,upstream_shifted_eta_j_minus_1_over_v_minus_1,calibration_exact_null,trgof_s2,"Tr-GoF, s=2 (HC)",reference_score_trgof,not_applicable,,,200,10000,0.05,0.0021795584524175416,4.915466407177276,1.0,1,500,0.05,score_gt_c_or_score_eq_c_and_u_lt_gamma
1p3B,facebook/opt-1.3b,50272,inverse,upstream_shifted_eta_j_minus_1_over_v_minus_1,released_raw_empirical_null,trgof_s2,"Tr-GoF, s=2 (HC)",reference_score_trgof,not_applicable,,,200,500,0.046,0.009377840251121315,4.915466407177276,1.0,0,23,0.046,score_gt_c_or_score_eq_c_and_u_lt_gamma
1p3B,facebook/opt-1.3b,50272,inverse,upstream_shifted_eta_j_minus_1_over_v_minus_1,released_watermarked,trgof_s2,"Tr-GoF, s=2 (HC)",reference_score_trgof,not_applicable,,,200,500,0.638,0.02151366252758236,4.915466407177276,1.0,0,319,0.638,score_gt_c_or_score_eq_c_and_u_lt_gamma
2p7B,princeton-nlp/Sheared-LLaMA-2.7B,32000,gumbel,stored_gumbel_pivot,calibration_exact_null,h_ars,h_ars,reference_score,not_applicable,,,50,10000,0.05,0.0021795584524175416,62.367487104308395,1.0,1,500,0.05,score_gt_c_or_score_eq_c_and_u_lt_gamma
2p7B,princeton-nlp/Sheared-LLaMA-2.7B,32000,gumbel,stored_gumbel_pivot,released_raw_empirical_null,h_ars,h_ars,reference_score,not_applicable,,,50,500,0.042,0.008979602804860922,62.367487104308395,1.0,0,21,0.042,score_gt_c_or_score_eq_c_and_u_lt_gamma
2p7B,princeton-nlp/Sheared-LLaMA-2.7B,32000,gumbel,stored_gumbel_pivot,released_watermarked,h_ars,h_ars,reference_score,not_applicable,,,50,500,0.232,0.018896193591952035,62.367487104308395,1.0,0,116,0.232,score_gt_c_or_score_eq_c_and_u_lt_gamma
2p7B,princeton-nlp/Sheared-LLaMA-2.7B,32000,gumbel,stored_gumbel_pivot,calibration_exact_null,h_ars,h_ars,reference_score,not_applicable,,,100,10000,0.05,0.0021795584524175416,116.97727793051928,1.0,1,500,0.05,score_gt_c_or_score_eq_c_and_u_lt_gamma
2p7B,princeton-nlp/Sheared-LLaMA-2.7B,32000,gumbel,stored_gumbel_pivot,released_raw_empirical_null,h_ars,h_ars,reference_score,not_applicable,,,100,500,0.062,0.010795605132662119,116.97727793051928,1.0,0,31,0.062,score_gt_c_or_score_eq_c_and_u_lt_gamma
2p7B,princeton-nlp/Sheared-LLaMA-2.7B,32000,gumbel,stored_gumbel_pivot,released_watermarked,h_ars,h_ars,reference_score,not_applicable,,,100,500,0.34,0.021206117013673084,116.97727793051928,1.0,0,170,0.34,score_gt_c_or_score_eq_c_and_u_lt_gamma
2p7B,princeton-nlp/Sheared-LLaMA-2.7B,32000,gumbel,stored_gumbel_pivot,calibration_exact_null,h_ars,h_ars,reference_score,not_applicable,,,200,10000,0.05,0.0021795584524175416,223.88552390143786,1.0,1,500,0.05,score_gt_c_or_score_eq_c_and_u_lt_gamma
2p7B,princeton-nlp/Sheared-LLaMA-2.7B,32000,gumbel,stored_gumbel_pivot,released_raw_empirical_null,h_ars,h_ars,reference_score,not_applicable,,,200,500,0.04,0.008772337648291433,223.88552390143786,1.0,0,20,0.04,score_gt_c_or_score_eq_c_and_u_lt_gamma
2p7B,princeton-nlp/Sheared-LLaMA-2.7B,32000,gumbel,stored_gumbel_pivot,released_watermarked,h_ars,h_ars,reference_score,not_applicable,,,200,500,0.476,0.022357273881016475,223.88552390143786,1.0,0,238,0.476,score_gt_c_or_score_eq_c_and_u_lt_gamma
2p7B,princeton-nlp/Sheared-LLaMA-2.7B,32000,gumbel,stored_gumbel_pivot,calibration_exact_null,h_log,h_log,reference_score,not_applicable,,,50,10000,0.05,0.0021795584524175416,-38.857839991455975,1.0,1,500,0.05,score_gt_c_or_score_eq_c_and_u_lt_gamma
2p7B,princeton-nlp/Sheared-LLaMA-2.7B,32000,gumbel,stored_gumbel_pivot,released_raw_empirical_null,h_log,h_log,reference_score,not_applicable,,,50,500,0.06,0.010631371130019326,-38.857839991455975,1.0,0,30,0.06,score_gt_c_or_score_eq_c_and_u_lt_gamma
2p7B,princeton-nlp/Sheared-LLaMA-2.7B,32000,gumbel,stored_gumbel_pivot,released_watermarked,h_log,h_log,reference_score,not_applicable,,,50,500,0.154,0.016158285192455334,-38.857839991455975,1.0,0,77,0.154,score_gt_c_or_score_eq_c_and_u_lt_gamma
2p7B,princeton-nlp/Sheared-LLaMA-2.7B,32000,gumbel,stored_gumbel_pivot,calibration_exact_null,h_log,h_log,reference_score,not_applicable,,,100,10000,0.05,0.002179558452417541,-84.30422443725526,1.0,1,500,0.05,score_gt_c_or_score_eq_c_and_u_lt_gamma
2p7B,princeton-nlp/Sheared-LLaMA-2.7B,32000,gumbel,stored_gumbel_pivot,released_raw_empirical_null,h_log,h_log,reference_score,not_applicable,,,100,500,0.048,0.009569490597759172,-84.30422443725526,1.0,0,24,0.048,score_gt_c_or_score_eq_c_and_u_lt_gamma
2p7B,princeton-nlp/Sheared-LLaMA-2.7B,32000,gumbel,stored_gumbel_pivot,released_watermarked,h_log,h_log,reference_score,not_applicable,,,100,500,0.256,0.019536923574747664,-84.30422443725526,1.0,0,128,0.256,score_gt_c_or_score_eq_c_and_u_lt_gamma
2p7B,princeton-nlp/Sheared-LLaMA-2.7B,32000,gumbel,stored_gumbel_pivot,calibration_exact_null,h_log,h_log,reference_score,not_applicable,,,200,10000,0.05,0.002179558452417541,-177.4215365314193,1.0,1,500,0.05,score_gt_c_or_score_eq_c_and_u_lt_gamma
2p7B,princeton-nlp/Sheared-LLaMA-2.7B,32000,gumbel,stored_gumbel_pivot,released_raw_empirical_null,h_log,h_log,reference_score,not_applicable,,,200,500,0.05,0.009756555783754993,-177.4215365314193,1.0,0,25,0.05,score_gt_c_or_score_eq_c_and_u_lt_gamma
2p7B,princeton-nlp/Sheared-LLaMA-2.7B,32000,gumbel,stored_gumbel_pivot,released_watermarked,h_log,h_log,reference_score,not_applicable,,,200,500,0.384,0.02177236946554712,-177.4215365314193,1.0,0,192,0.384,score_gt_c_or_score_eq_c_and_u_lt_gamma
2p7B,princeton-nlp/Sheared-LLaMA-2.7B,32000,gumbel,stored_gumbel_pivot,calibration_exact_null,h_ind_1_over_e,"h_ind,1/e",reference_score,not_applicable,,,50,10000,0.05,0.002004969689701398,37.0,0.31085043988269795,341,507,0.0507,score_gt_c_or_score_eq_c_and_u_lt_gamma
2p7B,princeton-nlp/Sheared-LLaMA-2.7B,32000,gumbel,stored_gumbel_pivot,released_raw_empirical_null,h_ind_1_over_e,"h_ind,1/e",reference_score,not_applicable,,,50,500,0.040082111436950146,0.00812055363006385,37.0,0.31085043988269795,13,20,0.04,score_gt_c_or_score_eq_c_and_u_lt_gamma
2p7B,princeton-nlp/Sheared-LLaMA-2.7B,32000,gumbel,stored_gumbel_pivot,released_watermarked,h_ind_1_over_e,"h_ind,1/e",reference_score,not_applicable,,,50,500,0.14189442815249265,0.014715073658971817,37.0,0.31085043988269795,32,75,0.15,score_gt_c_or_score_eq_c_and_u_lt_gamma
2p7B,princeton-nlp/Sheared-LLaMA-2.7B,32000,gumbel,stored_gumbel_pivot,calibration_exact_null,h_ind_1_over_e,"h_ind,1/e",reference_score,not_applicable,,,100,10000,0.05,0.0020464432325626625,71.0,0.5022222222222222,225,515,0.0515,score_gt_c_or_score_eq_c_and_u_lt_gamma
2p7B,princeton-nlp/Sheared-LLaMA-2.7B,32000,gumbel,stored_gumbel_pivot,released_raw_empirical_null,h_ind_1_over_e,"h_ind,1/e",reference_score,not_applicable,,,100,500,0.04204444444444444,0.008408032220091531,71.0,0.5022222222222222,10,20,0.04,score_gt_c_or_score_eq_c_and_u_lt_gamma
2p7B,princeton-nlp/Sheared-LLaMA-2.7B,32000,gumbel,stored_gumbel_pivot,released_watermarked,h_ind_1_over_e,"h_ind,1/e",reference_score,not_applicable,,,100,500,0.24613333333333334,0.01848749844899268,71.0,0.5022222222222222,30,124,0.248,score_gt_c_or_score_eq_c_and_u_lt_gamma
2p7B,princeton-nlp/Sheared-LLaMA-2.7B,32000,gumbel,stored_gumbel_pivot,calibration_exact_null,h_ind_1_over_e,"h_ind,1/e",reference_score,not_applicable,,,200,10000,0.05,0.0021390319178905613,138.0,0.875,160,498,0.0498,score_gt_c_or_score_eq_c_and_u_lt_gamma
2p7B,princeton-nlp/Sheared-LLaMA-2.7B,32000,gumbel,stored_gumbel_pivot,released_raw_empirical_null,h_ind_1_over_e,"h_ind,1/e",reference_score,not_applicable,,,200,500,0.04225,0.008833086767585121,138.0,0.875,7,22,0.044,score_gt_c_or_score_eq_c_and_u_lt_gamma
2p7B,princeton-nlp/Sheared-LLaMA-2.7B,32000,gumbel,stored_gumbel_pivot,released_watermarked,h_ind_1_over_e,"h_ind,1/e",reference_score,not_applicable,,,200,500,0.3515,0.021270292680200777,138.0,0.875,10,175,0.35,score_gt_c_or_score_eq_c_and_u_lt_gamma
2p7B,princeton-nlp/Sheared-LLaMA-2.7B,32000,gumbel,stored_gumbel_pivot,calibration_exact_null,h_gum_star_0.01,"h*_gum,.01",reference_score,not_applicable,,,50,10000,0.05,0.0021795584524175416,0.6968626012326482,1.0,1,500,0.05,score_gt_c_or_score_eq_c_and_u_lt_gamma
2p7B,princeton-nlp/Sheared-LLaMA-2.7B,32000,gumbel,stored_gumbel_pivot,released_raw_empirical_null,h_gum_star_0.01,"h*_gum,.01",reference_score,not_applicable,,,50,500,0.052,0.00993929470125102,0.6968626012326482,1.0,0,26,0.052,score_gt_c_or_score_eq_c_and_u_lt_gamma
2p7B,princeton-nlp/Sheared-LLaMA-2.7B,32000,gumbel,stored_gumbel_pivot,released_watermarked,h_gum_star_0.01,"h*_gum,.01",reference_score,not_applicable,,,50,500,0.13,0.015055009352810992,0.6968626012326482,1.0,0,65,0.13,score_gt_c_or_score_eq_c_and_u_lt_gamma
2p7B,princeton-nlp/Sheared-LLaMA-2.7B,32000,gumbel,stored_gumbel_pivot,calibration_exact_null,h_gum_star_0.01,"h*_gum,.01",reference_score,not_applicable,,,100,10000,0.05,0.0021795584524175416,0.8538807567014436,1.0,1,500,0.05,score_gt_c_or_score_eq_c_and_u_lt_gamma
2p7B,princeton-nlp/Sheared-LLaMA-2.7B,32000,gumbel,stored_gumbel_pivot,released_raw_empirical_null,h_gum_star_0.01,"h*_gum,.01",reference_score,not_applicable,,,100,500,0.05,0.009756555783754993,0.8538807567014436,1.0,0,25,0.05,score_gt_c_or_score_eq_c_and_u_lt_gamma
2p7B,princeton-nlp/Sheared-LLaMA-2.7B,32000,gumbel,stored_gumbel_pivot,released_watermarked,h_gum_star_0.01,"h*_gum,.01",reference_score,not_applicable,,,100,500,0.23,0.018839050391123182,0.8538807567014436,1.0,0,115,0.23,score_gt_c_or_score_eq_c_and_u_lt_gamma
2p7B,princeton-nlp/Sheared-LLaMA-2.7B,32000,gumbel,stored_gumbel_pivot,calibration_exact_null,h_gum_star_0.01,"h*_gum,.01",reference_score,not_applicable,,,200,10000,0.05,0.002179558452417541,1.067545282929384,1.0,1,500,0.05,score_gt_c_or_score_eq_c_and_u_lt_gamma
2p7B,princeton-nlp/Sheared-LLaMA-2.7B,32000,gumbel,stored_gumbel_pivot,released_raw_empirical_null,h_gum_star_0.01,"h*_gum,.01",reference_score,not_applicable,,,200,500,0.06,0.010631371130019326,1.067545282929384,1.0,0,30,0.06,score_gt_c_or_score_eq_c_and_u_lt_gamma
2p7B,princeton-nlp/Sheared-LLaMA-2.7B,32000,gumbel,stored_gumbel_pivot,released_watermarked,h_gum_star_0.01,"h*_gum,.01",reference_score,not_applicable,,,200,500,0.288,0.020271503835075255,1.067545282929384,1.0,0,144,0.288,score_gt_c_or_score_eq_c_and_u_lt_gamma
2p7B,princeton-nlp/Sheared-LLaMA-2.7B,32000,gumbel,stored_gumbel_pivot,calibration_exact_null,h_gum_star_0.005,"h*_gum,.005",reference_score,not_applicable,,,50,10000,0.05,0.0021795584524175416,0.5142301657082899,1.0,1,500,0.05,score_gt_c_or_score_eq_c_and_u_lt_gamma
2p7B,princeton-nlp/Sheared-LLaMA-2.7B,32000,gumbel,stored_gumbel_pivot,released_raw_empirical_null,h_gum_star_0.005,"h*_gum,.005",reference_score,not_applicable,,,50,500,0.042,0.008979602804860922,0.5142301657082899,1.0,0,21,0.042,score_gt_c_or_score_eq_c_and_u_lt_gamma
2p7B,princeton-nlp/Sheared-LLaMA-2.7B,32000,gumbel,stored_gumbel_pivot,released_watermarked,h_gum_star_0.005,"h*_gum,.005",reference_score,not_applicable,,,50,500,0.098,0.013309631572104852,0.5142301657082899,1.0,0,49,0.098,score_gt_c_or_score_eq_c_and_u_lt_gamma
2p7B,princeton-nlp/Sheared-LLaMA-2.7B,32000,gumbel,stored_gumbel_pivot,calibration_exact_null,h_gum_star_0.005,"h*_gum,.005",reference_score,not_applicable,,,100,10000,0.05,0.0021795584524175416,0.6701914722734259,1.0,1,500,0.05,score_gt_c_or_score_eq_c_and_u_lt_gamma
2p7B,princeton-nlp/Sheared-LLaMA-2.7B,32000,gumbel,stored_gumbel_pivot,released_raw_empirical_null,h_gum_star_0.005,"h*_gum,.005",reference_score,not_applicable,,,100,500,0.046,0.009377840251121315,0.6701914722734259,1.0,0,23,0.046,score_gt_c_or_score_eq_c_and_u_lt_gamma
2p7B,princeton-nlp/Sheared-LLaMA-2.7B,32000,gumbel,stored_gumbel_pivot,released_watermarked,h_gum_star_0.005,"h*_gum,.005",reference_score,not_applicable,,,100,500,0.182,0.017272773297730436,0.6701914722734259,1.0,0,91,0.182,score_gt_c_or_score_eq_c_and_u_lt_gamma
2p7B,princeton-nlp/Sheared-LLaMA-2.7B,32000,gumbel,stored_gumbel_pivot,calibration_exact_null,h_gum_star_0.005,"h*_gum,.005",reference_score,not_applicable,,,200,10000,0.05,0.002179558452417541,0.8704059299688546,1.0,1,500,0.05,score_gt_c_or_score_eq_c_and_u_lt_gamma
2p7B,princeton-nlp/Sheared-LLaMA-2.7B,32000,gumbel,stored_gumbel_pivot,released_raw_empirical_null,h_gum_star_0.005,"h*_gum,.005",reference_score,not_applicable,,,200,500,0.048,0.00956949059775917,0.8704059299688546,1.0,0,24,0.048,score_gt_c_or_score_eq_c_and_u_lt_gamma
2p7B,princeton-nlp/Sheared-LLaMA-2.7B,32000,gumbel,stored_gumbel_pivot,released_watermarked,h_gum_star_0.005,"h*_gum,.005",reference_score,not_applicable,,,200,500,0.226,0.01872295644913999,0.8704059299688546,1.0,0,113,0.226,score_gt_c_or_score_eq_c_and_u_lt_gamma
2p7B,princeton-nlp/Sheared-LLaMA-2.7B,32000,gumbel,stored_gumbel_pivot,calibration_exact_null,h_spike_0.01,h^sp_.01,diagnostic_fixed_spike_likelihood,not_applicable,,,50,10000,0.05,0.0021795584524175416,-0.3924037873530034,1.0,1,500,0.05,score_gt_c_or_score_eq_c_and_u_lt_gamma
2p7B,princeton-nlp/Sheared-LLaMA-2.7B,32000,gumbel,stored_gumbel_pivot,released_raw_empirical_null,h_spike_0.01,h^sp_.01,diagnostic_fixed_spike_likelihood,not_applicable,,,50,500,0.058,0.010463793860924815,-0.3924037873530034,1.0,0,29,0.058,score_gt_c_or_score_eq_c_and_u_lt_gamma
2p7B,princeton-nlp/Sheared-LLaMA-2.7B,32000,gumbel,stored_gumbel_pivot,released_watermarked,h_spike_0.01,h^sp_.01,diagnostic_fixed_spike_likelihood,not_applicable,,,50,500,0.154,0.016158285192455334,-0.3924037873530034,1.0,0,77,0.154,score_gt_c_or_score_eq_c_and_u_lt_gamma
2p7B,princeton-nlp/Sheared-LLaMA-2.7B,32000,gumbel,stored_gumbel_pivot,calibration_exact_null,h_spike_0.01,h^sp_.01,diagnostic_fixed_spike_likelihood,not_applicable,,,100,10000,0.05,0.0021795584524175416,-0.8512988222560236,1.0,1,500,0.05,score_gt_c_or_score_eq_c_and_u_lt_gamma
2p7B,princeton-nlp/Sheared-LLaMA-2.7B,32000,gumbel,stored_gumbel_pivot,released_raw_empirical_null,h_spike_0.01,h^sp_.01,diagnostic_fixed_spike_likelihood,not_applicable,,,100,500,0.048,0.009569490597759172,-0.8512988222560236,1.0,0,24,0.048,score_gt_c_or_score_eq_c_and_u_lt_gamma
2p7B,princeton-nlp/Sheared-LLaMA-2.7B,32000,gumbel,stored_gumbel_pivot,released_watermarked,h_spike_0.01,h^sp_.01,diagnostic_fixed_spike_likelihood,not_applicable,,,100,500,0.254,0.01948659680164342,-0.8512988222560236,1.0,0,127,0.254,score_gt_c_or_score_eq_c_and_u_lt_gamma
2p7B,princeton-nlp/Sheared-LLaMA-2.7B,32000,gumbel,stored_gumbel_pivot,calibration_exact_null,h_spike_0.01,h^sp_.01,diagnostic_fixed_spike_likelihood,not_applicable,,,200,10000,0.05,0.0021795584524175416,-1.791385219950612,1.0,1,500,0.05,score_gt_c_or_score_eq_c_and_u_lt_gamma
2p7B,princeton-nlp/Sheared-LLaMA-2.7B,32000,gumbel,stored_gumbel_pivot,released_raw_empirical_null,h_spike_0.01,h^sp_.01,diagnostic_fixed_spike_likelihood,not_applicable,,,200,500,0.048,0.009569490597759172,-1.791385219950612,1.0,0,24,0.048,score_gt_c_or_score_eq_c_and_u_lt_gamma
2p7B,princeton-nlp/Sheared-LLaMA-2.7B,32000,gumbel,stored_gumbel_pivot,released_watermarked,h_spike_0.01,h^sp_.01,diagnostic_fixed_spike_likelihood,not_applicable,,,200,500,0.384,0.02177236946554712,-1.791385219950612,1.0,0,192,0.384,score_gt_c_or_score_eq_c_and_u_lt_gamma
2p7B,princeton-nlp/Sheared-LLaMA-2.7B,32000,gumbel,stored_gumbel_pivot,calibration_exact_null,h_spike_0.05,h^sp_.05,diagnostic_fixed_spike_likelihood,not_applicable,,,50,10000,0.05,0.0021795584524175416,-2.0430531581996316,1.0,1,500,0.05,score_gt_c_or_score_eq_c_and_u_lt_gamma
2p7B,princeton-nlp/Sheared-LLaMA-2.7B,32000,gumbel,stored_gumbel_pivot,released_raw_empirical_null,h_spike_0.05,h^sp_.05,diagnostic_fixed_spike_likelihood,not_applicable,,,50,500,0.058,0.010463793860924815,-2.0430531581996316,1.0,0,29,0.058,score_gt_c_or_score_eq_c_and_u_lt_gamma
2p7B,princeton-nlp/Sheared-LLaMA-2.7B,32000,gumbel,stored_gumbel_pivot,released_watermarked,h_spike_0.05,h^sp_.05,diagnostic_fixed_spike_likelihood,not_applicable,,,50,500,0.154,0.016158285192455334,-2.0430531581996316,1.0,0,77,0.154,score_gt_c_or_score_eq_c_and_u_lt_gamma
2p7B,princeton-nlp/Sheared-LLaMA-2.7B,32000,gumbel,stored_gumbel_pivot,calibration_exact_null,h_spike_0.05,h^sp_.05,diagnostic_fixed_spike_likelihood,not_applicable,,,100,10000,0.05,0.0021795584524175416,-4.431258241441369,1.0,1,500,0.05,score_gt_c_or_score_eq_c_and_u_lt_gamma
2p7B,princeton-nlp/Sheared-LLaMA-2.7B,32000,gumbel,stored_gumbel_pivot,released_raw_empirical_null,h_spike_0.05,h^sp_.05,diagnostic_fixed_spike_likelihood,not_applicable,,,100,500,0.046,0.009377840251121315,-4.431258241441369,1.0,0,23,0.046,score_gt_c_or_score_eq_c_and_u_lt_gamma
2p7B,princeton-nlp/Sheared-LLaMA-2.7B,32000,gumbel,stored_gumbel_pivot,released_watermarked,h_spike_0.05,h^sp_.05,diagnostic_fixed_spike_likelihood,not_applicable,,,100,500,0.25,0.019384310743640384,-4.431258241441369,1.0,0,125,0.25,score_gt_c_or_score_eq_c_and_u_lt_gamma
2p7B,princeton-nlp/Sheared-LLaMA-2.7B,32000,gumbel,stored_gumbel_pivot,calibration_exact_null,h_spike_0.05,h^sp_.05,diagnostic_fixed_spike_likelihood,not_applicable,,,200,10000,0.05,0.0021795584524175416,-9.315561328160692,1.0,1,500,0.05,score_gt_c_or_score_eq_c_and_u_lt_gamma
2p7B,princeton-nlp/Sheared-LLaMA-2.7B,32000,gumbel,stored_gumbel_pivot,released_raw_empirical_null,h_spike_0.05,h^sp_.05,diagnostic_fixed_spike_likelihood,not_applicable,,,200,500,0.046,0.009377840251121315,-9.315561328160692,1.0,0,23,0.046,score_gt_c_or_score_eq_c_and_u_lt_gamma
2p7B,princeton-nlp/Sheared-LLaMA-2.7B,32000,gumbel,stored_gumbel_pivot,released_watermarked,h_spike_0.05,h^sp_.05,diagnostic_fixed_spike_likelihood,not_applicable,,,200,500,0.384,0.02177236946554712,-9.315561328160692,1.0,0,192,0.384,score_gt_c_or_score_eq_c_and_u_lt_gamma
2p7B,princeton-nlp/Sheared-LLaMA-2.7B,32000,gumbel,stored_gumbel_pivot,calibration_exact_null,bayes_tokenwise,"Bayes, tokenwise Delta",bayesian,uniform,0.001,0.5,50,10000,0.05,0.0021795584524175416,-12.927441219689456,1.0,1,500,0.05,score_gt_c_or_score_eq_c_and_u_lt_gamma
2p7B,princeton-nlp/Sheared-LLaMA-2.7B,32000,gumbel,stored_gumbel_pivot,released_raw_empirical_null,bayes_tokenwise,"Bayes, tokenwise Delta",bayesian,uniform,0.001,0.5,50,500,0.06,0.010631371130019326,-12.927441219689456,1.0,0,30,0.06,score_gt_c_or_score_eq_c_and_u_lt_gamma
2p7B,princeton-nlp/Sheared-LLaMA-2.7B,32000,gumbel,stored_gumbel_pivot,released_watermarked,bayes_tokenwise,"Bayes, tokenwise Delta",bayesian,uniform,0.001,0.5,50,500,0.172,0.01689386887634749,-12.927441219689456,1.0,0,86,0.172,score_gt_c_or_score_eq_c_and_u_lt_gamma
2p7B,princeton-nlp/Sheared-LLaMA-2.7B,32000,gumbel,stored_gumbel_pivot,calibration_exact_null,bayes_tokenwise,"Bayes, tokenwise Delta",bayesian,uniform,0.001,0.5,100,10000,0.05,0.0021795584524175416,-27.672598428534215,1.0,1,500,0.05,score_gt_c_or_score_eq_c_and_u_lt_gamma
2p7B,princeton-nlp/Sheared-LLaMA-2.7B,32000,gumbel,stored_gumbel_pivot,released_raw_empirical_null,bayes_tokenwise,"Bayes, tokenwise Delta",bayesian,uniform,0.001,0.5,100,500,0.048,0.009569490597759172,-27.672598428534215,1.0,0,24,0.048,score_gt_c_or_score_eq_c_and_u_lt_gamma
2p7B,princeton-nlp/Sheared-LLaMA-2.7B,32000,gumbel,stored_gumbel_pivot,released_watermarked,bayes_tokenwise,"Bayes, tokenwise Delta",bayesian,uniform,0.001,0.5,100,500,0.29,0.020313179231745138,-27.672598428534215,1.0,0,145,0.29,score_gt_c_or_score_eq_c_and_u_lt_gamma
2p7B,princeton-nlp/Sheared-LLaMA-2.7B,32000,gumbel,stored_gumbel_pivot,calibration_exact_null,bayes_tokenwise,"Bayes, tokenwise Delta",bayesian,uniform,0.001,0.5,200,10000,0.05,0.0021795584524175416,-57.78036103622358,1.0,1,500,0.05,score_gt_c_or_score_eq_c_and_u_lt_gamma
2p7B,princeton-nlp/Sheared-LLaMA-2.7B,32000,gumbel,stored_gumbel_pivot,released_raw_empirical_null,bayes_tokenwise,"Bayes, tokenwise Delta",bayesian,uniform,0.001,0.5,200,500,0.042,0.008979602804860922,-57.78036103622358,1.0,0,21,0.042,score_gt_c_or_score_eq_c_and_u_lt_gamma
2p7B,princeton-nlp/Sheared-LLaMA-2.7B,32000,gumbel,stored_gumbel_pivot,released_watermarked,bayes_tokenwise,"Bayes, tokenwise Delta",bayesian,uniform,0.001,0.5,200,500,0.41,0.022017482578127686,-57.78036103622358,1.0,0,205,0.41,score_gt_c_or_score_eq_c_and_u_lt_gamma
2p7B,princeton-nlp/Sheared-LLaMA-2.7B,32000,gumbel,stored_gumbel_pivot,calibration_exact_null,bayes_tokenwise_dirichlet,"Bayes, tokenwise Delta + Dirichlet alpha",bayesian_dirichlet_tail,uniform,0.001,0.5,50,10000,0.05,0.0021795584524175416,-12.632343984165493,1.0,1,500,0.05,score_gt_c_or_score_eq_c_and_u_lt_gamma
2p7B,princeton-nlp/Sheared-LLaMA-2.7B,32000,gumbel,stored_gumbel_pivot,released_raw_empirical_null,bayes_tokenwise_dirichlet,"Bayes, tokenwise Delta + Dirichlet alpha",bayesian_dirichlet_tail,uniform,0.001,0.5,50,500,0.052,0.00993929470125102,-12.632343984165493,1.0,0,26,0.052,score_gt_c_or_score_eq_c_and_u_lt_gamma
2p7B,princeton-nlp/Sheared-LLaMA-2.7B,32000,gumbel,stored_gumbel_pivot,released_watermarked,bayes_tokenwise_dirichlet,"Bayes, tokenwise Delta + Dirichlet alpha",bayesian_dirichlet_tail,uniform,0.001,0.5,50,500,0.156,0.016243636028391108,-12.632343984165493,1.0,0,78,0.156,score_gt_c_or_score_eq_c_and_u_lt_gamma
2p7B,princeton-nlp/Sheared-LLaMA-2.7B,32000,gumbel,stored_gumbel_pivot,calibration_exact_null,bayes_tokenwise_dirichlet,"Bayes, tokenwise Delta + Dirichlet alpha",bayesian_dirichlet_tail,uniform,0.001,0.5,100,10000,0.05,0.0021795584524175416,-27.15250741640157,1.0,1,500,0.05,score_gt_c_or_score_eq_c_and_u_lt_gamma
2p7B,princeton-nlp/Sheared-LLaMA-2.7B,32000,gumbel,stored_gumbel_pivot,released_raw_empirical_null,bayes_tokenwise_dirichlet,"Bayes, tokenwise Delta + Dirichlet alpha",bayesian_dirichlet_tail,uniform,0.001,0.5,100,500,0.04,0.008772337648291433,-27.15250741640157,1.0,0,20,0.04,score_gt_c_or_score_eq_c_and_u_lt_gamma
2p7B,princeton-nlp/Sheared-LLaMA-2.7B,32000,gumbel,stored_gumbel_pivot,released_watermarked,bayes_tokenwise_dirichlet,"Bayes, tokenwise Delta + Dirichlet alpha",bayesian_dirichlet_tail,uniform,0.001,0.5,100,500,0.26,0.01963596552972553,-27.15250741640157,1.0,0,130,0.26,score_gt_c_or_score_eq_c_and_u_lt_gamma
2p7B,princeton-nlp/Sheared-LLaMA-2.7B,32000,gumbel,stored_gumbel_pivot,calibration_exact_null,bayes_tokenwise_dirichlet,"Bayes, tokenwise Delta + Dirichlet alpha",bayesian_dirichlet_tail,uniform,0.001,0.5,200,10000,0.05,0.002179558452417541,-56.94187474987568,1.0,1,500,0.05,score_gt_c_or_score_eq_c_and_u_lt_gamma
2p7B,princeton-nlp/Sheared-LLaMA-2.7B,32000,gumbel,stored_gumbel_pivot,released_raw_empirical_null,bayes_tokenwise_dirichlet,"Bayes, tokenwise Delta + Dirichlet alpha",bayesian_dirichlet_tail,uniform,0.001,0.5,200,500,0.044,0.009181317617116443,-56.94187474987568,1.0,0,22,0.044,score_gt_c_or_score_eq_c_and_u_lt_gamma
2p7B,princeton-nlp/Sheared-LLaMA-2.7B,32000,gumbel,stored_gumbel_pivot,released_watermarked,bayes_tokenwise_dirichlet,"Bayes, tokenwise Delta + Dirichlet alpha",bayesian_dirichlet_tail,uniform,0.001,0.5,200,500,0.378,0.02170655082451827,-56.94187474987568,1.0,0,189,0.378,score_gt_c_or_score_eq_c_and_u_lt_gamma
2p7B,princeton-nlp/Sheared-LLaMA-2.7B,32000,gumbel,stored_gumbel_pivot,calibration_exact_null,h_gum_star_0.1,"h*_gum,.1",reference_score,not_applicable,,,50,10000,0.05,0.0021795584524175416,1.3251478199694908,1.0,1,500,0.05,score_gt_c_or_score_eq_c_and_u_lt_gamma
2p7B,princeton-nlp/Sheared-LLaMA-2.7B,32000,gumbel,stored_gumbel_pivot,released_raw_empirical_null,h_gum_star_0.1,"h*_gum,.1",reference_score,not_applicable,,,50,500,0.042,0.008979602804860922,1.3251478199694908,1.0,0,21,0.042,score_gt_c_or_score_eq_c_and_u_lt_gamma
2p7B,princeton-nlp/Sheared-LLaMA-2.7B,32000,gumbel,stored_gumbel_pivot,released_watermarked,h_gum_star_0.1,"h*_gum,.1",reference_score,not_applicable,,,50,500,0.242,0.019173085678337164,1.3251478199694908,1.0,0,121,0.242,score_gt_c_or_score_eq_c_and_u_lt_gamma
2p7B,princeton-nlp/Sheared-LLaMA-2.7B,32000,gumbel,stored_gumbel_pivot,calibration_exact_null,h_gum_star_0.1,"h*_gum,.1",reference_score,not_applicable,,,100,10000,0.05,0.0021795584524175416,0.929106577525636,1.0,1,500,0.05,score_gt_c_or_score_eq_c_and_u_lt_gamma
2p7B,princeton-nlp/Sheared-LLaMA-2.7B,32000,gumbel,stored_gumbel_pivot,released_raw_empirical_null,h_gum_star_0.1,"h*_gum,.1",reference_score,not_applicable,,,100,500,0.064,0.01095664621097098,0.929106577525636,1.0,0,32,0.064,score_gt_c_or_score_eq_c_and_u_lt_gamma
2p7B,princeton-nlp/Sheared-LLaMA-2.7B,32000,gumbel,stored_gumbel_pivot,released_watermarked,h_gum_star_0.1,"h*_gum,.1",reference_score,not_applicable,,,100,500,0.33,0.021049612166134782,0.929106577525636,1.0,0,165,0.33,score_gt_c_or_score_eq_c_and_u_lt_gamma
2p7B,princeton-nlp/Sheared-LLaMA-2.7B,32000,gumbel,stored_gumbel_pivot,calibration_exact_null,h_gum_star_0.1,"h*_gum,.1",reference_score,not_applicable,,,200,10000,0.05,0.0021795584524175416,-0.2985494214508161,1.0,1,500,0.05,score_gt_c_or_score_eq_c_and_u_lt_gamma
2p7B,princeton-nlp/Sheared-LLaMA-2.7B,32000,gumbel,stored_gumbel_pivot,released_raw_empirical_null,h_gum_star_0.1,"h*_gum,.1",reference_score,not_applicable,,,200,500,0.04,0.008772337648291433,-0.2985494214508161,1.0,0,20,0.04,score_gt_c_or_score_eq_c_and_u_lt_gamma
2p7B,princeton-nlp/Sheared-LLaMA-2.7B,32000,gumbel,stored_gumbel_pivot,released_watermarked,h_gum_star_0.1,"h*_gum,.1",reference_score,not_applicable,,,200,500,0.468,0.022337186479044296,-0.2985494214508161,1.0,0,234,0.468,score_gt_c_or_score_eq_c_and_u_lt_gamma
2p7B,princeton-nlp/Sheared-LLaMA-2.7B,32000,gumbel,stored_gumbel_pivot,calibration_exact_null,bayes_shared,"Bayes, shared Delta",bayesian,uniform,0.001,0.5,50,10000,0.05,0.0021795584524175416,-3.0533889040486066,1.0,1,500,0.05,score_gt_c_or_score_eq_c_and_u_lt_gamma
2p7B,princeton-nlp/Sheared-LLaMA-2.7B,32000,gumbel,stored_gumbel_pivot,released_raw_empirical_null,bayes_shared,"Bayes, shared Delta",bayesian,uniform,0.001,0.5,50,500,0.06,0.010631371130019326,-3.0533889040486066,1.0,0,30,0.06,score_gt_c_or_score_eq_c_and_u_lt_gamma
2p7B,princeton-nlp/Sheared-LLaMA-2.7B,32000,gumbel,stored_gumbel_pivot,released_watermarked,bayes_shared,"Bayes, shared Delta",bayesian,uniform,0.001,0.5,50,500,0.154,0.016158285192455334,-3.0533889040486066,1.0,0,77,0.154,score_gt_c_or_score_eq_c_and_u_lt_gamma
2p7B,princeton-nlp/Sheared-LLaMA-2.7B,32000,gumbel,stored_gumbel_pivot,calibration_exact_null,bayes_shared,"Bayes, shared Delta",bayesian,uniform,0.001,0.5,100,10000,0.05,0.0021795584524175416,-3.8475245037726404,1.0,1,500,0.05,score_gt_c_or_score_eq_c_and_u_lt_gamma
2p7B,princeton-nlp/Sheared-LLaMA-2.7B,32000,gumbel,stored_gumbel_pivot,released_raw_empirical_null,bayes_shared,"Bayes, shared Delta",bayesian,uniform,0.001,0.5,100,500,0.046,0.009377840251121315,-3.8475245037726404,1.0,0,23,0.046,score_gt_c_or_score_eq_c_and_u_lt_gamma
2p7B,princeton-nlp/Sheared-LLaMA-2.7B,32000,gumbel,stored_gumbel_pivot,released_watermarked,bayes_shared,"Bayes, shared Delta",bayesian,uniform,0.001,0.5,100,500,0.252,0.019435727282249564,-3.8475245037726404,1.0,0,126,0.252,score_gt_c_or_score_eq_c_and_u_lt_gamma
2p7B,princeton-nlp/Sheared-LLaMA-2.7B,32000,gumbel,stored_gumbel_pivot,calibration_exact_null,bayes_shared,"Bayes, shared Delta",bayesian,uniform,0.001,0.5,200,10000,0.05,0.0021795584524175416,-4.672695618429625,1.0,1,500,0.05,score_gt_c_or_score_eq_c_and_u_lt_gamma
2p7B,princeton-nlp/Sheared-LLaMA-2.7B,32000,gumbel,stored_gumbel_pivot,released_raw_empirical_null,bayes_shared,"Bayes, shared Delta",bayesian,uniform,0.001,0.5,200,500,0.048,0.009569490597759172,-4.672695618429625,1.0,0,24,0.048,score_gt_c_or_score_eq_c_and_u_lt_gamma
2p7B,princeton-nlp/Sheared-LLaMA-2.7B,32000,gumbel,stored_gumbel_pivot,released_watermarked,bayes_shared,"Bayes, shared Delta",bayesian,uniform,0.001,0.5,200,500,0.384,0.02177236946554712,-4.672695618429625,1.0,0,192,0.384,score_gt_c_or_score_eq_c_and_u_lt_gamma
2p7B,princeton-nlp/Sheared-LLaMA-2.7B,32000,gumbel,stored_gumbel_pivot,calibration_exact_null,bayes_shared_dirichlet,"Bayes, shared Delta + Dirichlet alpha",bayesian_dirichlet_tail,uniform,0.001,0.5,50,10000,0.05,0.0021795584524175416,-3.041028546992499,1.0,1,500,0.05,score_gt_c_or_score_eq_c_and_u_lt_gamma
2p7B,princeton-nlp/Sheared-LLaMA-2.7B,32000,gumbel,stored_gumbel_pivot,released_raw_empirical_null,bayes_shared_dirichlet,"Bayes, shared Delta + Dirichlet alpha",bayesian_dirichlet_tail,uniform,0.001,0.5,50,500,0.054,0.010117941761592716,-3.041028546992499,1.0,0,27,0.054,score_gt_c_or_score_eq_c_and_u_lt_gamma
2p7B,princeton-nlp/Sheared-LLaMA-2.7B,32000,gumbel,stored_gumbel_pivot,released_watermarked,bayes_shared_dirichlet,"Bayes, shared Delta + Dirichlet alpha",bayesian_dirichlet_tail,uniform,0.001,0.5,50,500,0.14,0.015533272840269705,-3.041028546992499,1.0,0,70,0.14,score_gt_c_or_score_eq_c_and_u_lt_gamma
2p7B,princeton-nlp/Sheared-LLaMA-2.7B,32000,gumbel,stored_gumbel_pivot,calibration_exact_null,bayes_shared_dirichlet,"Bayes, shared Delta + Dirichlet alpha",bayesian_dirichlet_tail,uniform,0.001,0.5,100,10000,0.05,0.0021795584524175416,-3.8386500900961895,1.0,1,500,0.05,score_gt_c_or_score_eq_c_and_u_lt_gamma
2p7B,princeton-nlp/Sheared-LLaMA-2.7B,32000,gumbel,stored_gumbel_pivot,released_raw_empirical_null,bayes_shared_dirichlet,"Bayes, shared Delta + Dirichlet alpha",bayesian_dirichlet_tail,uniform,0.001,0.5,100,500,0.05,0.009756555783754993,-3.8386500900961895,1.0,0,25,0.05,score_gt_c_or_score_eq_c_and_u_lt_gamma
2p7B,princeton-nlp/Sheared-LLaMA-2.7B,32000,gumbel,stored_gumbel_pivot,released_watermarked,bayes_shared_dirichlet,"Bayes, shared Delta + Dirichlet alpha",bayesian_dirichlet_tail,uniform,0.001,0.5,100,500,0.26,0.01963596552972553,-3.8386500900961895,1.0,0,130,0.26,score_gt_c_or_score_eq_c_and_u_lt_gamma
2p7B,princeton-nlp/Sheared-LLaMA-2.7B,32000,gumbel,stored_gumbel_pivot,calibration_exact_null,bayes_shared_dirichlet,"Bayes, shared Delta + Dirichlet alpha",bayesian_dirichlet_tail,uniform,0.001,0.5,200,10000,0.05,0.0021795584524175416,-4.662933953155823,1.0,1,500,0.05,score_gt_c_or_score_eq_c_and_u_lt_gamma
2p7B,princeton-nlp/Sheared-LLaMA-2.7B,32000,gumbel,stored_gumbel_pivot,released_raw_empirical_null,bayes_shared_dirichlet,"Bayes, shared Delta + Dirichlet alpha",bayesian_dirichlet_tail,uniform,0.001,0.5,200,500,0.036,0.008339490043664344,-4.662933953155823,1.0,0,18,0.036,score_gt_c_or_score_eq_c_and_u_lt_gamma
2p7B,princeton-nlp/Sheared-LLaMA-2.7B,32000,gumbel,stored_gumbel_pivot,released_watermarked,bayes_shared_dirichlet,"Bayes, shared Delta + Dirichlet alpha",bayesian_dirichlet_tail,uniform,0.001,0.5,200,500,0.376,0.02168382753928621,-4.662933953155823,1.0,0,188,0.376,score_gt_c_or_score_eq_c_and_u_lt_gamma
2p7B,princeton-nlp/Sheared-LLaMA-2.7B,32000,gumbel,stored_gumbel_pivot,calibration_exact_null,bayes_shared_uniontail,"Bayes, shared Delta + union tail",bayesian_union_tail,uniform,0.001,0.5,50,10000,0.05,0.0021795584524175416,-1.2007791853395466,1.0,1,500,0.05,score_gt_c_or_score_eq_c_and_u_lt_gamma
2p7B,princeton-nlp/Sheared-LLaMA-2.7B,32000,gumbel,stored_gumbel_pivot,released_raw_empirical_null,bayes_shared_uniontail,"Bayes, shared Delta + union tail",bayesian_union_tail,uniform,0.001,0.5,50,500,0.038,0.008559118940292168,-1.2007791853395466,1.0,0,19,0.038,score_gt_c_or_score_eq_c_and_u_lt_gamma
2p7B,princeton-nlp/Sheared-LLaMA-2.7B,32000,gumbel,stored_gumbel_pivot,released_watermarked,bayes_shared_uniontail,"Bayes, shared Delta + union tail",bayesian_union_tail,uniform,0.001,0.5,50,500,0.198,0.01783895896384729,-1.2007791853395466,1.0,0,99,0.198,score_gt_c_or_score_eq_c_and_u_lt_gamma
2p7B,princeton-nlp/Sheared-LLaMA-2.7B,32000,gumbel,stored_gumbel_pivot,calibration_exact_null,bayes_shared_uniontail,"Bayes, shared Delta + union tail",bayesian_union_tail,uniform,0.001,0.5,100,10000,0.05,0.0021795584524175416,-1.8762074802616482,1.0,1,500,0.05,score_gt_c_or_score_eq_c_and_u_lt_gamma
2p7B,princeton-nlp/Sheared-LLaMA-2.7B,32000,gumbel,stored_gumbel_pivot,released_raw_empirical_null,bayes_shared_uniontail,"Bayes, shared Delta + union tail",bayesian_union_tail,uniform,0.001,0.5,100,500,0.04,0.008772337648291433,-1.8762074802616482,1.0,0,20,0.04,score_gt_c_or_score_eq_c_and_u_lt_gamma
2p7B,princeton-nlp/Sheared-LLaMA-2.7B,32000,gumbel,stored_gumbel_pivot,released_watermarked,bayes_shared_uniontail,"Bayes, shared Delta + union tail",bayesian_union_tail,uniform,0.001,0.5,100,500,0.326,0.02098400956239367,-1.8762074802616482,1.0,0,163,0.326,score_gt_c_or_score_eq_c_and_u_lt_gamma
2p7B,princeton-nlp/Sheared-LLaMA-2.7B,32000,gumbel,stored_gumbel_pivot,calibration_exact_null,bayes_shared_uniontail,"Bayes, shared Delta + union tail",bayesian_union_tail,uniform,0.001,0.5,200,10000,0.05,0.0021795584524175416,-2.4808499242231123,1.0,1,500,0.05,score_gt_c_or_score_eq_c_and_u_lt_gamma
2p7B,princeton-nlp/Sheared-LLaMA-2.7B,32000,gumbel,stored_gumbel_pivot,released_raw_empirical_null,bayes_shared_uniontail,"Bayes, shared Delta + union tail",bayesian_union_tail,uniform,0.001,0.5,200,500,0.042,0.008979602804860922,-2.4808499242231123,1.0,0,21,0.042,score_gt_c_or_score_eq_c_and_u_lt_gamma
2p7B,princeton-nlp/Sheared-LLaMA-2.7B,32000,gumbel,stored_gumbel_pivot,released_watermarked,bayes_shared_uniontail,"Bayes, shared Delta + union tail",bayesian_union_tail,uniform,0.001,0.5,200,500,0.472,0.022347949832668024,-2.4808499242231123,1.0,0,236,0.472,score_gt_c_or_score_eq_c_and_u_lt_gamma
2p7B,princeton-nlp/Sheared-LLaMA-2.7B,32000,gumbel,stored_gumbel_pivot,calibration_exact_null,trgof_s2,"Tr-GoF, s=2 (HC)",reference_score_trgof,not_applicable,,,50,10000,0.05,0.0021795584524175416,4.527952325039481,1.0,1,500,0.05,score_gt_c_or_score_eq_c_and_u_lt_gamma
2p7B,princeton-nlp/Sheared-LLaMA-2.7B,32000,gumbel,stored_gumbel_pivot,released_raw_empirical_null,trgof_s2,"Tr-GoF, s=2 (HC)",reference_score_trgof,not_applicable,,,50,500,0.038,0.008559118940292168,4.527952325039481,1.0,0,19,0.038,score_gt_c_or_score_eq_c_and_u_lt_gamma
2p7B,princeton-nlp/Sheared-LLaMA-2.7B,32000,gumbel,stored_gumbel_pivot,released_watermarked,trgof_s2,"Tr-GoF, s=2 (HC)",reference_score_trgof,not_applicable,,,50,500,0.226,0.01872295644913999,4.527952325039481,1.0,0,113,0.226,score_gt_c_or_score_eq_c_and_u_lt_gamma
2p7B,princeton-nlp/Sheared-LLaMA-2.7B,32000,gumbel,stored_gumbel_pivot,calibration_exact_null,trgof_s2,"Tr-GoF, s=2 (HC)",reference_score_trgof,not_applicable,,,100,10000,0.05,0.0021795584524175416,4.596699998222393,1.0,1,500,0.05,score_gt_c_or_score_eq_c_and_u_lt_gamma
2p7B,princeton-nlp/Sheared-LLaMA-2.7B,32000,gumbel,stored_gumbel_pivot,released_raw_empirical_null,trgof_s2,"Tr-GoF, s=2 (HC)",reference_score_trgof,not_applicable,,,100,500,0.05,0.009756555783754993,4.596699998222393,1.0,0,25,0.05,score_gt_c_or_score_eq_c_and_u_lt_gamma
2p7B,princeton-nlp/Sheared-LLaMA-2.7B,32000,gumbel,stored_gumbel_pivot,released_watermarked,trgof_s2,"Tr-GoF, s=2 (HC)",reference_score_trgof,not_applicable,,,100,500,0.45,0.022270877485360472,4.596699998222393,1.0,0,225,0.45,score_gt_c_or_score_eq_c_and_u_lt_gamma
2p7B,princeton-nlp/Sheared-LLaMA-2.7B,32000,gumbel,stored_gumbel_pivot,calibration_exact_null,trgof_s2,"Tr-GoF, s=2 (HC)",reference_score_trgof,not_applicable,,,200,10000,0.05,0.0021795584524175416,4.777605337988765,1.0,1,500,0.05,score_gt_c_or_score_eq_c_and_u_lt_gamma
2p7B,princeton-nlp/Sheared-LLaMA-2.7B,32000,gumbel,stored_gumbel_pivot,released_raw_empirical_null,trgof_s2,"Tr-GoF, s=2 (HC)",reference_score_trgof,not_applicable,,,200,500,0.054,0.010117941761592716,4.777605337988765,1.0,0,27,0.054,score_gt_c_or_score_eq_c_and_u_lt_gamma
2p7B,princeton-nlp/Sheared-LLaMA-2.7B,32000,gumbel,stored_gumbel_pivot,released_watermarked,trgof_s2,"Tr-GoF, s=2 (HC)",reference_score_trgof,not_applicable,,,200,500,0.732,0.019827714859587477,4.777605337988765,1.0,0,366,0.732,score_gt_c_or_score_eq_c_and_u_lt_gamma
2p7B,princeton-nlp/Sheared-LLaMA-2.7B,32000,inverse,formal_eta_j_over_v_minus_1,calibration_exact_null,h_neg,h_neg,reference_score,not_applicable,,,50,10000,0.05,0.0021795584524175416,-13.933908014522588,1.0,1,500,0.05,score_gt_c_or_score_eq_c_and_u_lt_gamma
2p7B,princeton-nlp/Sheared-LLaMA-2.7B,32000,inverse,formal_eta_j_over_v_minus_1,released_raw_empirical_null,h_neg,h_neg,reference_score,not_applicable,,,50,500,0.048,0.00956949059775917,-13.933908014522588,1.0,0,24,0.048,score_gt_c_or_score_eq_c_and_u_lt_gamma
2p7B,princeton-nlp/Sheared-LLaMA-2.7B,32000,inverse,formal_eta_j_over_v_minus_1,released_watermarked,h_neg,h_neg,reference_score,not_applicable,,,50,500,0.16,0.016411540980502393,-13.933908014522588,1.0,0,80,0.16,score_gt_c_or_score_eq_c_and_u_lt_gamma
2p7B,princeton-nlp/Sheared-LLaMA-2.7B,32000,inverse,formal_eta_j_over_v_minus_1,calibration_exact_null,h_neg,h_neg,reference_score,not_applicable,,,100,10000,0.05,0.0021795584524175416,-29.46679056545899,1.0,1,500,0.05,score_gt_c_or_score_eq_c_and_u_lt_gamma
2p7B,princeton-nlp/Sheared-LLaMA-2.7B,32000,inverse,formal_eta_j_over_v_minus_1,released_raw_empirical_null,h_neg,h_neg,reference_score,not_applicable,,,100,500,0.026,0.007123868260853508,-29.46679056545899,1.0,0,13,0.026,score_gt_c_or_score_eq_c_and_u_lt_gamma
2p7B,princeton-nlp/Sheared-LLaMA-2.7B,32000,inverse,formal_eta_j_over_v_minus_1,released_watermarked,h_neg,h_neg,reference_score,not_applicable,,,100,500,0.27,0.019874354831287473,-29.46679056545899,1.0,0,135,0.27,score_gt_c_or_score_eq_c_and_u_lt_gamma
2p7B,princeton-nlp/Sheared-LLaMA-2.7B,32000,inverse,formal_eta_j_over_v_minus_1,calibration_exact_null,h_neg,h_neg,reference_score,not_applicable,,,200,10000,0.05,0.0021795584524175416,-61.23762126399025,1.0,1,500,0.05,score_gt_c_or_score_eq_c_and_u_lt_gamma
2p7B,princeton-nlp/Sheared-LLaMA-2.7B,32000,inverse,formal_eta_j_over_v_minus_1,released_raw_empirical_null,h_neg,h_neg,reference_score,not_applicable,,,200,500,0.042,0.008979602804860922,-61.23762126399025,1.0,0,21,0.042,score_gt_c_or_score_eq_c_and_u_lt_gamma
2p7B,princeton-nlp/Sheared-LLaMA-2.7B,32000,inverse,formal_eta_j_over_v_minus_1,released_watermarked,h_neg,h_neg,reference_score,not_applicable,,,200,500,0.394,0.02187429930168918,-61.23762126399025,1.0,0,197,0.394,score_gt_c_or_score_eq_c_and_u_lt_gamma
2p7B,princeton-nlp/Sheared-LLaMA-2.7B,32000,inverse,formal_eta_j_over_v_minus_1,calibration_exact_null,h_dif_star_0.1,"h*_dif,.1",reference_score,not_applicable,,,50,10000,0.05,0.002179558452417541,1.5608442030358662,1.0,1,500,0.05,score_gt_c_or_score_eq_c_and_u_lt_gamma
2p7B,princeton-nlp/Sheared-LLaMA-2.7B,32000,inverse,formal_eta_j_over_v_minus_1,released_raw_empirical_null,h_dif_star_0.1,"h*_dif,.1",reference_score,not_applicable,,,50,500,0.04,0.008772337648291433,1.5608442030358662,1.0,0,20,0.04,score_gt_c_or_score_eq_c_and_u_lt_gamma
2p7B,princeton-nlp/Sheared-LLaMA-2.7B,32000,inverse,formal_eta_j_over_v_minus_1,released_watermarked,h_dif_star_0.1,"h*_dif,.1",reference_score,not_applicable,,,50,500,0.108,0.013894535480989097,1.5608442030358662,1.0,0,54,0.108,score_gt_c_or_score_eq_c_and_u_lt_gamma
2p7B,princeton-nlp/Sheared-LLaMA-2.7B,32000,inverse,formal_eta_j_over_v_minus_1,calibration_exact_null,h_dif_star_0.1,"h*_dif,.1",reference_score,not_applicable,,,100,10000,0.05,0.0021795584524175416,1.6326704967926258,1.0,1,500,0.05,score_gt_c_or_score_eq_c_and_u_lt_gamma
2p7B,princeton-nlp/Sheared-LLaMA-2.7B,32000,inverse,formal_eta_j_over_v_minus_1,released_raw_empirical_null,h_dif_star_0.1,"h*_dif,.1",reference_score,not_applicable,,,100,500,0.038,0.008559118940292168,1.6326704967926258,1.0,0,19,0.038,score_gt_c_or_score_eq_c_and_u_lt_gamma
2p7B,princeton-nlp/Sheared-LLaMA-2.7B,32000,inverse,formal_eta_j_over_v_minus_1,released_watermarked,h_dif_star_0.1,"h*_dif,.1",reference_score,not_applicable,,,100,500,0.232,0.018896193591952035,1.6326704967926258,1.0,0,116,0.232,score_gt_c_or_score_eq_c_and_u_lt_gamma
2p7B,princeton-nlp/Sheared-LLaMA-2.7B,32000,inverse,formal_eta_j_over_v_minus_1,calibration_exact_null,h_dif_star_0.1,"h*_dif,.1",reference_score,not_applicable,,,200,10000,0.05,0.0021795584524175416,-0.21009759196472577,1.0,1,500,0.05,score_gt_c_or_score_eq_c_and_u_lt_gamma
2p7B,princeton-nlp/Sheared-LLaMA-2.7B,32000,inverse,formal_eta_j_over_v_minus_1,released_raw_empirical_null,h_dif_star_0.1,"h*_dif,.1",reference_score,not_applicable,,,200,500,0.03,0.007636532803997706,-0.21009759196472577,1.0,0,15,0.03,score_gt_c_or_score_eq_c_and_u_lt_gamma
2p7B,princeton-nlp/Sheared-LLaMA-2.7B,32000,inverse,formal_eta_j_over_v_minus_1,released_watermarked,h_dif_star_0.1,"h*_dif,.1",reference_score,not_applicable,,,200,500,0.296,0.020435342091896225,-0.21009759196472577,1.0,0,148,0.296,score_gt_c_or_score_eq_c_and_u_lt_gamma
2p7B,princeton-nlp/Sheared-LLaMA-2.7B,32000,inverse,formal_eta_j_over_v_minus_1,calibration_exact_null,h_dif_star_0.01,"h*_dif,.01",reference_score,not_applicable,,,50,10000,0.05,0.0021795584524175416,0.19544029805096177,1.0,1,500,0.05,score_gt_c_or_score_eq_c_and_u_lt_gamma
2p7B,princeton-nlp/Sheared-LLaMA-2.7B,32000,inverse,formal_eta_j_over_v_minus_1,released_raw_empirical_null,h_dif_star_0.01,"h*_dif,.01",reference_score,not_applicable,,,50,500,0.04,0.008772337648291433,0.19544029805096177,1.0,0,20,0.04,score_gt_c_or_score_eq_c_and_u_lt_gamma
2p7B,princeton-nlp/Sheared-LLaMA-2.7B,32000,inverse,formal_eta_j_over_v_minus_1,released_watermarked,h_dif_star_0.01,"h*_dif,.01",reference_score,not_applicable,,,50,500,0.118,0.014441922942480794,0.19544029805096177,1.0,0,59,0.118,score_gt_c_or_score_eq_c_and_u_lt_gamma
2p7B,princeton-nlp/Sheared-LLaMA-2.7B,32000,inverse,formal_eta_j_over_v_minus_1,calibration_exact_null,h_dif_star_0.01,"h*_dif,.01",reference_score,not_applicable,,,100,10000,0.05,0.0021795584524175416,0.2991196266587171,1.0,1,500,0.05,score_gt_c_or_score_eq_c_and_u_lt_gamma
2p7B,princeton-nlp/Sheared-LLaMA-2.7B,32000,inverse,formal_eta_j_over_v_minus_1,released_raw_empirical_null,h_dif_star_0.01,"h*_dif,.01",reference_score,not_applicable,,,100,500,0.048,0.009569490597759172,0.2991196266587171,1.0,0,24,0.048,score_gt_c_or_score_eq_c_and_u_lt_gamma
2p7B,princeton-nlp/Sheared-LLaMA-2.7B,32000,inverse,formal_eta_j_over_v_minus_1,released_watermarked,h_dif_star_0.01,"h*_dif,.01",reference_score,not_applicable,,,100,500,0.262,0.019684688820194637,0.2991196266587171,1.0,0,131,0.262,score_gt_c_or_score_eq_c_and_u_lt_gamma
2p7B,princeton-nlp/Sheared-LLaMA-2.7B,32000,inverse,formal_eta_j_over_v_minus_1,calibration_exact_null,h_dif_star_0.01,"h*_dif,.01",reference_score,not_applicable,,,200,10000,0.05,0.002179558452417541,0.45854094647683846,1.0,1,500,0.05,score_gt_c_or_score_eq_c_and_u_lt_gamma
2p7B,princeton-nlp/Sheared-LLaMA-2.7B,32000,inverse,formal_eta_j_over_v_minus_1,released_raw_empirical_null,h_dif_star_0.01,"h*_dif,.01",reference_score,not_applicable,,,200,500,0.032,0.007878842066230875,0.45854094647683846,1.0,0,16,0.032,score_gt_c_or_score_eq_c_and_u_lt_gamma
2p7B,princeton-nlp/Sheared-LLaMA-2.7B,32000,inverse,formal_eta_j_over_v_minus_1,released_watermarked,h_dif_star_0.01,"h*_dif,.01",reference_score,not_applicable,,,200,500,0.346,0.021294951277234693,0.45854094647683846,1.0,0,173,0.346,score_gt_c_or_score_eq_c_and_u_lt_gamma
2p7B,princeton-nlp/Sheared-LLaMA-2.7B,32000,inverse,formal_eta_j_over_v_minus_1,calibration_exact_null,h_dif_star_0.001,"h*_dif,.001",reference_score,not_applicable,,,50,10000,0.05,0.002179558452417541,0.019803126064645803,1.0,1,500,0.05,score_gt_c_or_score_eq_c_and_u_lt_gamma
2p7B,princeton-nlp/Sheared-LLaMA-2.7B,32000,inverse,formal_eta_j_over_v_minus_1,released_raw_empirical_null,h_dif_star_0.001,"h*_dif,.001",reference_score,not_applicable,,,50,500,0.04,0.008772337648291433,0.019803126064645803,1.0,0,20,0.04,score_gt_c_or_score_eq_c_and_u_lt_gamma
2p7B,princeton-nlp/Sheared-LLaMA-2.7B,32000,inverse,formal_eta_j_over_v_minus_1,released_watermarked,h_dif_star_0.001,"h*_dif,.001",reference_score,not_applicable,,,50,500,0.118,0.014441922942480794,0.019803126064645803,1.0,0,59,0.118,score_gt_c_or_score_eq_c_and_u_lt_gamma
2p7B,princeton-nlp/Sheared-LLaMA-2.7B,32000,inverse,formal_eta_j_over_v_minus_1,calibration_exact_null,h_dif_star_0.001,"h*_dif,.001",reference_score,not_applicable,,,100,10000,0.05,0.0021795584524175416,0.03075845011838073,1.0,1,500,0.05,score_gt_c_or_score_eq_c_and_u_lt_gamma
2p7B,princeton-nlp/Sheared-LLaMA-2.7B,32000,inverse,formal_eta_j_over_v_minus_1,released_raw_empirical_null,h_dif_star_0.001,"h*_dif,.001",reference_score,not_applicable,,,100,500,0.044,0.009181317617116443,0.03075845011838073,1.0,0,22,0.044,score_gt_c_or_score_eq_c_and_u_lt_gamma
2p7B,princeton-nlp/Sheared-LLaMA-2.7B,32000,inverse,formal_eta_j_over_v_minus_1,released_watermarked,h_dif_star_0.001,"h*_dif,.001",reference_score,not_applicable,,,100,500,0.262,0.019684688820194637,0.03075845011838073,1.0,0,131,0.262,score_gt_c_or_score_eq_c_and_u_lt_gamma
2p7B,princeton-nlp/Sheared-LLaMA-2.7B,32000,inverse,formal_eta_j_over_v_minus_1,calibration_exact_null,h_dif_star_0.001,"h*_dif,.001",reference_score,not_applicable,,,200,10000,0.05,0.0021795584524175416,0.04820762665079014,1.0,1,500,0.05,score_gt_c_or_score_eq_c_and_u_lt_gamma
2p7B,princeton-nlp/Sheared-LLaMA-2.7B,32000,inverse,formal_eta_j_over_v_minus_1,released_raw_empirical_null,h_dif_star_0.001,"h*_dif,.001",reference_score,not_applicable,,,200,500,0.028,0.0073851934412260765,0.04820762665079014,1.0,0,14,0.028,score_gt_c_or_score_eq_c_and_u_lt_gamma
2p7B,princeton-nlp/Sheared-LLaMA-2.7B,32000,inverse,formal_eta_j_over_v_minus_1,released_watermarked,h_dif_star_0.001,"h*_dif,.001",reference_score,not_applicable,,,200,500,0.352,0.021380042385946048,0.04820762665079014,1.0,0,176,0.352,score_gt_c_or_score_eq_c_and_u_lt_gamma
2p7B,princeton-nlp/Sheared-LLaMA-2.7B,32000,inverse,formal_eta_j_over_v_minus_1,calibration_exact_null,bayes_tokenwise,"Bayes, tokenwise Delta",bayesian,uniform,0.001,0.5,50,10000,0.05,0.0021795584524175416,0.6198204554770856,1.0,1,500,0.05,score_gt_c_or_score_eq_c_and_u_lt_gamma
2p7B,princeton-nlp/Sheared-LLaMA-2.7B,32000,inverse,formal_eta_j_over_v_minus_1,released_raw_empirical_null,bayes_tokenwise,"Bayes, tokenwise Delta",bayesian,uniform,0.001,0.5,50,500,0.036,0.008339490043664344,0.6198204554770856,1.0,0,18,0.036,score_gt_c_or_score_eq_c_and_u_lt_gamma
2p7B,princeton-nlp/Sheared-LLaMA-2.7B,32000,inverse,formal_eta_j_over_v_minus_1,released_watermarked,bayes_tokenwise,"Bayes, tokenwise Delta",bayesian,uniform,0.001,0.5,50,500,0.12,0.014547276256845676,0.6198204554770856,1.0,0,60,0.12,score_gt_c_or_score_eq_c_and_u_lt_gamma
2p7B,princeton-nlp/Sheared-LLaMA-2.7B,32000,inverse,formal_eta_j_over_v_minus_1,calibration_exact_null,bayes_tokenwise,"Bayes, tokenwise Delta",bayesian,uniform,0.001,0.5,100,10000,0.05,0.0021795584524175416,-2.427387465999791,1.0,1,500,0.05,score_gt_c_or_score_eq_c_and_u_lt_gamma
2p7B,princeton-nlp/Sheared-LLaMA-2.7B,32000,inverse,formal_eta_j_over_v_minus_1,released_raw_empirical_null,bayes_tokenwise,"Bayes, tokenwise Delta",bayesian,uniform,0.001,0.5,100,500,0.028,0.0073851934412260765,-2.427387465999791,1.0,0,14,0.028,score_gt_c_or_score_eq_c_and_u_lt_gamma
2p7B,princeton-nlp/Sheared-LLaMA-2.7B,32000,inverse,formal_eta_j_over_v_minus_1,released_watermarked,bayes_tokenwise,"Bayes, tokenwise Delta",bayesian,uniform,0.001,0.5,100,500,0.254,0.01948659680164342,-2.427387465999791,1.0,0,127,0.254,score_gt_c_or_score_eq_c_and_u_lt_gamma
2p7B,princeton-nlp/Sheared-LLaMA-2.7B,32000,inverse,formal_eta_j_over_v_minus_1,calibration_exact_null,bayes_tokenwise,"Bayes, tokenwise Delta",bayesian,uniform,0.001,0.5,200,10000,0.05,0.0021795584524175416,-9.929151895625612,1.0,1,500,0.05,score_gt_c_or_score_eq_c_and_u_lt_gamma
2p7B,princeton-nlp/Sheared-LLaMA-2.7B,32000,inverse,formal_eta_j_over_v_minus_1,released_raw_empirical_null,bayes_tokenwise,"Bayes, tokenwise Delta",bayesian,uniform,0.001,0.5,200,500,0.028,0.0073851934412260765,-9.929151895625612,1.0,0,14,0.028,score_gt_c_or_score_eq_c_and_u_lt_gamma
2p7B,princeton-nlp/Sheared-LLaMA-2.7B,32000,inverse,formal_eta_j_over_v_minus_1,released_watermarked,bayes_tokenwise,"Bayes, tokenwise Delta",bayesian,uniform,0.001,0.5,200,500,0.374,0.021660710347204473,-9.929151895625612,1.0,0,187,0.374,score_gt_c_or_score_eq_c_and_u_lt_gamma
2p7B,princeton-nlp/Sheared-LLaMA-2.7B,32000,inverse,formal_eta_j_over_v_minus_1,calibration_exact_null,bayes_shared,"Bayes, shared Delta",bayesian,uniform,0.001,0.5,50,10000,0.05,0.0021795584524175416,0.4278096393433768,1.0,1,500,0.05,score_gt_c_or_score_eq_c_and_u_lt_gamma
2p7B,princeton-nlp/Sheared-LLaMA-2.7B,32000,inverse,formal_eta_j_over_v_minus_1,released_raw_empirical_null,bayes_shared,"Bayes, shared Delta",bayesian,uniform,0.001,0.5,50,500,0.048,0.009569490597759172,0.4278096393433768,1.0,0,24,0.048,score_gt_c_or_score_eq_c_and_u_lt_gamma
2p7B,princeton-nlp/Sheared-LLaMA-2.7B,32000,inverse,formal_eta_j_over_v_minus_1,released_watermarked,bayes_shared,"Bayes, shared Delta",bayesian,uniform,0.001,0.5,50,500,0.106,0.01378070446788779,0.4278096393433768,1.0,0,53,0.106,score_gt_c_or_score_eq_c_and_u_lt_gamma
2p7B,princeton-nlp/Sheared-LLaMA-2.7B,32000,inverse,formal_eta_j_over_v_minus_1,calibration_exact_null,bayes_shared,"Bayes, shared Delta",bayesian,uniform,0.001,0.5,100,10000,0.05,0.002179558452417541,-0.0015422426342475148,1.0,1,500,0.05,score_gt_c_or_score_eq_c_and_u_lt_gamma
2p7B,princeton-nlp/Sheared-LLaMA-2.7B,32000,inverse,formal_eta_j_over_v_minus_1,released_raw_empirical_null,bayes_shared,"Bayes, shared Delta",bayesian,uniform,0.001,0.5,100,500,0.032,0.007878842066230875,-0.0015422426342475148,1.0,0,16,0.032,score_gt_c_or_score_eq_c_and_u_lt_gamma
2p7B,princeton-nlp/Sheared-LLaMA-2.7B,32000,inverse,formal_eta_j_over_v_minus_1,released_watermarked,bayes_shared,"Bayes, shared Delta",bayesian,uniform,0.001,0.5,100,500,0.234,0.01895274156489375,-0.0015422426342475148,1.0,0,117,0.234,score_gt_c_or_score_eq_c_and_u_lt_gamma
2p7B,princeton-nlp/Sheared-LLaMA-2.7B,32000,inverse,formal_eta_j_over_v_minus_1,calibration_exact_null,bayes_shared,"Bayes, shared Delta",bayesian,uniform,0.001,0.5,200,10000,0.05,0.0021795584524175416,-0.35852915436733035,1.0,1,500,0.05,score_gt_c_or_score_eq_c_and_u_lt_gamma
2p7B,princeton-nlp/Sheared-LLaMA-2.7B,32000,inverse,formal_eta_j_over_v_minus_1,released_raw_empirical_null,bayes_shared,"Bayes, shared Delta",bayesian,uniform,0.001,0.5,200,500,0.032,0.007878842066230875,-0.35852915436733035,1.0,0,16,0.032,score_gt_c_or_score_eq_c_and_u_lt_gamma
2p7B,princeton-nlp/Sheared-LLaMA-2.7B,32000,inverse,formal_eta_j_over_v_minus_1,released_watermarked,bayes_shared,"Bayes, shared Delta",bayesian,uniform,0.001,0.5,200,500,0.336,0.021144791425048808,-0.35852915436733035,1.0,0,168,0.336,score_gt_c_or_score_eq_c_and_u_lt_gamma
2p7B,princeton-nlp/Sheared-LLaMA-2.7B,32000,inverse,formal_eta_j_over_v_minus_1,calibration_exact_null,trgof_s2,"Tr-GoF, s=2 (HC)",reference_score_trgof,not_applicable,,,50,10000,0.05,0.0021795584524175416,4.523148745988341,1.0,1,500,0.05,score_gt_c_or_score_eq_c_and_u_lt_gamma
2p7B,princeton-nlp/Sheared-LLaMA-2.7B,32000,inverse,formal_eta_j_over_v_minus_1,released_raw_empirical_null,trgof_s2,"Tr-GoF, s=2 (HC)",reference_score_trgof,not_applicable,,,50,500,0.066,0.011114633153652916,4.523148745988341,1.0,0,33,0.066,score_gt_c_or_score_eq_c_and_u_lt_gamma
2p7B,princeton-nlp/Sheared-LLaMA-2.7B,32000,inverse,formal_eta_j_over_v_minus_1,released_watermarked,trgof_s2,"Tr-GoF, s=2 (HC)",reference_score_trgof,not_applicable,,,50,500,0.178,0.017123622189062323,4.523148745988341,1.0,0,89,0.178,score_gt_c_or_score_eq_c_and_u_lt_gamma
2p7B,princeton-nlp/Sheared-LLaMA-2.7B,32000,inverse,formal_eta_j_over_v_minus_1,calibration_exact_null,trgof_s2,"Tr-GoF, s=2 (HC)",reference_score_trgof,not_applicable,,,100,10000,0.05,0.0021795584524175416,4.799967795106806,1.0,1,500,0.05,score_gt_c_or_score_eq_c_and_u_lt_gamma
2p7B,princeton-nlp/Sheared-LLaMA-2.7B,32000,inverse,formal_eta_j_over_v_minus_1,released_raw_empirical_null,trgof_s2,"Tr-GoF, s=2 (HC)",reference_score_trgof,not_applicable,,,100,500,0.048,0.009569490597759172,4.799967795106806,1.0,0,24,0.048,score_gt_c_or_score_eq_c_and_u_lt_gamma
2p7B,princeton-nlp/Sheared-LLaMA-2.7B,32000,inverse,formal_eta_j_over_v_minus_1,released_watermarked,trgof_s2,"Tr-GoF, s=2 (HC)",reference_score_trgof,not_applicable,,,100,500,0.41,0.022017482578127686,4.799967795106806,1.0,0,205,0.41,score_gt_c_or_score_eq_c_and_u_lt_gamma
2p7B,princeton-nlp/Sheared-LLaMA-2.7B,32000,inverse,formal_eta_j_over_v_minus_1,calibration_exact_null,trgof_s2,"Tr-GoF, s=2 (HC)",reference_score_trgof,not_applicable,,,200,10000,0.05,0.0021795584524175416,4.927740660499744,1.0,1,500,0.05,score_gt_c_or_score_eq_c_and_u_lt_gamma
2p7B,princeton-nlp/Sheared-LLaMA-2.7B,32000,inverse,formal_eta_j_over_v_minus_1,released_raw_empirical_null,trgof_s2,"Tr-GoF, s=2 (HC)",reference_score_trgof,not_applicable,,,200,500,0.054,0.010117941761592718,4.927740660499744,1.0,0,27,0.054,score_gt_c_or_score_eq_c_and_u_lt_gamma
2p7B,princeton-nlp/Sheared-LLaMA-2.7B,32000,inverse,formal_eta_j_over_v_minus_1,released_watermarked,trgof_s2,"Tr-GoF, s=2 (HC)",reference_score_trgof,not_applicable,,,200,500,0.676,0.020950557312477556,4.927740660499744,1.0,0,338,0.676,score_gt_c_or_score_eq_c_and_u_lt_gamma
2p7B,princeton-nlp/Sheared-LLaMA-2.7B,32000,inverse,upstream_shifted_eta_j_minus_1_over_v_minus_1,calibration_exact_null,h_neg,h_neg,reference_score,not_applicable,,,50,10000,0.05,0.0021795584524175416,-13.93409552038214,1.0,1,500,0.05,score_gt_c_or_score_eq_c_and_u_lt_gamma
2p7B,princeton-nlp/Sheared-LLaMA-2.7B,32000,inverse,upstream_shifted_eta_j_minus_1_over_v_minus_1,released_raw_empirical_null,h_neg,h_neg,reference_score,not_applicable,,,50,500,0.048,0.00956949059775917,-13.93409552038214,1.0,0,24,0.048,score_gt_c_or_score_eq_c_and_u_lt_gamma
2p7B,princeton-nlp/Sheared-LLaMA-2.7B,32000,inverse,upstream_shifted_eta_j_minus_1_over_v_minus_1,released_watermarked,h_neg,h_neg,reference_score,not_applicable,,,50,500,0.16,0.016411540980502393,-13.93409552038214,1.0,0,80,0.16,score_gt_c_or_score_eq_c_and_u_lt_gamma
2p7B,princeton-nlp/Sheared-LLaMA-2.7B,32000,inverse,upstream_shifted_eta_j_minus_1_over_v_minus_1,calibration_exact_null,h_neg,h_neg,reference_score,not_applicable,,,100,10000,0.05,0.0021795584524175416,-29.467165577178108,1.0,1,500,0.05,score_gt_c_or_score_eq_c_and_u_lt_gamma
2p7B,princeton-nlp/Sheared-LLaMA-2.7B,32000,inverse,upstream_shifted_eta_j_minus_1_over_v_minus_1,released_raw_empirical_null,h_neg,h_neg,reference_score,not_applicable,,,100,500,0.026,0.007123868260853508,-29.467165577178108,1.0,0,13,0.026,score_gt_c_or_score_eq_c_and_u_lt_gamma
2p7B,princeton-nlp/Sheared-LLaMA-2.7B,32000,inverse,upstream_shifted_eta_j_minus_1_over_v_minus_1,released_watermarked,h_neg,h_neg,reference_score,not_applicable,,,100,500,0.27,0.019874354831287473,-29.467165577178108,1.0,0,135,0.27,score_gt_c_or_score_eq_c_and_u_lt_gamma
2p7B,princeton-nlp/Sheared-LLaMA-2.7B,32000,inverse,upstream_shifted_eta_j_minus_1_over_v_minus_1,calibration_exact_null,h_neg,h_neg,reference_score,not_applicable,,,200,10000,0.05,0.0021795584524175416,-61.23787127180294,1.0,1,500,0.05,score_gt_c_or_score_eq_c_and_u_lt_gamma
2p7B,princeton-nlp/Sheared-LLaMA-2.7B,32000,inverse,upstream_shifted_eta_j_minus_1_over_v_minus_1,released_raw_empirical_null,h_neg,h_neg,reference_score,not_applicable,,,200,500,0.042,0.008979602804860922,-61.23787127180294,1.0,0,21,0.042,score_gt_c_or_score_eq_c_and_u_lt_gamma
2p7B,princeton-nlp/Sheared-LLaMA-2.7B,32000,inverse,upstream_shifted_eta_j_minus_1_over_v_minus_1,released_watermarked,h_neg,h_neg,reference_score,not_applicable,,,200,500,0.394,0.02187429930168918,-61.23787127180294,1.0,0,197,0.394,score_gt_c_or_score_eq_c_and_u_lt_gamma
2p7B,princeton-nlp/Sheared-LLaMA-2.7B,32000,inverse,upstream_shifted_eta_j_minus_1_over_v_minus_1,calibration_exact_null,h_dif_star_0.1,"h*_dif,.1",reference_score,not_applicable,,,50,10000,0.05,0.002179558452417541,1.5607563796129944,1.0,1,500,0.05,score_gt_c_or_score_eq_c_and_u_lt_gamma
2p7B,princeton-nlp/Sheared-LLaMA-2.7B,32000,inverse,upstream_shifted_eta_j_minus_1_over_v_minus_1,released_raw_empirical_null,h_dif_star_0.1,"h*_dif,.1",reference_score,not_applicable,,,50,500,0.04,0.008772337648291433,1.5607563796129944,1.0,0,20,0.04,score_gt_c_or_score_eq_c_and_u_lt_gamma
2p7B,princeton-nlp/Sheared-LLaMA-2.7B,32000,inverse,upstream_shifted_eta_j_minus_1_over_v_minus_1,released_watermarked,h_dif_star_0.1,"h*_dif,.1",reference_score,not_applicable,,,50,500,0.108,0.013894535480989097,1.5607563796129944,1.0,0,54,0.108,score_gt_c_or_score_eq_c_and_u_lt_gamma
2p7B,princeton-nlp/Sheared-LLaMA-2.7B,32000,inverse,upstream_shifted_eta_j_minus_1_over_v_minus_1,calibration_exact_null,h_dif_star_0.1,"h*_dif,.1",reference_score,not_applicable,,,100,10000,0.05,0.0021795584524175416,1.6330317592666066,1.0,1,500,0.05,score_gt_c_or_score_eq_c_and_u_lt_gamma
2p7B,princeton-nlp/Sheared-LLaMA-2.7B,32000,inverse,upstream_shifted_eta_j_minus_1_over_v_minus_1,released_raw_empirical_null,h_dif_star_0.1,"h*_dif,.1",reference_score,not_applicable,,,100,500,0.038,0.008559118940292168,1.6330317592666066,1.0,0,19,0.038,score_gt_c_or_score_eq_c_and_u_lt_gamma
2p7B,princeton-nlp/Sheared-LLaMA-2.7B,32000,inverse,upstream_shifted_eta_j_minus_1_over_v_minus_1,released_watermarked,h_dif_star_0.1,"h*_dif,.1",reference_score,not_applicable,,,100,500,0.232,0.018896193591952035,1.6330317592666066,1.0,0,116,0.232,score_gt_c_or_score_eq_c_and_u_lt_gamma
2p7B,princeton-nlp/Sheared-LLaMA-2.7B,32000,inverse,upstream_shifted_eta_j_minus_1_over_v_minus_1,calibration_exact_null,h_dif_star_0.1,"h*_dif,.1",reference_score,not_applicable,,,200,10000,0.05,0.0021795584524175416,-0.21296214457127705,1.0,1,500,0.05,score_gt_c_or_score_eq_c_and_u_lt_gamma
2p7B,princeton-nlp/Sheared-LLaMA-2.7B,32000,inverse,upstream_shifted_eta_j_minus_1_over_v_minus_1,released_raw_empirical_null,h_dif_star_0.1,"h*_dif,.1",reference_score,not_applicable,,,200,500,0.03,0.007636532803997706,-0.21296214457127705,1.0,0,15,0.03,score_gt_c_or_score_eq_c_and_u_lt_gamma
2p7B,princeton-nlp/Sheared-LLaMA-2.7B,32000,inverse,upstream_shifted_eta_j_minus_1_over_v_minus_1,released_watermarked,h_dif_star_0.1,"h*_dif,.1",reference_score,not_applicable,,,200,500,0.296,0.020435342091896225,-0.21296214457127705,1.0,0,148,0.296,score_gt_c_or_score_eq_c_and_u_lt_gamma
2p7B,princeton-nlp/Sheared-LLaMA-2.7B,32000,inverse,upstream_shifted_eta_j_minus_1_over_v_minus_1,calibration_exact_null,h_dif_star_0.01,"h*_dif,.01",reference_score,not_applicable,,,50,10000,0.05,0.0021795584524175416,0.1954385698595573,1.0,1,500,0.05,score_gt_c_or_score_eq_c_and_u_lt_gamma
2p7B,princeton-nlp/Sheared-LLaMA-2.7B,32000,inverse,upstream_shifted_eta_j_minus_1_over_v_minus_1,released_raw_empirical_null,h_dif_star_0.01,"h*_dif,.01",reference_score,not_applicable,,,50,500,0.04,0.008772337648291433,0.1954385698595573,1.0,0,20,0.04,score_gt_c_or_score_eq_c_and_u_lt_gamma
2p7B,princeton-nlp/Sheared-LLaMA-2.7B,32000,inverse,upstream_shifted_eta_j_minus_1_over_v_minus_1,released_watermarked,h_dif_star_0.01,"h*_dif,.01",reference_score,not_applicable,,,50,500,0.118,0.014441922942480794,0.1954385698595573,1.0,0,59,0.118,score_gt_c_or_score_eq_c_and_u_lt_gamma
2p7B,princeton-nlp/Sheared-LLaMA-2.7B,32000,inverse,upstream_shifted_eta_j_minus_1_over_v_minus_1,calibration_exact_null,h_dif_star_0.01,"h*_dif,.01",reference_score,not_applicable,,,100,10000,0.05,0.0021795584524175416,0.29912825024689893,1.0,1,500,0.05,score_gt_c_or_score_eq_c_and_u_lt_gamma
2p7B,princeton-nlp/Sheared-LLaMA-2.7B,32000,inverse,upstream_shifted_eta_j_minus_1_over_v_minus_1,released_raw_empirical_null,h_dif_star_0.01,"h*_dif,.01",reference_score,not_applicable,,,100,500,0.048,0.009569490597759172,0.29912825024689893,1.0,0,24,0.048,score_gt_c_or_score_eq_c_and_u_lt_gamma
2p7B,princeton-nlp/Sheared-LLaMA-2.7B,32000,inverse,upstream_shifted_eta_j_minus_1_over_v_minus_1,released_watermarked,h_dif_star_0.01,"h*_dif,.01",reference_score,not_applicable,,,100,500,0.262,0.019684688820194637,0.29912825024689893,1.0,0,131,0.262,score_gt_c_or_score_eq_c_and_u_lt_gamma
2p7B,princeton-nlp/Sheared-LLaMA-2.7B,32000,inverse,upstream_shifted_eta_j_minus_1_over_v_minus_1,calibration_exact_null,h_dif_star_0.01,"h*_dif,.01",reference_score,not_applicable,,,200,10000,0.05,0.002179558452417541,0.45886636465062475,1.0,1,500,0.05,score_gt_c_or_score_eq_c_and_u_lt_gamma
2p7B,princeton-nlp/Sheared-LLaMA-2.7B,32000,inverse,upstream_shifted_eta_j_minus_1_over_v_minus_1,released_raw_empirical_null,h_dif_star_0.01,"h*_dif,.01",reference_score,not_applicable,,,200,500,0.032,0.007878842066230875,0.45886636465062475,1.0,0,16,0.032,score_gt_c_or_score_eq_c_and_u_lt_gamma
2p7B,princeton-nlp/Sheared-LLaMA-2.7B,32000,inverse,upstream_shifted_eta_j_minus_1_over_v_minus_1,released_watermarked,h_dif_star_0.01,"h*_dif,.01",reference_score,not_applicable,,,200,500,0.346,0.021294951277234693,0.45886636465062475,1.0,0,173,0.346,score_gt_c_or_score_eq_c_and_u_lt_gamma
2p7B,princeton-nlp/Sheared-LLaMA-2.7B,32000,inverse,upstream_shifted_eta_j_minus_1_over_v_minus_1,calibration_exact_null,h_dif_star_0.001,"h*_dif,.001",reference_score,not_applicable,,,50,10000,0.05,0.002179558452417541,0.019805293101579885,1.0,1,500,0.05,score_gt_c_or_score_eq_c_and_u_lt_gamma
2p7B,princeton-nlp/Sheared-LLaMA-2.7B,32000,inverse,upstream_shifted_eta_j_minus_1_over_v_minus_1,released_raw_empirical_null,h_dif_star_0.001,"h*_dif,.001",reference_score,not_applicable,,,50,500,0.04,0.008772337648291433,0.019805293101579885,1.0,0,20,0.04,score_gt_c_or_score_eq_c_and_u_lt_gamma
2p7B,princeton-nlp/Sheared-LLaMA-2.7B,32000,inverse,upstream_shifted_eta_j_minus_1_over_v_minus_1,released_watermarked,h_dif_star_0.001,"h*_dif,.001",reference_score,not_applicable,,,50,500,0.118,0.014441922942480794,0.019805293101579885,1.0,0,59,0.118,score_gt_c_or_score_eq_c_and_u_lt_gamma
2p7B,princeton-nlp/Sheared-LLaMA-2.7B,32000,inverse,upstream_shifted_eta_j_minus_1_over_v_minus_1,calibration_exact_null,h_dif_star_0.001,"h*_dif,.001",reference_score,not_applicable,,,100,10000,0.05,0.0021795584524175416,0.030755884299906375,1.0,1,500,0.05,score_gt_c_or_score_eq_c_and_u_lt_gamma
2p7B,princeton-nlp/Sheared-LLaMA-2.7B,32000,inverse,upstream_shifted_eta_j_minus_1_over_v_minus_1,released_raw_empirical_null,h_dif_star_0.001,"h*_dif,.001",reference_score,not_applicable,,,100,500,0.044,0.009181317617116443,0.030755884299906375,1.0,0,22,0.044,score_gt_c_or_score_eq_c_and_u_lt_gamma
2p7B,princeton-nlp/Sheared-LLaMA-2.7B,32000,inverse,upstream_shifted_eta_j_minus_1_over_v_minus_1,released_watermarked,h_dif_star_0.001,"h*_dif,.001",reference_score,not_applicable,,,100,500,0.262,0.019684688820194637,0.030755884299906375,1.0,0,131,0.262,score_gt_c_or_score_eq_c_and_u_lt_gamma
2p7B,princeton-nlp/Sheared-LLaMA-2.7B,32000,inverse,upstream_shifted_eta_j_minus_1_over_v_minus_1,calibration_exact_null,h_dif_star_0.001,"h*_dif,.001",reference_score,not_applicable,,,200,10000,0.05,0.0021795584524175416,0.04821465631915826,1.0,1,500,0.05,score_gt_c_or_score_eq_c_and_u_lt_gamma
2p7B,princeton-nlp/Sheared-LLaMA-2.7B,32000,inverse,upstream_shifted_eta_j_minus_1_over_v_minus_1,released_raw_empirical_null,h_dif_star_0.001,"h*_dif,.001",reference_score,not_applicable,,,200,500,0.028,0.0073851934412260765,0.04821465631915826,1.0,0,14,0.028,score_gt_c_or_score_eq_c_and_u_lt_gamma
2p7B,princeton-nlp/Sheared-LLaMA-2.7B,32000,inverse,upstream_shifted_eta_j_minus_1_over_v_minus_1,released_watermarked,h_dif_star_0.001,"h*_dif,.001",reference_score,not_applicable,,,200,500,0.352,0.021380042385946048,0.04821465631915826,1.0,0,176,0.352,score_gt_c_or_score_eq_c_and_u_lt_gamma
2p7B,princeton-nlp/Sheared-LLaMA-2.7B,32000,inverse,upstream_shifted_eta_j_minus_1_over_v_minus_1,calibration_exact_null,bayes_tokenwise,"Bayes, tokenwise Delta",bayesian,uniform,0.001,0.5,50,10000,0.05,0.0021795584524175416,0.6198331714679729,1.0,1,500,0.05,score_gt_c_or_score_eq_c_and_u_lt_gamma
2p7B,princeton-nlp/Sheared-LLaMA-2.7B,32000,inverse,upstream_shifted_eta_j_minus_1_over_v_minus_1,released_raw_empirical_null,bayes_tokenwise,"Bayes, tokenwise Delta",bayesian,uniform,0.001,0.5,50,500,0.036,0.008339490043664344,0.6198331714679729,1.0,0,18,0.036,score_gt_c_or_score_eq_c_and_u_lt_gamma
2p7B,princeton-nlp/Sheared-LLaMA-2.7B,32000,inverse,upstream_shifted_eta_j_minus_1_over_v_minus_1,released_watermarked,bayes_tokenwise,"Bayes, tokenwise Delta",bayesian,uniform,0.001,0.5,50,500,0.12,0.014547276256845676,0.6198331714679729,1.0,0,60,0.12,score_gt_c_or_score_eq_c_and_u_lt_gamma
2p7B,princeton-nlp/Sheared-LLaMA-2.7B,32000,inverse,upstream_shifted_eta_j_minus_1_over_v_minus_1,calibration_exact_null,bayes_tokenwise,"Bayes, tokenwise Delta",bayesian,uniform,0.001,0.5,100,10000,0.05,0.0021795584524175416,-2.428311658877396,1.0,1,500,0.05,score_gt_c_or_score_eq_c_and_u_lt_gamma
2p7B,princeton-nlp/Sheared-LLaMA-2.7B,32000,inverse,upstream_shifted_eta_j_minus_1_over_v_minus_1,released_raw_empirical_null,bayes_tokenwise,"Bayes, tokenwise Delta",bayesian,uniform,0.001,0.5,100,500,0.028,0.0073851934412260765,-2.428311658877396,1.0,0,14,0.028,score_gt_c_or_score_eq_c_and_u_lt_gamma
2p7B,princeton-nlp/Sheared-LLaMA-2.7B,32000,inverse,upstream_shifted_eta_j_minus_1_over_v_minus_1,released_watermarked,bayes_tokenwise,"Bayes, tokenwise Delta",bayesian,uniform,0.001,0.5,100,500,0.254,0.01948659680164342,-2.428311658877396,1.0,0,127,0.254,score_gt_c_or_score_eq_c_and_u_lt_gamma
2p7B,princeton-nlp/Sheared-LLaMA-2.7B,32000,inverse,upstream_shifted_eta_j_minus_1_over_v_minus_1,calibration_exact_null,bayes_tokenwise,"Bayes, tokenwise Delta",bayesian,uniform,0.001,0.5,200,10000,0.05,0.0021795584524175416,-9.92733559372218,1.0,1,500,0.05,score_gt_c_or_score_eq_c_and_u_lt_gamma
2p7B,princeton-nlp/Sheared-LLaMA-2.7B,32000,inverse,upstream_shifted_eta_j_minus_1_over_v_minus_1,released_raw_empirical_null,bayes_tokenwise,"Bayes, tokenwise Delta",bayesian,uniform,0.001,0.5,200,500,0.028,0.0073851934412260765,-9.92733559372218,1.0,0,14,0.028,score_gt_c_or_score_eq_c_and_u_lt_gamma
2p7B,princeton-nlp/Sheared-LLaMA-2.7B,32000,inverse,upstream_shifted_eta_j_minus_1_over_v_minus_1,released_watermarked,bayes_tokenwise,"Bayes, tokenwise Delta",bayesian,uniform,0.001,0.5,200,500,0.374,0.021660710347204473,-9.92733559372218,1.0,0,187,0.374,score_gt_c_or_score_eq_c_and_u_lt_gamma
2p7B,princeton-nlp/Sheared-LLaMA-2.7B,32000,inverse,upstream_shifted_eta_j_minus_1_over_v_minus_1,calibration_exact_null,bayes_shared,"Bayes, shared Delta",bayesian,uniform,0.001,0.5,50,10000,0.05,0.0021795584524175416,0.4277177901013065,1.0,1,500,0.05,score_gt_c_or_score_eq_c_and_u_lt_gamma
2p7B,princeton-nlp/Sheared-LLaMA-2.7B,32000,inverse,upstream_shifted_eta_j_minus_1_over_v_minus_1,released_raw_empirical_null,bayes_shared,"Bayes, shared Delta",bayesian,uniform,0.001,0.5,50,500,0.048,0.009569490597759172,0.4277177901013065,1.0,0,24,0.048,score_gt_c_or_score_eq_c_and_u_lt_gamma
2p7B,princeton-nlp/Sheared-LLaMA-2.7B,32000,inverse,upstream_shifted_eta_j_minus_1_over_v_minus_1,released_watermarked,bayes_shared,"Bayes, shared Delta",bayesian,uniform,0.001,0.5,50,500,0.106,0.01378070446788779,0.4277177901013065,1.0,0,53,0.106,score_gt_c_or_score_eq_c_and_u_lt_gamma
2p7B,princeton-nlp/Sheared-LLaMA-2.7B,32000,inverse,upstream_shifted_eta_j_minus_1_over_v_minus_1,calibration_exact_null,bayes_shared,"Bayes, shared Delta",bayesian,uniform,0.001,0.5,100,10000,0.05,0.002179558452417541,-0.00121680924107892,1.0,1,500,0.05,score_gt_c_or_score_eq_c_and_u_lt_gamma
2p7B,princeton-nlp/Sheared-LLaMA-2.7B,32000,inverse,upstream_shifted_eta_j_minus_1_over_v_minus_1,released_raw_empirical_null,bayes_shared,"Bayes, shared Delta",bayesian,uniform,0.001,0.5,100,500,0.032,0.007878842066230875,-0.00121680924107892,1.0,0,16,0.032,score_gt_c_or_score_eq_c_and_u_lt_gamma
2p7B,princeton-nlp/Sheared-LLaMA-2.7B,32000,inverse,upstream_shifted_eta_j_minus_1_over_v_minus_1,released_watermarked,bayes_shared,"Bayes, shared Delta",bayesian,uniform,0.001,0.5,100,500,0.234,0.01895274156489375,-0.00121680924107892,1.0,0,117,0.234,score_gt_c_or_score_eq_c_and_u_lt_gamma
2p7B,princeton-nlp/Sheared-LLaMA-2.7B,32000,inverse,upstream_shifted_eta_j_minus_1_over_v_minus_1,calibration_exact_null,bayes_shared,"Bayes, shared Delta",bayesian,uniform,0.001,0.5,200,10000,0.05,0.0021795584524175416,-0.35838136876438753,1.0,1,500,0.05,score_gt_c_or_score_eq_c_and_u_lt_gamma
2p7B,princeton-nlp/Sheared-LLaMA-2.7B,32000,inverse,upstream_shifted_eta_j_minus_1_over_v_minus_1,released_raw_empirical_null,bayes_shared,"Bayes, shared Delta",bayesian,uniform,0.001,0.5,200,500,0.032,0.007878842066230875,-0.35838136876438753,1.0,0,16,0.032,score_gt_c_or_score_eq_c_and_u_lt_gamma
2p7B,princeton-nlp/Sheared-LLaMA-2.7B,32000,inverse,upstream_shifted_eta_j_minus_1_over_v_minus_1,released_watermarked,bayes_shared,"Bayes, shared Delta",bayesian,uniform,0.001,0.5,200,500,0.336,0.021144791425048808,-0.35838136876438753,1.0,0,168,0.336,score_gt_c_or_score_eq_c_and_u_lt_gamma
2p7B,princeton-nlp/Sheared-LLaMA-2.7B,32000,inverse,upstream_shifted_eta_j_minus_1_over_v_minus_1,calibration_exact_null,trgof_s2,"Tr-GoF, s=2 (HC)",reference_score_trgof,not_applicable,,,50,10000,0.05,0.0021795584524175416,4.519394175356075,1.0,1,500,0.05,score_gt_c_or_score_eq_c_and_u_lt_gamma
2p7B,princeton-nlp/Sheared-LLaMA-2.7B,32000,inverse,upstream_shifted_eta_j_minus_1_over_v_minus_1,released_raw_empirical_null,trgof_s2,"Tr-GoF, s=2 (HC)",reference_score_trgof,not_applicable,,,50,500,0.066,0.011114633153652916,4.519394175356075,1.0,0,33,0.066,score_gt_c_or_score_eq_c_and_u_lt_gamma
2p7B,princeton-nlp/Sheared-LLaMA-2.7B,32000,inverse,upstream_shifted_eta_j_minus_1_over_v_minus_1,released_watermarked,trgof_s2,"Tr-GoF, s=2 (HC)",reference_score_trgof,not_applicable,,,50,500,0.176,0.01704785202062225,4.519394175356075,1.0,0,88,0.176,score_gt_c_or_score_eq_c_and_u_lt_gamma
2p7B,princeton-nlp/Sheared-LLaMA-2.7B,32000,inverse,upstream_shifted_eta_j_minus_1_over_v_minus_1,calibration_exact_null,trgof_s2,"Tr-GoF, s=2 (HC)",reference_score_trgof,not_applicable,,,100,10000,0.05,0.0021795584524175416,4.797710850072464,1.0,1,500,0.05,score_gt_c_or_score_eq_c_and_u_lt_gamma
2p7B,princeton-nlp/Sheared-LLaMA-2.7B,32000,inverse,upstream_shifted_eta_j_minus_1_over_v_minus_1,released_raw_empirical_null,trgof_s2,"Tr-GoF, s=2 (HC)",reference_score_trgof,not_applicable,,,100,500,0.048,0.009569490597759172,4.797710850072464,1.0,0,24,0.048,score_gt_c_or_score_eq_c_and_u_lt_gamma
2p7B,princeton-nlp/Sheared-LLaMA-2.7B,32000,inverse,upstream_shifted_eta_j_minus_1_over_v_minus_1,released_watermarked,trgof_s2,"Tr-GoF, s=2 (HC)",reference_score_trgof,not_applicable,,,100,500,0.41,0.022017482578127686,4.797710850072464,1.0,0,205,0.41,score_gt_c_or_score_eq_c_and_u_lt_gamma
2p7B,princeton-nlp/Sheared-LLaMA-2.7B,32000,inverse,upstream_shifted_eta_j_minus_1_over_v_minus_1,calibration_exact_null,trgof_s2,"Tr-GoF, s=2 (HC)",reference_score_trgof,not_applicable,,,200,10000,0.05,0.0021795584524175416,4.934268063799962,1.0,1,500,0.05,score_gt_c_or_score_eq_c_and_u_lt_gamma
2p7B,princeton-nlp/Sheared-LLaMA-2.7B,32000,inverse,upstream_shifted_eta_j_minus_1_over_v_minus_1,released_raw_empirical_null,trgof_s2,"Tr-GoF, s=2 (HC)",reference_score_trgof,not_applicable,,,200,500,0.054,0.010117941761592718,4.934268063799962,1.0,0,27,0.054,score_gt_c_or_score_eq_c_and_u_lt_gamma
2p7B,princeton-nlp/Sheared-LLaMA-2.7B,32000,inverse,upstream_shifted_eta_j_minus_1_over_v_minus_1,released_watermarked,trgof_s2,"Tr-GoF, s=2 (HC)",reference_score_trgof,not_applicable,,,200,500,0.674,0.020984009562393675,4.934268063799962,1.0,0,337,0.674,score_gt_c_or_score_eq_c_and_u_lt_gamma
